id,source,model_full,variant,year,price_lacs,mileage_km,transmission,city,area,badge,rating,pics,ago,region,url,img,color,reg_city,assembly,pw_body,engine_cc,days,body,tier,posted_date,dupkey,dup,first_seen,is_new,prev_high,price_drop,flags,price_pkr
11902752,PakWheels,Suzuki Baleno,GLI,2001,10.0,266399.0,Manual,Islamabad,Islamabad,Managed by PakWheels,2.4,14.0,1m,core,https://www.pakwheels.com/used-cars/suzuki-baleno-2001-for-sale-in-islamabad-11902752,https://cache1.pakwheels.com/ad_pictures/1499/suzuki-baleno-gli-2-2001-149965197.jpg,Golden,Islamabad,Local,,1300.0,0.0006944444444444445,Hatchback,1000-1300cc,2026-09-29,suzuki baleno|2001|10.0|266399,False,2026-08-27T13:18,False,11.0,1.0,,1000000.0
12045743,PakWheels,Suzuki Alto,VXR,2021,24.75,77000.0,Manual,Islamabad,Islamabad,,,14.0,5m,core,https://www.pakwheels.com/used-cars/suzuki-alto-2021-for-sale-in-islamabad-12045743,https://cache2.pakwheels.com/ad_pictures/1521/suzuki-alto-vxr-2-2021-152157817.jpg,Silver,Islamabad,Local,Hatchback,660.0,0.0034722222222222225,Hatchback,660cc kei,2026-09-29,suzuki alto|2021|24.75|77000,False,2026-09-25T14:10,False,24.9,0.15,,2475000.0
11730132,PakWheels,Nissan March,Bolero,2003,15.75,141000.0,Automatic,Rawalpindi,Rawalpindi,,,4.0,12m,core,https://www.pakwheels.com/used-cars/nissan-march-2003-for-sale-in-rawalpindi-11730132,https://cache2.pakwheels.com/ad_pictures/1473/nissan-march-bolero-2003-147319282.jpg,Black,Lahore,Imported,Hatchback,1200.0,0.008333333333333333,Hatchback,1000-1300cc,2026-09-29,nissan march|2003|15.75|141000,False,2026-09-29T15:11,True,,,,1575000.0
11692057,PakWheels,Toyota Vitz,1 0 FL,2000,19.5,140000.0,Automatic,Rawalpindi,Rawalpindi,,,6.0,12m,core,https://www.pakwheels.com/used-cars/toyota-vitz-2000-for-sale-in-rawalpindi-11692057,https://cache2.pakwheels.com/ad_pictures/1467/toyota-vitz-1-0-fl-2000-146736580.jpg,Silver,Islamabad,Imported,Hatchback,1000.0,0.008333333333333333,Hatchback,1000-1300cc,2026-09-29,toyota vitz|2000|19.5|140000,False,2026-09-29T15:11,True,,,,1950000.0
11838145,PakWheels,Mitsubishi EK Custom,,2021,28.0,1.0,Automatic,Rawalpindi,Rawalpindi,,,17.0,12m,core,https://www.pakwheels.com/used-cars/mitsubishi-ek-custom-2021-for-sale-in-rawalpindi-11838145,https://cache2.pakwheels.com/ad_pictures/1489/mitsubishi-ek-custom-2021-148981629.jpg,Beige,Islamabad,Imported,,660.0,0.008333333333333333,Hatchback,660cc kei,2026-09-29,mitsubishi ek custom|2021|28.0|1,False,2026-09-29T15:11,True,,,mileage implausibly low,2800000.0
12065469,PakWheels,Suzuki Wagon R,VXL,2022,28.9,48500.0,Manual,Rawalpindi,Rawalpindi,,,15.0,12m,core,https://www.pakwheels.com/used-cars/suzuki-wagon-r-2022-for-sale-in-rawalpindi-12065469,https://cache2.pakwheels.com/ad_pictures/1524/suzuki-wagon-r-vxl-2022-152459602.jpg,White,Islamabad,Local,Hatchback,1000.0,0.008333333333333333,Tall-boy,660cc kei,2026-09-29,suzuki wagon r|2022|28.9|48500,False,2026-09-29T15:11,True,,,,2890000.0
11811096,PakWheels,Toyota Passo,Plus Hana,2012,24.5,135000.0,Automatic,Rawalpindi,Rawalpindi,,,12.0,22m,core,https://www.pakwheels.com/used-cars/toyota-passo-2012-for-sale-in-rawalpindi-11811096,https://cache2.pakwheels.com/ad_pictures/1485/toyota-passo-plus-hana-2012-148567550.jpg,Maroon,Sindh,Imported,Hatchback,1000.0,0.015277777777777779,Hatchback,1000-1300cc,2026-09-29,toyota passo|2012|24.5|135000,False,2026-09-29T15:11,True,,,,2450000.0
12065459,PakWheels,Suzuki Alto,VXR,2021,26.5,52165.0,Manual,Rawalpindi,Rawalpindi,,,16.0,34m,core,https://www.pakwheels.com/used-cars/suzuki-alto-2021-for-sale-in-rawalpindi-12065459,https://cache1.pakwheels.com/ad_pictures/1524/suzuki-alto-vxr-2-2021-152458963.jpg,White,Islamabad,Local,Hatchback,660.0,0.02361111111111111,Hatchback,660cc kei,2026-09-29,suzuki alto|2021|26.5|52165,False,2026-09-29T15:11,True,,,,2650000.0
12065457,PakWheels,Suzuki Wagon R,VXL,2019,26.7,100000.0,Manual,Islamabad,Islamabad,,,10.0,35m,core,https://www.pakwheels.com/used-cars/suzuki-wagon-r-2019-for-sale-in-islamabad-12065457,https://cache1.pakwheels.com/ad_pictures/1524/suzuki-wagon-r-vxl-2019-152457876.jpg,White,Islamabad,Local,Hatchback,1000.0,0.024305555555555556,Tall-boy,660cc kei,2026-09-29,suzuki wagon r|2019|26.7|100000,False,2026-09-29T15:11,True,,,,2670000.0
1119884138,OLX,Daihatsu Mira,2011,2011,23.5,,,Islamabad,"Gulshan-e-Khudadad, Islamabad",,,,36m,core,https://www.olx.com.pk/item/-iid-1119884138,https://images.olx.com.pk/thumbnails/649189699-600x450.jpeg,,,,,,0.025,Hatchback,660cc kei,2026-09-29,daihatsu mira|2011|23.5|-1,False,2026-09-29T15:11,True,,,,2350000.0
1119883263,OLX,Suzuki Alto,2007,2007,10.7,165000.0,,Islamabad,"G-9/4, Islamabad",,,,1h,core,https://www.olx.com.pk/item/-iid-1119883263,https://images.olx.com.pk/thumbnails/649184163-600x450.jpeg,,,,,,0.041666666666666664,Hatchback,660cc kei,2026-09-29,suzuki alto|2007|10.7|165000,False,2026-09-29T15:11,True,,,,1070000.0
12065347,PakWheels,Nissan March,Bolero,2006,17.2,185354.0,Automatic,Rawalpindi,Rawalpindi,,,20.0,1h,core,https://www.pakwheels.com/used-cars/nissan-march-2006-for-sale-in-rawalpindi-12065347,https://cache4.pakwheels.com/ad_pictures/1524/nissan-march-bolero-2006-152456769.jpg,Silver,Islamabad,Imported,Hatchback,1200.0,0.041666666666666664,Hatchback,1000-1300cc,2026-09-29,nissan march|2006|17.2|185354,True,2026-09-29T15:11,True,,,duplicate listing,1720000.0
12065374,PakWheels,Suzuki Kei,,2006,17.75,96500.0,Automatic,Rawalpindi,Rawalpindi,,,12.0,1h,core,https://www.pakwheels.com/used-cars/suzuki-kei-2006-for-sale-in-rawalpindi-12065374,https://cache3.pakwheels.com/ad_pictures/1524/suzuki-kei-2006-152457331.jpg,Unlisted,Lahore,Imported,,660.0,0.041666666666666664,Hatchback,660cc kei,2026-09-29,suzuki kei|2006|17.75|96500,False,2026-09-29T15:11,True,,,,1775000.0
11972123,PakWheels,Toyota Platz,F 1,2005,23.75,89000.0,Automatic,Islamabad,Islamabad,,,20.0,1h,core,https://www.pakwheels.com/used-cars/toyota-platz-2005-for-sale-in-islamabad-11972123,https://cache3.pakwheels.com/ad_pictures/1510/toyota-platz-f-1-0-2005-151027932.jpg,Silver,Islamabad,Imported,Sedan,1000.0,0.041666666666666664,Hatchback,1000-1300cc,2026-09-29,toyota platz|2005|23.75|89000,False,2026-09-09T13:31,False,24.95,1.2,,2375000.0
11835419,PakWheels,Suzuki Wagon R,T,2012,25.5,100585.0,Automatic,Islamabad,Islamabad,,,14.0,1h,core,https://www.pakwheels.com/used-cars/suzuki-wagon-r-2012-for-sale-in-islamabad-11835419,https://cache1.pakwheels.com/ad_pictures/1489/suzuki-wagon-r-t-4-2012-148938089.jpg,Black,Islamabad,Imported,Hatchback,660.0,0.041666666666666664,Tall-boy,660cc kei,2026-09-29,suzuki wagon r|2012|25.5|100585,False,2026-09-29T15:11,True,,,,2550000.0
12065323,PakWheels,Suzuki Wagon R,,2017,26.5,113000.0,Manual,Islamabad,Islamabad,,,1.0,1h,core,https://www.pakwheels.com/used-cars/suzuki-wagon-r-2017-for-sale-in-islamabad-12065323,https://cache1.pakwheels.com/ad_pictures/1524/suzuki-wagon-r-2017-152456680.jpg,White,Islamabad,Local,,1000.0,0.041666666666666664,Tall-boy,660cc kei,2026-09-29,suzuki wagon r|2017|26.5|113000,False,2026-09-29T15:11,True,,,,2650000.0
12065309,PakWheels,Suzuki Swift,,2019,26.8,84600.0,Automatic,Rawalpindi,Rawalpindi,,,12.0,1h,core,https://www.pakwheels.com/used-cars/suzuki-swift-2019-for-sale-in-rawalpindi-12065309,https://cache1.pakwheels.com/ad_pictures/1524/suzuki-swift-2019-152456186.jpg,White,Islamabad,Local,,1300.0,0.041666666666666664,Hatchback,1000-1300cc,2026-09-29,suzuki swift|2019|26.8|84600,False,2026-09-29T15:11,True,,,,2680000.0
1117300413,OLX,Toyota Passo,passo toyota auto,2015,28.0,160000.0,,Rawalpindi,"Bahria Town Phase 8, Rawalpindi",,,,1h,core,https://www.olx.com.pk/item/-iid-1117300413,https://images.olx.com.pk/thumbnails/633894367-600x450.jpeg,,,,,,0.041666666666666664,Hatchback,1000-1300cc,2026-09-29,toyota passo|2015|28.0|160000,False,2026-09-29T15:11,True,,,,2800000.0
1119504736,OLX,Toyota Vitz,2013-2016 for Sale in Islamabad,2013,28.5,186000.0,,Islamabad,"PWD Housing Scheme, Islamabad",,,,1h,core,https://www.olx.com.pk/item/-iid-1119504736,https://images.olx.com.pk/thumbnails/646930572-600x450.jpeg,,,,,,0.041666666666666664,Hatchback,1000-1300cc,2026-09-29,toyota vitz|2013|28.5|186000,False,2026-09-29T15:11,True,,,,2850000.0
1119882549,OLX,Nissan March,2006,2006,17.2,185354.0,,Rawalpindi,"Rail View Housing Society, Rawalpindi",,,,2h,core,https://www.olx.com.pk/item/-iid-1119882549,https://images.olx.com.pk/thumbnails/649180084-600x450.jpeg,,,,,,0.08333333333333333,Hatchback,1000-1300cc,2026-09-29,nissan march|2006|17.2|185354,True,2026-09-29T15:11,True,,,duplicate listing,1720000.0
1119880963,OLX,Daihatsu Mira,2007,2007,18.0,170648.0,,Islamabad,"PWD Housing Society - Block B, Islamabad",,,,2h,core,https://www.olx.com.pk/item/-iid-1119880963,https://images.olx.com.pk/thumbnails/649171160-600x450.jpeg,,,,,,0.08333333333333333,Hatchback,660cc kei,2026-09-29,daihatsu mira|2007|18.0|170648,False,2026-09-29T15:11,True,,,,1800000.0
12037378,PakWheels,Suzuki Baleno,JXL,2002,18.75,85780.0,Manual,Islamabad,Islamabad,,,20.0,2h,core,https://www.pakwheels.com/used-cars/suzuki-baleno-2002-for-sale-in-islamabad-12037378,https://cache4.pakwheels.com/ad_pictures/1520/suzuki-baleno-jxl-2002-152034359.jpg,Silver,Islamabad,Local,Sedan,1300.0,0.08333333333333333,Hatchback,1000-1300cc,2026-09-29,suzuki baleno|2002|18.75|85780,False,2026-09-29T15:11,True,,,,1875000.0
12065201,PakWheels,Suzuki Wagon R,VXR,2014,18.75,103000.0,Manual,Islamabad,Islamabad,,,12.0,2h,core,https://www.pakwheels.com/used-cars/suzuki-wagon-r-2014-for-sale-in-islamabad-12065201,https://cache2.pakwheels.com/ad_pictures/1524/suzuki-wagon-r-vxr-2014-152454926.jpg,Grey,Islamabad,Local,Hatchback,1000.0,0.08333333333333333,Tall-boy,660cc kei,2026-09-29,suzuki wagon r|2014|18.75|103000,False,2026-09-29T15:11,True,,,,1875000.0
12065046,PakWheels,Daihatsu Move,L,2014,22.5,105000.0,Automatic,Islamabad,Islamabad,,,9.0,2h,core,https://www.pakwheels.com/used-cars/daihatsu-move-2014-for-sale-in-islamabad-12065046,https://cache2.pakwheels.com/ad_pictures/1524/daihatsu-move-l-6-2014-152452356.jpg,Black,Punjab,Imported,Hatchback,660.0,0.08333333333333333,Tall-boy,660cc kei,2026-09-29,daihatsu move|2014|22.5|105000,False,2026-09-29T15:11,True,,,,2250000.0
12045187,PakWheels,Toyota Vitz,1 3 U,2007,25.45,99000.0,Automatic,Islamabad,Islamabad,,,8.0,2h,core,https://www.pakwheels.com/used-cars/toyota-vitz-2007-for-sale-in-islamabad-12045187,https://cache2.pakwheels.com/ad_pictures/1521/toyota-vitz-1-3-u-2007-152150310.jpg,Blazing Blue,Islamabad,Imported,Hatchback,1300.0,0.08333333333333333,Hatchback,1000-1300cc,2026-09-29,toyota vitz|2007|25.45|99000,False,2026-09-29T15:11,True,,,,2545000.0
1119882163,OLX,Toyota Vitz,U 1300CC 2007/12,2007,25.49,98500.0,,Islamabad,"DHA Defence Phase 1, Islamabad",,,,2h,core,https://www.olx.com.pk/item/-iid-1119882163,https://images.olx.com.pk/thumbnails/649177903-600x450.jpeg,,,,,,0.08333333333333333,Hatchback,1000-1300cc,2026-09-29,toyota vitz|2007|25.49|98500,False,2026-09-29T15:11,True,,,,2549000.0
12065156,PakWheels,Suzuki Alto,VXR,2022,26.3,81350.0,Manual,Islamabad,Islamabad,,,20.0,2h,core,https://www.pakwheels.com/used-cars/suzuki-alto-2022-for-sale-in-islamabad-12065156,https://cache3.pakwheels.com/ad_pictures/1524/suzuki-alto-vxr-2-2022-152454094.jpg,White,Islamabad,Local,Hatchback,660.0,0.08333333333333333,Hatchback,660cc kei,2026-09-29,suzuki alto|2022|26.3|81350,False,2026-09-29T15:11,True,,,,2630000.0
11808655,PakWheels,Suzuki Swift,DLX 1 3 Navigation,2018,26.99,131402.0,Manual,Islamabad,Islamabad,Managed by PakWheels,8.0,15.0,2h,core,https://www.pakwheels.com/used-cars/suzuki-swift-2018-for-sale-in-islamabad-11808655,https://cache1.pakwheels.com/ad_pictures/1485/suzuki-swift-dlx-1-3-navigation-2018-148528904.jpg,Solid White,Islamabad,Local,Hatchback,1300.0,0.08333333333333333,Hatchback,1000-1300cc,2026-09-29,suzuki swift|2018|26.99|131402,False,2026-08-27T12:46,False,26.99,,,2699000.0
12065077,PakWheels,Nissan Dayz,Highway Star,2015,27.9,121000.0,Automatic,Islamabad,Islamabad,,,17.0,2h,core,https://www.pakwheels.com/used-cars/nissan-dayz-2015-for-sale-in-islamabad-12065077,https://cache1.pakwheels.com/ad_pictures/1524/nissan-dayz-highway-star-3-2015-152452445.jpg,Red,Islamabad,Imported,Hatchback,660.0,0.08333333333333333,Hatchback,660cc kei,2026-09-29,nissan dayz|2015|27.9|121000,True,2026-09-29T15:11,True,,,duplicate listing,2790000.0
1119879712,OLX,Nissan Dayz,Highway Star 2015 Model.,2015,27.9,121000.0,,Islamabad,"Bhara kahu, Islamabad",,,,2h,core,https://www.olx.com.pk/item/-iid-1119879712,https://images.olx.com.pk/thumbnails/649163871-600x450.jpeg,,,,,,0.08333333333333333,Hatchback,660cc kei,2026-09-29,nissan dayz|2015|27.9|121000,True,2026-09-29T15:11,True,,,duplicate listing,2790000.0
12065038,PakWheels,Toyota Vitz,1 0 F,2012,28.0,210000.0,Automatic,Islamabad,Islamabad,,,12.0,2h,core,https://www.pakwheels.com/used-cars/toyota-vitz-2012-for-sale-in-islamabad-12065038,https://cache1.pakwheels.com/ad_pictures/1524/toyota-vitz-1-0-f-2012-152452125.jpg,Green,Islamabad,Imported,Hatchback,1000.0,0.08333333333333333,Hatchback,1000-1300cc,2026-09-29,toyota vitz|2012|28.0|210000,True,2026-09-29T15:11,True,,,duplicate listing,2800000.0
1119880654,OLX,Toyota Vitz,2012,2012,28.0,210000.0,,Rawalpindi,"Bahria Town - Safari Villas 3, Rawalpindi",,,,2h,core,https://www.olx.com.pk/item/-iid-1119880654,https://images.olx.com.pk/thumbnails/649169284-600x450.jpeg,,,,,,0.08333333333333333,Hatchback,1000-1300cc,2026-09-29,toyota vitz|2012|28.0|210000,True,2026-09-29T15:11,True,,,duplicate listing,2800000.0
12065091,PakWheels,Suzuki Alto,,2025,29.8,21500.0,Manual,Islamabad,Islamabad,,,7.0,2h,core,https://www.pakwheels.com/used-cars/suzuki-alto-2025-for-sale-in-islamabad-12065091,https://cache4.pakwheels.com/ad_pictures/1524/suzuki-alto-2025-152452953.jpg,White,Punjab,Local,,660.0,0.08333333333333333,Hatchback,660cc kei,2026-09-29,suzuki alto|2025|29.8|21500,False,2026-09-29T15:11,True,,,,2980000.0
11903733,PakWheels,Suzuki Alto,VXR,2010,10.95,110074.0,Manual,Rawalpindi,Rawalpindi,Managed by PakWheels,3.1,14.0,3h,core,https://www.pakwheels.com/used-cars/suzuki-alto-2010-for-sale-in-rawalpindi-11903733,https://cache2.pakwheels.com/ad_pictures/1499/suzuki-alto-vxr-2-2010-149982243.jpg,Graphite Grey,Islamabad,Local,Hatchback,1000.0,0.125,Hatchback,660cc kei,2026-09-29,suzuki alto|2010|10.95|110074,False,2026-08-27T12:46,False,11.74,0.79,,1095000.0
12019884,PakWheels,Suzuki Alto,VXR CNG,2007,11.0,77900.0,Manual,Islamabad,Islamabad,Managed by PakWheels,3.9,14.0,3h,core,https://www.pakwheels.com/used-cars/suzuki-alto-2007-for-sale-in-islamabad-12019884,https://cache1.pakwheels.com/ad_pictures/1517/suzuki-alto-vxr-cng-2007-151765114.jpg,Blue,Punjab,Local,Hatchback,1000.0,0.125,Hatchback,660cc kei,2026-09-29,suzuki alto|2007|11.0|77900,False,2026-09-21T20:51,False,11.0,,,1100000.0
11911756,PakWheels,Suzuki Alto,VXR CNG,2008,13.2,75000.0,Manual,Rawalpindi,Rawalpindi,,,17.0,3h,core,https://www.pakwheels.com/used-cars/suzuki-alto-2008-for-sale-in-rawalpindi-11911756,https://cache2.pakwheels.com/ad_pictures/1501/suzuki-alto-vxr-cng-2008-150106631.jpg,Blue,Lahore,Local,Hatchback,1000.0,0.125,Hatchback,660cc kei,2026-09-29,suzuki alto|2008|13.2|75000,False,2026-09-29T15:11,True,,,,1320000.0
12064916,PakWheels,Suzuki Swift,1 3 DLX Automatic,2013,20.2,120000.0,Automatic,Islamabad,Islamabad,,,16.0,3h,core,https://www.pakwheels.com/used-cars/suzuki-swift-2013-for-sale-in-islamabad-12064916,https://cache3.pakwheels.com/ad_pictures/1524/suzuki-swift-1-3-dlx-automatic-2013-152449983.jpg,White,Islamabad,Local,Hatchback,1300.0,0.125,Hatchback,1000-1300cc,2026-09-29,suzuki swift|2013|20.2|120000,False,2026-09-29T15:11,True,,,,2020000.0
12064874,PakWheels,Suzuki Wagon R,VXR,2016,22.65,85000.0,Manual,Rawalpindi,Rawalpindi,,,17.0,3h,core,https://www.pakwheels.com/used-cars/suzuki-wagon-r-2016-for-sale-in-rawalpindi-12064874,https://cache4.pakwheels.com/ad_pictures/1524/suzuki-wagon-r-vxr-2016-152449856.jpg,Grey,Islamabad,Local,Hatchback,1000.0,0.125,Tall-boy,660cc kei,2026-09-29,suzuki wagon r|2016|22.65|85000,False,2026-09-29T15:11,True,,,,2265000.0
12023169,PakWheels,Suzuki Wagon R,VXL,2017,24.0,92116.0,Manual,Islamabad,Islamabad,,,18.0,3h,core,https://www.pakwheels.com/used-cars/suzuki-wagon-r-2017-for-sale-in-islamabad-12023169,https://cache2.pakwheels.com/ad_pictures/1518/suzuki-wagon-r-vxl-2017-151816278.jpg,Silver,Islamabad,Local,Hatchback,1000.0,0.125,Tall-boy,660cc kei,2026-09-29,suzuki wagon r|2017|24.0|92116,False,2026-09-29T15:11,True,,,,2400000.0
1119877591,OLX,Nissan Dayz,2015,2015,25.5,83000.0,,Attock,"Kamra Road, Attock",,,,3h,near,https://www.olx.com.pk/item/-iid-1119877591,https://images.olx.com.pk/thumbnails/649151430-600x450.jpeg,,,,,,0.125,Hatchback,660cc kei,2026-09-29,nissan dayz|2015|25.5|83000,False,2026-09-29T15:11,True,,,outside city - Wah/Taxila/Attock/Jhelum area,2550000.0
11975453,PakWheels,Suzuki Wagon R,VXR,2021,25.8,81000.0,Manual,Islamabad,Islamabad,,,7.0,3h,core,https://www.pakwheels.com/used-cars/suzuki-wagon-r-2021-for-sale-in-islamabad-11975453,https://cache1.pakwheels.com/ad_pictures/1510/suzuki-wagon-r-vxr-2021-151081679.jpg,White,Punjab,Local,Hatchback,1000.0,0.125,Tall-boy,660cc kei,2026-09-29,suzuki wagon r|2021|25.8|81000,False,2026-09-09T23:28,False,25.8,,,2580000.0
12064821,PakWheels,Toyota Vitz,1 0 F,2005,26.0,150000.0,Automatic,Rawalpindi,Rawalpindi,,,7.0,3h,core,https://www.pakwheels.com/used-cars/toyota-vitz-2005-for-sale-in-rawalpindi-12064821,https://cache3.pakwheels.com/ad_pictures/1524/toyota-vitz-1-0-f-2005-152448590.jpg,White,Islamabad,Imported,Hatchback,1000.0,0.125,Hatchback,1000-1300cc,2026-09-29,toyota vitz|2005|26.0|150000,False,2026-09-29T15:11,True,,,,2600000.0
12064867,PakWheels,Suzuki Alto,VXR,2022,27.5,45000.0,Manual,Rawalpindi,Rawalpindi,,,15.0,3h,core,https://www.pakwheels.com/used-cars/suzuki-alto-2022-for-sale-in-rawalpindi-12064867,https://cache1.pakwheels.com/ad_pictures/1524/suzuki-alto-vxr-2-2022-152449530.jpg,Silver,Islamabad,Local,Hatchback,1000.0,0.125,Hatchback,660cc kei,2026-09-29,suzuki alto|2022|27.5|45000,False,2026-09-29T15:11,True,,,,2750000.0
12064919,PakWheels,Suzuki Wagon R,VXL,2018,28.25,26000.0,Manual,Rawalpindi,Rawalpindi,,,17.0,3h,core,https://www.pakwheels.com/used-cars/suzuki-wagon-r-2018-for-sale-in-rawalpindi-12064919,https://cache2.pakwheels.com/ad_pictures/1524/suzuki-wagon-r-vxl-2018-152451210.jpg,White,Islamabad,Local,Hatchback,1000.0,0.125,Tall-boy,660cc kei,2026-09-29,suzuki wagon r|2018|28.25|26000,False,2026-09-29T15:11,True,,,,2825000.0
12064762,PakWheels,Toyota Passo,1 0 X,2014,29.0,207868.0,Automatic,Islamabad,Islamabad,Managed by PakWheels,8.4,14.0,3h,core,https://www.pakwheels.com/used-cars/toyota-passo-2014-for-sale-in-islamabad-12064762,https://cache3.pakwheels.com/ad_pictures/1524/toyota-passo-1-0-x-2014-152448326.jpg,Silver,Islamabad,Imported,Hatchback,1000.0,0.125,Hatchback,1000-1300cc,2026-09-29,toyota passo|2014|29.0|207868,False,2026-09-29T15:11,True,,,,2900000.0
11978277,PakWheels,Toyota Vitz,F M Package,2012,29.5,110000.0,Automatic,Islamabad,Islamabad,,,17.0,3h,core,https://www.pakwheels.com/used-cars/toyota-vitz-2012-for-sale-in-islamabad-11978277,https://cache3.pakwheels.com/ad_pictures/1511/toyota-vitz-f-m-package-2012-151124321.jpg,Grey,Islamabad,Imported,Hatchback,1000.0,0.125,Hatchback,1000-1300cc,2026-09-29,toyota vitz|2012|29.5|110000,False,2026-09-29T15:11,True,,,,2950000.0
1118998111,OLX,Toyota Passo,2015,2015,29.95,112000.0,,Islamabad,"Jhangi Syedan, Islamabad",,,,3h,core,https://www.olx.com.pk/item/-iid-1118998111,https://images.olx.com.pk/thumbnails/644011377-600x450.jpeg,,,,,,0.125,Hatchback,1000-1300cc,2026-09-29,toyota passo|2015|29.95|112000,False,2026-09-29T15:11,True,,,,2995000.0
12064545,PakWheels,Suzuki Alto,,2006,9.2,102000.0,Manual,Islamabad,Islamabad,,,8.0,4h,core,https://www.pakwheels.com/used-cars/suzuki-alto-2006-for-sale-in-islamabad-12064545,https://cache3.pakwheels.com/ad_pictures/1524/suzuki-alto-2006-152444750.jpg,White,Islamabad,Local,,1000.0,0.16666666666666666,Hatchback,660cc kei,2026-09-29,suzuki alto|2006|9.2|102000,False,2026-09-29T15:11,True,,,,920000.0
11697832,PakWheels,Suzuki Alto,VX CNG,2003,10.45,200000.0,Manual,Rawalpindi,Rawalpindi,,,4.0,4h,core,https://www.pakwheels.com/used-cars/suzuki-alto-2003-for-sale-in-rawalpindi-11697832,https://cache4.pakwheels.com/ad_pictures/1468/suzuki-alto-vx-cng-2003-146821535.jpg,Silky Silver,Rawalpindi,Local,Hatchback,1000.0,0.16666666666666666,Hatchback,660cc kei,2026-09-29,suzuki alto|2003|10.45|200000,False,2026-09-29T15:11,True,,,,1045000.0
12064646,PakWheels,Suzuki Alto,VXR,2008,10.8,250000.0,Manual,Islamabad,Islamabad,,,8.0,4h,core,https://www.pakwheels.com/used-cars/suzuki-alto-2008-for-sale-in-islamabad-12064646,https://cache4.pakwheels.com/ad_pictures/1524/suzuki-alto-vxr-2-2008-152446358.jpg,White,Lahore,Local,Hatchback,1000.0,0.16666666666666666,Hatchback,660cc kei,2026-09-29,suzuki alto|2008|10.8|250000,False,2026-09-29T15:11,True,,,,1080000.0
12064698,PakWheels,Suzuki Baleno,JXR,2005,12.8,80000.0,Manual,Rawalpindi,Rawalpindi,,,20.0,4h,core,https://www.pakwheels.com/used-cars/suzuki-baleno-2005-for-sale-in-rawalpindi-12064698,https://cache3.pakwheels.com/ad_pictures/1524/suzuki-baleno-jxr-2005-152446676.jpg,Silver,Lahore,Imported,Sedan,1300.0,0.16666666666666666,Hatchback,1000-1300cc,2026-09-29,suzuki baleno|2005|12.8|80000,False,2026-09-29T15:11,True,,,,1280000.0
12064681,PakWheels,Suzuki Alto,G,2006,18.15,200000.0,Automatic,Rawalpindi,Rawalpindi,,,15.0,4h,core,https://www.pakwheels.com/used-cars/suzuki-alto-2006-for-sale-in-rawalpindi-12064681,https://cache1.pakwheels.com/ad_pictures/1524/suzuki-alto-g-4-2006-152446855.jpg,Air blue,Lahore,Imported,Hatchback,660.0,0.16666666666666666,Hatchback,660cc kei,2026-09-29,suzuki alto|2006|18.15|200000,False,2026-09-29T15:11,True,,,,1815000.0
12064597,PakWheels,Toyota Passo,1 0 Plus Hana,2010,21.8,200000.0,Automatic,Islamabad,Islamabad,,,8.0,4h,core,https://www.pakwheels.com/used-cars/toyota-passo-2010-for-sale-in-islamabad-12064597,https://cache2.pakwheels.com/ad_pictures/1524/toyota-passo-1-0-plus-hana-2010-152445625.jpg,Bronze,Karachi,Imported,Hatchback,1000.0,0.16666666666666666,Hatchback,1000-1300cc,2026-09-29,toyota passo|2010|21.8|200000,False,2026-09-29T15:11,True,,,,2180000.0
12064726,PakWheels,Suzuki Alto,VXR,2020,22.89,139500.0,Manual,Islamabad,Islamabad,,,6.0,4h,core,https://www.pakwheels.com/used-cars/suzuki-alto-2020-for-sale-in-islamabad-12064726,https://cache2.pakwheels.com/ad_pictures/1524/suzuki-alto-vxr-2-2020-152447522.jpg,Grey,Punjab,Local,Hatchback,1000.0,0.16666666666666666,Hatchback,660cc kei,2026-09-29,suzuki alto|2020|22.89|139500,False,2026-09-29T15:11,True,,,,2289000.0
12064610,PakWheels,Toyota Vitz,B Intelligent Package,2009,23.0,193000.0,Automatic,Islamabad,Islamabad,,,6.0,4h,core,https://www.pakwheels.com/used-cars/toyota-vitz-2009-for-sale-in-islamabad-12064610,https://cache2.pakwheels.com/ad_pictures/1524/toyota-vitz-b-intelligent-package-2009-152445568.jpg,Silver,Sindh,Imported,Hatchback,1000.0,0.16666666666666666,Hatchback,1000-1300cc,2026-09-29,toyota vitz|2009|23.0|193000,False,2026-09-29T15:11,True,,,,2300000.0
1119850408,OLX,Nissan Dayz,2014 – Islamabad Registered,2014,24.75,110000.0,,Islamabad,"G-9/4, Islamabad",,,,4h,core,https://www.olx.com.pk/item/-iid-1119850408,https://images.olx.com.pk/thumbnails/648993449-600x450.jpeg,,,,,,0.16666666666666666,Hatchback,660cc kei,2026-09-29,nissan dayz|2014|24.75|110000,True,2026-09-29T15:11,True,,,duplicate listing,2475000.0
12064538,PakWheels,Suzuki Wagon R,VXL,2018,24.9,90095.0,Manual,Islamabad,Islamabad,,,8.0,4h,core,https://www.pakwheels.com/used-cars/suzuki-wagon-r-2018-for-sale-in-islamabad-12064538,https://cache1.pakwheels.com/ad_pictures/1524/suzuki-wagon-r-vxl-2018-152444535.jpg,White,Lahore,Local,Hatchback,1000.0,0.16666666666666666,Tall-boy,660cc kei,2026-09-29,suzuki wagon r|2018|24.9|90095,False,2026-09-29T15:11,True,,,,2490000.0
12064631,PakWheels,Suzuki Alto,VXR,2020,25.5,45000.0,Manual,Rawalpindi,Rawalpindi,,,16.0,4h,core,https://www.pakwheels.com/used-cars/suzuki-alto-2020-for-sale-in-rawalpindi-12064631,https://cache4.pakwheels.com/ad_pictures/1524/suzuki-alto-vxr-2-2020-152446072.jpg,Silver,Islamabad,Local,Hatchback,660.0,0.16666666666666666,Hatchback,660cc kei,2026-09-29,suzuki alto|2020|25.5|45000,False,2026-09-29T15:11,True,,,,2550000.0
1118558320,OLX,Suzuki Hustler,2015,2015,25.5,126000.0,,Rawalpindi,"Stadium Road, Rawalpindi",,,,4h,core,https://www.olx.com.pk/item/-iid-1118558320,https://images.olx.com.pk/thumbnails/641288338-600x450.jpeg,,,,,,0.16666666666666666,Tall-boy,660cc kei,2026-09-29,suzuki hustler|2015|25.5|126000,False,2026-09-29T15:11,True,,,,2550000.0
12059235,PakWheels,Toyota Passo,1 0 X,2011,25.9,85000.0,Automatic,Islamabad,Islamabad,,,11.0,4h,core,https://www.pakwheels.com/used-cars/toyota-passo-2011-for-sale-in-islamabad-12059235,https://cache2.pakwheels.com/ad_pictures/1523/toyota-passo-1-0-x-2011-152364289.jpg,White,Islamabad,Imported,Hatchback,1000.0,0.16666666666666666,Hatchback,1000-1300cc,2026-09-29,toyota passo|2011|25.9|85000,False,2026-09-29T15:11,True,,,,2590000.0
12063558,PakWheels,Suzuki Alto,VXR,2025,29.3,33000.0,Manual,Islamabad,Islamabad,,,4.0,4h,core,https://www.pakwheels.com/used-cars/suzuki-alto-2025-for-sale-in-islamabad-12063558,https://cache4.pakwheels.com/ad_pictures/1524/suzuki-alto-vxr-2-2025-152431342.jpg,White,Islamabad,Local,Hatchback,660.0,0.16666666666666666,Hatchback,660cc kei,2026-09-29,suzuki alto|2025|29.3|33000,False,2026-09-29T15:11,True,,,,2930000.0
1119877165,OLX,Toyota Passo,"2014, 2016 Import First Owner",2014,30.0,187000.0,,Islamabad,"Ghauri Town, Islamabad",,,,4h,core,https://www.olx.com.pk/item/-iid-1119877165,https://images.olx.com.pk/thumbnails/649148933-600x450.jpeg,,,,,,0.16666666666666666,Hatchback,1000-1300cc,2026-09-29,toyota passo|2014|30.0|187000,False,2026-09-29T15:11,True,,,,3000000.0
12064503,PakWheels,Suzuki Alto,VXR,2004,9.25,214944.0,Manual,Islamabad,Islamabad,,,12.0,5h,core,https://www.pakwheels.com/used-cars/suzuki-alto-2004-for-sale-in-islamabad-12064503,https://cache1.pakwheels.com/ad_pictures/1524/suzuki-alto-vxr-2-2004-152443833.jpg,White,Islamabad,Local,Hatchback,1000.0,0.20833333333333331,Hatchback,660cc kei,2026-09-29,suzuki alto|2004|9.25|214944,False,2026-09-29T15:11,True,,,,925000.0
12064534,PakWheels,Suzuki Baleno,,1999,9.9,90000.0,Manual,Rawalpindi,Rawalpindi,,,20.0,5h,core,https://www.pakwheels.com/used-cars/suzuki-baleno-1999-for-sale-in-rawalpindi-12064534,https://cache2.pakwheels.com/ad_pictures/1524/suzuki-baleno-1999-152444560.jpg,White,Islamabad,Local,,1300.0,0.20833333333333331,Hatchback,1000-1300cc,2026-09-29,suzuki baleno|1999|9.9|90000,False,2026-09-29T15:11,True,,,,990000.0
12064395,PakWheels,Suzuki Wagon R,FX Limited,2013,23.5,124853.0,Automatic,Rawalpindi,Rawalpindi,,,10.0,6h,core,https://www.pakwheels.com/used-cars/suzuki-wagon-r-2013-for-sale-in-rawalpindi-12064395,https://cache2.pakwheels.com/ad_pictures/1524/suzuki-wagon-r-fx-limited-2013-152442496.jpg,Burgundy,Lahore,Imported,Hatchback,660.0,0.25,Tall-boy,660cc kei,2026-09-29,suzuki wagon r|2013|23.5|124853,False,2026-09-29T15:11,True,,,,2350000.0
11888722,PakWheels,Suzuki Swift,1 3L DLX,2011,20.0,185607.0,Manual,Rawalpindi,Rawalpindi,,,9.0,8h,core,https://www.pakwheels.com/used-cars/suzuki-swift-2011-for-sale-in-rawalpindi-11888722,https://cache4.pakwheels.com/ad_pictures/1497/suzuki-swift-1-3l-dlx-2011-149748710.jpg,Grey,Islamabad,Imported,Hatchback,1300.0,0.3333333333333333,Hatchback,1000-1300cc,2026-09-29,suzuki swift|2011|20.0|185607,False,2026-09-29T15:11,True,,,,2000000.0
11940107,PakWheels,Suzuki Alto,VXR,2024,28.65,74000.0,Manual,Rawalpindi,Rawalpindi,,,11.0,8h,core,https://www.pakwheels.com/used-cars/suzuki-alto-2024-for-sale-in-rawalpindi-11940107,https://cache3.pakwheels.com/ad_pictures/1505/suzuki-alto-vxr-2-2024-150534161.jpg,Grey,Islamabad,Local,Hatchback,660.0,0.3333333333333333,Hatchback,660cc kei,2026-09-29,suzuki alto|2024|28.65|74000,False,2026-09-29T15:11,True,,,,2865000.0
12050894,PakWheels,Suzuki Alto,VXR,2003,8.5,100000.0,Manual,Rawalpindi,Rawalpindi,,,8.0,12h,core,https://www.pakwheels.com/used-cars/suzuki-alto-2003-for-sale-in-rawalpindi-12050894,https://cache1.pakwheels.com/ad_pictures/1522/suzuki-alto-vxr-2-2003-152235676.jpg,White,Rawalpindi,Local,Hatchback,1000.0,0.5,Hatchback,660cc kei,2026-09-29,suzuki alto|2003|8.5|100000,False,2026-09-26T14:00,False,8.5,,,850000.0
12057601,PakWheels,Suzuki Wagon R,VXR,2018,23.5,140000.0,Manual,Islamabad,Islamabad,,,12.0,12h,core,https://www.pakwheels.com/used-cars/suzuki-wagon-r-2018-for-sale-in-islamabad-12057601,https://cache1.pakwheels.com/ad_pictures/1523/suzuki-wagon-r-vxr-2018-152339224.jpg,White,Islamabad,Local,Hatchback,1000.0,0.5,Tall-boy,660cc kei,2026-09-29,suzuki wagon r|2018|23.5|140000,False,2026-09-29T15:11,True,,,,2350000.0
11929577,PakWheels,Mitsubishi EK Wagon,E,2016,26.0,141000.0,Automatic,Islamabad,Islamabad,,,8.0,12h,core,https://www.pakwheels.com/used-cars/mitsubishi-ek-wagon-2016-for-sale-in-islamabad-11929577,https://cache1.pakwheels.com/ad_pictures/1503/mitsubishi-ek-wagon-e-10-2016-150378733.jpg,Black,Islamabad,Imported,Hatchback,660.0,0.5,Hatchback,660cc kei,2026-09-29,mitsubishi ek wagon|2016|26.0|141000,False,2026-08-30T15:03,False,26.5,0.5,,2600000.0
12056309,PakWheels,Suzuki Alto,E,2007,13.0,100000.0,Automatic,Rawalpindi,Rawalpindi,,,12.0,13h,core,https://www.pakwheels.com/used-cars/suzuki-alto-2007-for-sale-in-rawalpindi-12056309,https://cache4.pakwheels.com/ad_pictures/1523/suzuki-alto-e-2007-152318420.jpg,White,Islamabad,Imported,Hatchback,660.0,0.5416666666666666,Hatchback,660cc kei,2026-09-29,suzuki alto|2007|13.0|100000,False,2026-09-29T15:11,True,,,,1300000.0
12055965,PakWheels,Toyota Vitz,1 3 U,2009,21.5,187500.0,Automatic,Islamabad,Islamabad,,,20.0,13h,core,https://www.pakwheels.com/used-cars/toyota-vitz-2009-for-sale-in-islamabad-12055965,https://cache2.pakwheels.com/ad_pictures/1523/toyota-vitz-1-3-u-2009-152313065.jpg,Silver,Lahore,Imported,Hatchback,1300.0,0.5416666666666666,Hatchback,1000-1300cc,2026-09-29,toyota vitz|2009|21.5|187500,False,2026-09-27T14:38,False,22.0,0.5,,2150000.0
12064040,PakWheels,Suzuki Wagon R,VXL,2017,22.2,200000.0,Manual,Islamabad,Islamabad,,,11.0,13h,core,https://www.pakwheels.com/used-cars/suzuki-wagon-r-2017-for-sale-in-islamabad-12064040,https://cache2.pakwheels.com/ad_pictures/1524/suzuki-wagon-r-vxl-2017-152437682.jpg,White,Islamabad,Local,Hatchback,1000.0,0.5416666666666666,Tall-boy,660cc kei,2026-09-29,suzuki wagon r|2017|22.2|200000,False,2026-09-29T15:11,True,,,,2220000.0
12064127,PakWheels,Suzuki Swift,1 3L DLX,2014,23.85,110000.0,Manual,Islamabad,Islamabad,,,10.0,13h,core,https://www.pakwheels.com/used-cars/suzuki-swift-2014-for-sale-in-islamabad-12064127,https://cache2.pakwheels.com/ad_pictures/1524/suzuki-swift-1-3l-dlx-2014-152438838.jpg,Grey,Islamabad,Local,Hatchback,1300.0,0.5416666666666666,Hatchback,1000-1300cc,2026-09-29,suzuki swift|2014|23.85|110000,False,2026-09-29T15:11,True,,,,2385000.0
1119871108,OLX,Toyota Belta,2012,2012,25.75,120000.0,,Rawalpindi,"French Housing Society, Rawalpindi",,,,13h,core,https://www.olx.com.pk/item/-iid-1119871108,https://images.olx.com.pk/thumbnails/649113603-600x450.jpeg,,,,,,0.5416666666666666,Hatchback,1000-1300cc,2026-09-29,toyota belta|2012|25.75|120000,False,2026-09-29T15:11,True,,,,2575000.0
1116625715,OLX,Toyota Vitz,2007,2007,29.0,120000.0,,Rawalpindi,"Westridge, Rawalpindi",,,,13h,core,https://www.olx.com.pk/item/-iid-1116625715,https://images.olx.com.pk/thumbnails/629935486-600x450.jpeg,,,,,,0.5416666666666666,Hatchback,1000-1300cc,2026-09-29,toyota vitz|2007|29.0|120000,True,2026-09-24T13:49,False,29.0,,duplicate listing,2900000.0
1119869473,OLX,Toyota Vitz,2002,2002,16.0,200000.0,,Islamabad,"Faisal Town Phase 1, Islamabad",,,,14h,core,https://www.olx.com.pk/item/-iid-1119869473,https://images.olx.com.pk/thumbnails/649103668-600x450.jpeg,,,,,,0.5833333333333333,Hatchback,1000-1300cc,2026-09-29,toyota vitz|2002|16.0|200000,False,2026-09-29T15:11,True,,,,1600000.0
11744548,PakWheels,Suzuki Swift,1 3 DX,2011,20.49,90000.0,Manual,Islamabad,Islamabad,,,20.0,14h,core,https://www.pakwheels.com/used-cars/suzuki-swift-2011-for-sale-in-islamabad-11744548,https://cache2.pakwheels.com/ad_pictures/1475/suzuki-swift-1-3-dx-2011-147541026.jpg,Grey,Punjab,Local,Hatchback,1300.0,0.5833333333333333,Hatchback,1000-1300cc,2026-09-29,suzuki swift|2011|20.49|90000,False,2026-09-29T15:11,True,,,,2049000.0
12056982,PakWheels,Toyota Passo,X V Package,2013,29.5,169000.0,Automatic,Islamabad,Islamabad,,,10.0,14h,core,https://www.pakwheels.com/used-cars/toyota-passo-2013-for-sale-in-islamabad-12056982,https://cache4.pakwheels.com/ad_pictures/1523/toyota-passo-x-v-package-2013-152329408.jpg,Silver,Islamabad,Imported,Hatchback,1000.0,0.5833333333333333,Hatchback,1000-1300cc,2026-09-29,toyota passo|2013|29.5|169000,True,2026-09-27T21:48,False,29.5,,duplicate listing,2950000.0
12063816,PakWheels,Suzuki Alto,VXR,2000,8.75,236190.0,Manual,Rawalpindi,Rawalpindi,,,7.0,15h,core,https://www.pakwheels.com/used-cars/suzuki-alto-2000-for-sale-in-rawalpindi-12063816,https://cache1.pakwheels.com/ad_pictures/1524/suzuki-alto-vxr-2-2000-152433690.jpg,Green,Rawalpindi,Imported,Hatchback,1000.0,0.625,Hatchback,660cc kei,2026-09-29,suzuki alto|2000|8.75|236190,False,2026-09-29T00:32,False,8.75,,,875000.0
11556862,PakWheels,Mazda Carol,G,2008,20.0,10000.0,Automatic,Rawalpindi,Rawalpindi,,,12.0,15h,core,https://www.pakwheels.com/used-cars/mazda-carol-2008-for-sale-in-rawalpindi-11556862,https://cache3.pakwheels.com/ad_pictures/1447/mazda-carol-g-46-2008-144701838.jpg,Silky Silver Metallic,Islamabad,Imported,Hatchback,660.0,0.625,Hatchback,660cc kei,2026-09-29,mazda carol|2008|20.0|10000,False,2026-09-29T00:32,False,20.0,,,2000000.0
12063818,PakWheels,Suzuki Swift,1 3L DLX,2015,24.8,115000.0,Manual,Islamabad,Islamabad,,,9.0,15h,core,https://www.pakwheels.com/used-cars/suzuki-swift-2015-for-sale-in-islamabad-12063818,https://cache2.pakwheels.com/ad_pictures/1524/suzuki-swift-1-3l-dlx-2015-152434813.jpg,White,Punjab,Local,Hatchback,1300.0,0.625,Hatchback,1000-1300cc,2026-09-29,suzuki swift|2015|24.8|115000,False,2026-09-29T00:32,False,24.8,,,2480000.0
12063900,PakWheels,Honda N Box,,2015,27.5,12543.0,Automatic,Islamabad,Islamabad,,,2.0,15h,core,https://www.pakwheels.com/used-cars/honda-n-box-2015-for-sale-in-islamabad-12063900,https://cache1.pakwheels.com/ad_pictures/1524/honda-n-box-2015-152435833.jpg,Red,Lahore,Imported,,660.0,0.625,Tall-boy,660cc kei,2026-09-29,honda n box|2015|27.5|12543,False,2026-09-29T00:32,False,27.5,,,2750000.0
11751061,PakWheels,Suzuki Swift,,1993,6.0,1.0,Manual,Rawalpindi,Rawalpindi,,,10.0,16h,core,https://www.pakwheels.com/used-cars/suzuki-swift-1993-for-sale-in-rawalpindi-11751061,https://cache3.pakwheels.com/ad_pictures/1476/suzuki-swift-1993-147642759.jpg,White,Islamabad,Imported,,1000.0,0.6666666666666666,Hatchback,1000-1300cc,2026-09-28,suzuki swift|1993|6.0|1,False,2026-09-29T00:32,False,6.0,,mileage implausibly low,600000.0
12063596,PakWheels,Suzuki Alto,,2011,21.0,160000.0,Automatic,Islamabad,Islamabad,,,12.0,16h,core,https://www.pakwheels.com/used-cars/suzuki-alto-2011-for-sale-in-islamabad-12063596,https://cache1.pakwheels.com/ad_pictures/1524/suzuki-alto-2011-152431947.jpg,Brown,Islamabad,Imported,,660.0,0.6666666666666666,Hatchback,660cc kei,2026-09-28,suzuki alto|2011|21.0|160000,False,2026-09-29T00:32,False,21.0,,,2100000.0
12063594,PakWheels,Suzuki Wagon R,VXL,2018,21.5,204000.0,Manual,Islamabad,Islamabad,,,13.0,16h,core,https://www.pakwheels.com/used-cars/suzuki-wagon-r-2018-for-sale-in-islamabad-12063594,https://cache4.pakwheels.com/ad_pictures/1524/suzuki-wagon-r-vxl-2018-152431559.jpg,White,Punjab,Local,Hatchback,1000.0,0.6666666666666666,Tall-boy,660cc kei,2026-09-28,suzuki wagon r|2018|21.5|204000,False,2026-09-29T00:32,False,21.5,,,2150000.0
12063475,PakWheels,Suzuki Wagon R,VXL,2015,21.5,270000.0,Manual,Islamabad,Islamabad,,,12.0,16h,core,https://www.pakwheels.com/used-cars/suzuki-wagon-r-2015-for-sale-in-islamabad-12063475,https://cache3.pakwheels.com/ad_pictures/1524/suzuki-wagon-r-vxl-2015-152430104.jpg,White,Punjab,Local,Hatchback,1000.0,0.6666666666666666,Tall-boy,660cc kei,2026-09-28,suzuki wagon r|2015|21.5|270000,False,2026-09-29T00:32,False,21.5,,,2150000.0
12014890,PakWheels,Toyota Vitz,1 3 Racy RS,2004,22.8,155000.0,Automatic,Islamabad,Islamabad,,,7.0,16h,core,https://www.pakwheels.com/used-cars/toyota-vitz-2004-for-sale-in-islamabad-12014890,https://cache2.pakwheels.com/ad_pictures/1516/toyota-vitz-1-3-racy-rs-2-2004-151688109.jpg,Silver,Islamabad,Imported,Hatchback,1300.0,0.6666666666666666,Hatchback,1000-1300cc,2026-09-28,toyota vitz|2004|22.8|155000,False,2026-09-18T18:34,False,23.3,0.5,,2280000.0
11990050,PakWheels,Toyota Vitz,1 0 F,2009,23.0,185000.0,Automatic,Rawalpindi,Rawalpindi,,,20.0,16h,core,https://www.pakwheels.com/used-cars/toyota-vitz-2009-for-sale-in-rawalpindi-11990050,https://cache1.pakwheels.com/ad_pictures/1513/toyota-vitz-1-0-f-2009-151304742.jpg,Silver,Punjab,Imported,Hatchback,1000.0,0.6666666666666666,Hatchback,1000-1300cc,2026-09-28,toyota vitz|2009|23.0|185000,True,2026-09-29T00:32,False,23.0,,duplicate listing,2300000.0
12063683,PakWheels,Suzuki Swift,1 3 DLX Automatic,2012,23.5,160000.0,Automatic,Islamabad,Islamabad,,,12.0,16h,core,https://www.pakwheels.com/used-cars/suzuki-swift-2012-for-sale-in-islamabad-12063683,https://cache3.pakwheels.com/ad_pictures/1524/suzuki-swift-1-3-dlx-automatic-2012-152432665.jpg,Red,Islamabad,Local,Hatchback,1300.0,0.6666666666666666,Hatchback,1000-1300cc,2026-09-28,suzuki swift|2012|23.5|160000,False,2026-09-29T00:32,False,23.95,0.45,,2350000.0
12063670,PakWheels,Honda Fit,1 3 A,2007,24.0,180.0,Automatic,Islamabad,Islamabad,,,14.0,16h,core,https://www.pakwheels.com/used-cars/honda-fit-2007-for-sale-in-islamabad-12063670,https://cache2.pakwheels.com/ad_pictures/1524/honda-fit-1-3-a-2-2007-152433048.jpg,Pearl White,Punjab,Imported,Hatchback,1300.0,0.6666666666666666,Hatchback,1000-1300cc,2026-09-28,honda fit|2007|24.0|180,False,2026-09-29T00:32,False,24.0,,mileage implausibly low,2400000.0
12062600,PakWheels,Mitsubishi EK Wagon,G Safety Plus Edition,2016,27.5,120000.0,Automatic,Islamabad,Islamabad,,,16.0,16h,core,https://www.pakwheels.com/used-cars/mitsubishi-ek-wagon-2016-for-sale-in-islamabad-12062600,https://cache4.pakwheels.com/ad_pictures/1524/mitsubishi-ek-wagon-g-safety-plus-edition-2016-152417455.jpg,Black,Islamabad,Imported,Hatchback,660.0,0.6666666666666666,Hatchback,660cc kei,2026-09-28,mitsubishi ek wagon|2016|27.5|120000,False,2026-09-29T00:32,False,27.5,,,2750000.0
12063588,PakWheels,Toyota Passo,Plus Hana,2014,28.9,88000.0,Automatic,Islamabad,Islamabad,,,9.0,16h,core,https://www.pakwheels.com/used-cars/toyota-passo-2014-for-sale-in-islamabad-12063588,https://cache2.pakwheels.com/ad_pictures/1524/toyota-passo-plus-hana-2014-152431770.jpg,Silver,Islamabad,Imported,Hatchback,1000.0,0.6666666666666666,Hatchback,1000-1300cc,2026-09-28,toyota passo|2014|28.9|88000,False,2026-09-29T00:32,False,28.9,,,2890000.0
12063435,PakWheels,Suzuki Swift,1 3 DLX Automatic,2013,24.5,137000.0,Automatic,Islamabad,Islamabad,,,8.0,17h,core,https://www.pakwheels.com/used-cars/suzuki-swift-2013-for-sale-in-islamabad-12063435,https://cache1.pakwheels.com/ad_pictures/1524/suzuki-swift-1-3-dlx-automatic-2013-152429786.jpg,White,Islamabad,Local,Hatchback,1300.0,0.7083333333333333,Hatchback,1000-1300cc,2026-09-28,suzuki swift|2013|24.5|137000,False,2026-09-29T00:32,False,24.5,,,2450000.0
12063477,PakWheels,Suzuki Wagon R,X,2013,25.0,80000.0,Automatic,Rawalpindi,Rawalpindi,,,9.0,17h,core,https://www.pakwheels.com/used-cars/suzuki-wagon-r-2013-for-sale-in-rawalpindi-12063477,https://cache3.pakwheels.com/ad_pictures/1524/suzuki-wagon-r-x-14-2013-152430339.jpg,Black,Islamabad,Imported,Hatchback,660.0,0.7083333333333333,Tall-boy,660cc kei,2026-09-28,suzuki wagon r|2013|25.0|80000,False,2026-09-29T00:32,False,25.0,,,2500000.0
12063252,PakWheels,Suzuki Swift,1 3L DLX,2016,26.0,178000.0,Manual,Islamabad,Islamabad,,,10.0,17h,core,https://www.pakwheels.com/used-cars/suzuki-swift-2016-for-sale-in-islamabad-12063252,https://cache3.pakwheels.com/ad_pictures/1524/suzuki-swift-1-3l-dlx-2016-152427530.jpg,White,Islamabad,Local,Hatchback,1300.0,0.7083333333333333,Hatchback,1000-1300cc,2026-09-28,suzuki swift|2016|26.0|178000,False,2026-09-29T00:32,False,26.0,,,2600000.0
12063460,PakWheels,Toyota Passo,1 0 X,2014,28.5,195000.0,Automatic,Islamabad,Islamabad,,,8.0,17h,core,https://www.pakwheels.com/used-cars/toyota-passo-2014-for-sale-in-islamabad-12063460,https://cache2.pakwheels.com/ad_pictures/1524/toyota-passo-1-0-x-2014-152430241.jpg,White,Islamabad,Imported,Hatchback,1000.0,0.7083333333333333,Hatchback,1000-1300cc,2026-09-28,toyota passo|2014|28.5|195000,False,2026-09-29T00:32,False,28.5,,,2850000.0
1119857151,OLX,Toyota Passo,2013,2013,29.65,161500.0,,Islamabad,"G-14/4, Islamabad",,,,17h,core,https://www.olx.com.pk/item/-iid-1119857151,https://images.olx.com.pk/thumbnails/649033466-600x450.jpeg,,,,,,0.7083333333333333,Hatchback,1000-1300cc,2026-09-28,toyota passo|2013|29.65|161500,False,2026-09-29T15:11,True,,,,2965000.0
12063218,PakWheels,Suzuki Baleno,,2005,11.5,281000.0,Manual,Islamabad,Islamabad,,,15.0,18h,core,https://www.pakwheels.com/used-cars/suzuki-baleno-2005-for-sale-in-islamabad-12063218,https://cache1.pakwheels.com/ad_pictures/1524/suzuki-baleno-2005-152426746.jpg,Silver,Punjab,Imported,,1300.0,0.75,Hatchback,1000-1300cc,2026-09-28,suzuki baleno|2005|11.5|281000,False,2026-09-29T00:32,False,11.5,,,1150000.0
1119724022,OLX,Daihatsu Mira,2007,2007,13.75,,,Rawalpindi,"Askari 14, Rawalpindi",,,,18h,core,https://www.olx.com.pk/item/-iid-1119724022,https://images.olx.com.pk/thumbnails/648230287-600x450.jpeg,,,,,,0.75,Hatchback,660cc kei,2026-09-28,daihatsu mira|2007|13.75|-1,False,2026-09-29T15:11,True,,,,1375000.0
12063185,PakWheels,Daihatsu Move,Custom X,2009,17.5,105000.0,Automatic,Islamabad,Islamabad,,,14.0,18h,core,https://www.pakwheels.com/used-cars/daihatsu-move-2009-for-sale-in-islamabad-12063185,https://cache4.pakwheels.com/ad_pictures/1524/daihatsu-move-custom-x-2009-152426472.jpg,White,Punjab,Imported,Hatchback,660.0,0.75,Tall-boy,660cc kei,2026-09-28,daihatsu move|2009|17.5|105000,True,2026-09-29T00:32,False,17.5,,duplicate listing,1750000.0
12063095,PakWheels,Suzuki Swift,XG 1,2006,22.75,108000.0,Automatic,Rawalpindi,Rawalpindi,,,20.0,18h,core,https://www.pakwheels.com/used-cars/suzuki-swift-2006-for-sale-in-rawalpindi-12063095,https://cache1.pakwheels.com/ad_pictures/1524/suzuki-swift-xg-1-3-2006-152424813.jpg,Grey,Islamabad,Imported,Hatchback,1300.0,0.75,Hatchback,1000-1300cc,2026-09-28,suzuki swift|2006|22.75|108000,False,2026-09-29T00:32,False,22.75,,,2275000.0
12063285,PakWheels,Suzuki Swift,DLX Automatic 1 3 Navigation,2020,27.0,120000.0,Automatic,Rawalpindi,Rawalpindi,,,5.0,18h,core,https://www.pakwheels.com/used-cars/suzuki-swift-2020-for-sale-in-rawalpindi-12063285,https://cache1.pakwheels.com/ad_pictures/1524/suzuki-swift-dlx-automatic-1-3-navigation-2020-152427965.jpg,Solid White,Islamabad,Local,Hatchback,1300.0,0.75,Hatchback,1000-1300cc,2026-09-28,suzuki swift|2020|27.0|120000,False,2026-09-29T00:32,False,27.0,,,2700000.0
12063242,PakWheels,Suzuki Alto,VXR,2022,27.1,40000.0,Manual,Islamabad,Islamabad,,,8.0,18h,core,https://www.pakwheels.com/used-cars/suzuki-alto-2022-for-sale-in-islamabad-12063242,https://cache4.pakwheels.com/ad_pictures/1524/suzuki-alto-vxr-2-2022-152427220.jpg,White,Abbottabad,Local,Hatchback,1000.0,0.75,Hatchback,660cc kei,2026-09-28,suzuki alto|2022|27.1|40000,False,2026-09-29T00:32,False,27.1,,,2710000.0
12063269,PakWheels,Suzuki Alto,VXR,2023,27.95,61000.0,Manual,Rawalpindi,Rawalpindi,,,20.0,18h,core,https://www.pakwheels.com/used-cars/suzuki-alto-2023-for-sale-in-rawalpindi-12063269,https://cache2.pakwheels.com/ad_pictures/1524/suzuki-alto-vxr-2-2023-152427546.jpg,White,Islamabad,Local,Hatchback,660.0,0.75,Hatchback,660cc kei,2026-09-28,suzuki alto|2023|27.95|61000,False,2026-09-29T00:32,False,27.95,,,2795000.0
12063143,PakWheels,Suzuki Alto,VXR,2024,28.7,56000.0,Manual,Rawalpindi,Rawalpindi,,,11.0,18h,core,https://www.pakwheels.com/used-cars/suzuki-alto-2024-for-sale-in-rawalpindi-12063143,https://cache2.pakwheels.com/ad_pictures/1524/suzuki-alto-vxr-2-2024-152425909.jpg,White,Islamabad,Local,Hatchback,660.0,0.75,Hatchback,660cc kei,2026-09-28,suzuki alto|2024|28.7|56000,False,2026-09-29T00:32,False,28.7,,,2870000.0
12063260,PakWheels,Daihatsu Cast,Activa G,2016,29.6,130000.0,Automatic,Islamabad,Islamabad,,,4.0,18h,core,https://www.pakwheels.com/used-cars/daihatsu-cast-2016-for-sale-in-islamabad-12063260,https://cache3.pakwheels.com/ad_pictures/1524/daihatsu-cast-activa-g-2016-152425743.jpg,White,Islamabad,Imported,Hatchback,660.0,0.75,Tall-boy,660cc kei,2026-09-28,daihatsu cast|2016|29.6|130000,False,2026-09-29T00:32,False,29.6,,,2960000.0
11990530,PakWheels,Suzuki Swift,1 3L DLX,2012,20.7,151000.0,Manual,Islamabad,Islamabad,,,16.0,19h,core,https://www.pakwheels.com/used-cars/suzuki-swift-2012-for-sale-in-islamabad-11990530,https://cache4.pakwheels.com/ad_pictures/1513/suzuki-swift-1-3l-dlx-2012-151311343.jpg,Blue,Islamabad,Local,Hatchback,1300.0,0.7916666666666666,Hatchback,1000-1300cc,2026-09-28,suzuki swift|2012|20.7|151000,False,2026-09-29T00:32,False,20.7,,,2070000.0
11969633,PakWheels,Daihatsu Move,X,2011,21.5,161406.0,Automatic,Rawalpindi,Rawalpindi,Managed by PakWheels,5.3,15.0,19h,core,https://www.pakwheels.com/used-cars/daihatsu-move-2011-for-sale-in-rawalpindi-11969633,https://cache2.pakwheels.com/ad_pictures/1509/daihatsu-move-x-5-2011-150988689.jpg,Grey,Islamabad,Imported,Hatchback,660.0,0.7916666666666666,Tall-boy,660cc kei,2026-09-28,daihatsu move|2011|21.5|161406,False,2026-09-08T18:29,False,22.3,0.8,,2150000.0
12062834,PakWheels,Toyota Passo,,2006,21.75,135000.0,Automatic,Islamabad,Islamabad,,,5.0,19h,core,https://www.pakwheels.com/used-cars/toyota-passo-2006-for-sale-in-islamabad-12062834,https://cache3.pakwheels.com/ad_pictures/1524/toyota-passo-2006-152421123.jpg,White,Punjab,Imported,,1000.0,0.7916666666666666,Hatchback,1000-1300cc,2026-09-28,toyota passo|2006|21.75|135000,True,2026-09-29T00:32,False,21.75,,duplicate listing,2175000.0
12062900,PakWheels,Suzuki Alto,VX,2022,26.5,200000.0,Manual,Rawalpindi,Rawalpindi,,,1.0,19h,core,https://www.pakwheels.com/used-cars/suzuki-alto-2022-for-sale-in-rawalpindi-12062900,https://cache2.pakwheels.com/ad_pictures/1524/suzuki-alto-vx-14-2022-152421750.jpg,White,Islamabad,Local,Hatchback,660.0,0.7916666666666666,Hatchback,660cc kei,2026-09-28,suzuki alto|2022|26.5|200000,False,2026-09-29T00:32,False,26.5,,,2650000.0
12062885,PakWheels,Suzuki Alto,VXR,2022,27.05,42000.0,Manual,Rawalpindi,Rawalpindi,,,8.0,19h,core,https://www.pakwheels.com/used-cars/suzuki-alto-2022-for-sale-in-rawalpindi-12062885,https://cache4.pakwheels.com/ad_pictures/1524/suzuki-alto-vxr-2-2022-152422022.jpg,Silver,Punjab,Local,Hatchback,660.0,0.7916666666666666,Hatchback,660cc kei,2026-09-28,suzuki alto|2022|27.05|42000,False,2026-09-29T00:32,False,27.05,,,2705000.0
12062949,PakWheels,Suzuki Alto,VXR,2022,27.2,41000.0,Manual,Islamabad,Islamabad,,,8.0,19h,core,https://www.pakwheels.com/used-cars/suzuki-alto-2022-for-sale-in-islamabad-12062949,https://cache2.pakwheels.com/ad_pictures/1524/suzuki-alto-vxr-2-2022-152423068.jpg,Silky Silver,Punjab,Local,Hatchback,660.0,0.7916666666666666,Hatchback,660cc kei,2026-09-28,suzuki alto|2022|27.2|41000,False,2026-09-29T00:32,False,27.2,,,2720000.0
12062582,PakWheels,Suzuki Alto,VXR CNG,2010,8.5,147420.0,Manual,Islamabad,Islamabad,Managed by PakWheels,6.2,14.0,20h,core,https://www.pakwheels.com/used-cars/suzuki-alto-2010-for-sale-in-islamabad-12062582,https://cache4.pakwheels.com/ad_pictures/1524/suzuki-alto-vxr-cng-2010-152417550.jpg,White,Sindh,Local,Hatchback,1000.0,0.8333333333333333,Hatchback,660cc kei,2026-09-28,suzuki alto|2010|8.5|147420,False,2026-09-29T00:32,False,8.5,,,850000.0
12062619,PakWheels,Suzuki Baleno,JXL,2005,10.9,164000.0,Manual,Islamabad,Islamabad,,,5.0,20h,core,https://www.pakwheels.com/used-cars/suzuki-baleno-2005-for-sale-in-islamabad-12062619,https://cache4.pakwheels.com/ad_pictures/1524/suzuki-baleno-jxl-2005-152418177.jpg,Silver,Lahore,Local,Sedan,1300.0,0.8333333333333333,Hatchback,1000-1300cc,2026-09-28,suzuki baleno|2005|10.9|164000,False,2026-09-29T00:32,False,10.9,,,1090000.0
12062770,PakWheels,Daihatsu Esse,,2009,15.0,150000.0,Manual,Rawalpindi,Rawalpindi,,,9.0,20h,core,https://www.pakwheels.com/used-cars/daihatsu-esse-2009-for-sale-in-rawalpindi-12062770,https://cache1.pakwheels.com/ad_pictures/1524/daihatsu-esse-2009-152420192.jpg,Maroon,Lahore,Imported,,660.0,0.8333333333333333,Hatchback,660cc kei,2026-09-28,daihatsu esse|2009|15.0|150000,False,2026-09-29T00:32,False,15.0,,,1500000.0
12062592,PakWheels,Suzuki Alto,ECO L,2012,18.5,106000.0,Automatic,Islamabad,Islamabad,,,10.0,20h,core,https://www.pakwheels.com/used-cars/suzuki-alto-2012-for-sale-in-islamabad-12062592,https://cache4.pakwheels.com/ad_pictures/1524/suzuki-alto-eco-l-2012-152417362.jpg,Pink,Punjab,Imported,Hatchback,660.0,0.8333333333333333,Hatchback,660cc kei,2026-09-28,suzuki alto|2012|18.5|106000,False,2026-09-29T00:32,False,18.5,,,1850000.0
12045410,PakWheels,Suzuki Alto,X,2014,19.5,150000.0,Automatic,Islamabad,Islamabad,,,14.0,20h,core,https://www.pakwheels.com/used-cars/suzuki-alto-2014-for-sale-in-islamabad-12045410,https://cache1.pakwheels.com/ad_pictures/1521/suzuki-alto-x-9-2014-152153143.jpg,Blue,Islamabad,Local,Hatchback,660.0,0.8333333333333333,Hatchback,660cc kei,2026-09-28,suzuki alto|2014|19.5|150000,False,2026-09-29T00:32,False,19.5,,,1950000.0
12062574,PakWheels,Nissan Moco,X Idling Stop,2015,19.5,220309.0,Automatic,Islamabad,Islamabad,,,8.0,20h,core,https://www.pakwheels.com/used-cars/nissan-moco-2015-for-sale-in-islamabad-12062574,https://cache1.pakwheels.com/ad_pictures/1524/nissan-moco-x-idling-stop-4-2015-152417403.jpg,Maroon,Sindh,Imported,Hatchback,660.0,0.8333333333333333,Hatchback,660cc kei,2026-09-28,nissan moco|2015|19.5|220309,False,2026-09-29T00:32,False,19.5,,,1950000.0
11905719,PakWheels,Daihatsu Mira,,2012,19.5,145000.0,Automatic,Rawalpindi,Rawalpindi,,,18.0,20h,core,https://www.pakwheels.com/used-cars/daihatsu-mira-2012-for-sale-in-rawalpindi-11905719,https://cache4.pakwheels.com/ad_pictures/1500/daihatsu-mira-2012-150010904.jpg,White,Punjab,Imported,Hatchback,660.0,0.8333333333333333,Hatchback,660cc kei,2026-09-28,daihatsu mira|2012|19.5|145000,False,2026-09-29T00:32,False,19.5,,,1950000.0
12062750,PakWheels,Suzuki Swift,1 3L DLX,2011,20.9,160000.0,Manual,Islamabad,Islamabad,,,13.0,20h,core,https://www.pakwheels.com/used-cars/suzuki-swift-2011-for-sale-in-islamabad-12062750,https://cache2.pakwheels.com/ad_pictures/1524/suzuki-swift-1-3l-dlx-2011-152419653.jpg,White,Islamabad,Local,Hatchback,1300.0,0.8333333333333333,Hatchback,1000-1300cc,2026-09-28,suzuki swift|2011|20.9|160000,False,2026-09-29T00:32,False,20.9,,,2090000.0
12062716,PakWheels,Suzuki Swift,1 3 DLX Automatic,2013,23.65,96325.0,Automatic,Rawalpindi,Rawalpindi,,,20.0,20h,core,https://www.pakwheels.com/used-cars/suzuki-swift-2013-for-sale-in-rawalpindi-12062716,https://cache3.pakwheels.com/ad_pictures/1524/suzuki-swift-1-3-dlx-automatic-2013-152416469.jpg,Maroon,Islamabad,Local,Hatchback,1300.0,0.8333333333333333,Hatchback,1000-1300cc,2026-09-28,suzuki swift|2013|23.65|96325,False,2026-09-29T00:32,False,23.65,,,2365000.0
12062583,PakWheels,Nissan Dayz,X,2014,24.75,110000.0,Automatic,Islamabad,Islamabad,,,11.0,20h,core,https://www.pakwheels.com/used-cars/nissan-dayz-2014-for-sale-in-islamabad-12062583,https://cache1.pakwheels.com/ad_pictures/1524/nissan-dayz-x-40-2014-152417200.jpg,White,Islamabad,Imported,Hatchback,660.0,0.8333333333333333,Hatchback,660cc kei,2026-09-28,nissan dayz|2014|24.75|110000,True,2026-09-29T00:32,False,24.75,,duplicate listing,2475000.0
12062680,PakWheels,Suzuki Wagon R,FX Limited,2014,24.95,94000.0,Automatic,Islamabad,Islamabad,,,10.0,20h,core,https://www.pakwheels.com/used-cars/suzuki-wagon-r-2014-for-sale-in-islamabad-12062680,https://cache4.pakwheels.com/ad_pictures/1524/suzuki-wagon-r-fx-limited-2014-152418646.jpg,Black,Islamabad,Imported,Hatchback,660.0,0.8333333333333333,Tall-boy,660cc kei,2026-09-28,suzuki wagon r|2014|24.95|94000,False,2026-09-29T00:32,False,24.95,,,2495000.0
12062652,PakWheels,Suzuki Wagon R,VXL,2018,25.15,80000.0,Manual,Islamabad,Islamabad,,,19.0,20h,core,https://www.pakwheels.com/used-cars/suzuki-wagon-r-2018-for-sale-in-islamabad-12062652,https://cache4.pakwheels.com/ad_pictures/1524/suzuki-wagon-r-vxl-2018-152417765.jpg,White,Lahore,Local,Hatchback,1000.0,0.8333333333333333,Tall-boy,660cc kei,2026-09-28,suzuki wagon r|2018|25.15|80000,False,2026-09-29T00:32,False,25.15,,,2515000.0
11949150,PakWheels,Suzuki Alto,VXL,2022,28.25,88000.0,Automatic,Islamabad,Islamabad,,,18.0,20h,core,https://www.pakwheels.com/used-cars/suzuki-alto-2022-for-sale-in-islamabad-11949150,https://cache4.pakwheels.com/ad_pictures/1506/suzuki-alto-vxl-2-2022-150673009.jpg,Silver,Islamabad,Local,Hatchback,660.0,0.8333333333333333,Hatchback,660cc kei,2026-09-28,suzuki alto|2022|28.25|88000,False,2026-09-08T18:29,False,28.25,,,2825000.0
1119808008,OLX,Toyota Passo,2014 2018,2014,30.0,117000.0,,Islamabad,"D-12, Islamabad",,,,20h,core,https://www.olx.com.pk/item/-iid-1119808008,https://images.olx.com.pk/thumbnails/648740966-600x450.jpeg,,,,,,0.8333333333333333,Hatchback,1000-1300cc,2026-09-28,toyota passo|2014|30.0|117000,True,2026-09-29T15:11,True,,,duplicate listing,3000000.0
12062382,PakWheels,Suzuki Baleno,GLI,1999,9.85,90000.0,Manual,Rawalpindi,Rawalpindi,,,19.0,21h,core,https://www.pakwheels.com/used-cars/suzuki-baleno-1999-for-sale-in-rawalpindi-12062382,https://cache2.pakwheels.com/ad_pictures/1524/suzuki-baleno-gli-2-1999-152412730.jpg,White,Islamabad,Local,Sedan,1300.0,0.875,Hatchback,1000-1300cc,2026-09-28,suzuki baleno|1999|9.85|90000,False,2026-09-29T00:32,False,9.85,,,985000.0
12062192,PakWheels,Suzuki Alto,VXR,2007,11.0,150000.0,Manual,Islamabad,Islamabad,,,18.0,21h,core,https://www.pakwheels.com/used-cars/suzuki-alto-2007-for-sale-in-islamabad-12062192,https://cache1.pakwheels.com/ad_pictures/1524/suzuki-alto-vxr-2-2007-152411511.jpg,Silver,Karachi,Local,Hatchback,1000.0,0.875,Hatchback,660cc kei,2026-09-28,suzuki alto|2007|11.0|150000,False,2026-09-29T00:32,False,11.0,,,1100000.0
12007150,PakWheels,Suzuki Alto,VXR,2012,14.7,125000.0,Manual,Islamabad,Islamabad,,,10.0,21h,core,https://www.pakwheels.com/used-cars/suzuki-alto-2012-for-sale-in-islamabad-12007150,https://cache2.pakwheels.com/ad_pictures/1515/suzuki-alto-vxr-2-2012-151568597.jpg,Green,Punjab,Local,Hatchback,1000.0,0.875,Hatchback,660cc kei,2026-09-28,suzuki alto|2012|14.7|125000,False,2026-09-29T00:32,False,14.7,,,1470000.0
1119853730,OLX,Toyota Passo,2006/12 Available for Sale,2006,21.75,135000.0,,Islamabad,"Koral Town, Islamabad",,,,21h,core,https://www.olx.com.pk/item/-iid-1119853730,https://images.olx.com.pk/thumbnails/649013171-600x450.jpeg,,,,,,0.875,Hatchback,1000-1300cc,2026-09-28,toyota passo|2006|21.75|135000,True,2026-09-29T15:11,True,,,duplicate listing,2175000.0
12062348,PakWheels,Daihatsu Wake,G Turbo,2019,22.0,133980.0,Automatic,Islamabad,Islamabad,,,11.0,21h,core,https://www.pakwheels.com/used-cars/daihatsu-wake-2019-for-sale-in-islamabad-12062348,https://cache2.pakwheels.com/ad_pictures/1524/daihatsu-wake-g-turbo-4-2019-152413671.jpg,Black,Islamabad,Imported,Hatchback,660.0,0.875,Tall-boy,660cc kei,2026-09-28,daihatsu wake|2019|22.0|133980,False,2026-09-29T00:32,False,22.0,,,2200000.0
12050484,PakWheels,Toyota Pixis,,2012,22.75,127000.0,Automatic,Islamabad,Islamabad,,,17.0,21h,core,https://www.pakwheels.com/used-cars/toyota-pixis-epoch-2012-for-sale-in-islamabad-12050484,https://cache1.pakwheels.com/ad_pictures/1524/toyota-pixis-2012-152416374.jpg,Turquoise,Islamabad,Imported,,660.0,0.875,Hatchback,660cc kei,2026-09-28,toyota pixis|2012|22.75|127000,False,2026-09-29T00:32,False,22.75,,,2275000.0
12062402,PakWheels,Suzuki Wagon R,VXL,2016,23.5,74000.0,Manual,Islamabad,Islamabad,,,14.0,21h,core,https://www.pakwheels.com/used-cars/suzuki-wagon-r-2016-for-sale-in-islamabad-12062402,https://cache3.pakwheels.com/ad_pictures/1524/suzuki-wagon-r-vxl-2016-152414843.jpg,White,Islamabad,Local,Hatchback,1000.0,0.875,Tall-boy,660cc kei,2026-09-28,suzuki wagon r|2016|23.5|74000,False,2026-09-29T00:32,False,23.5,,,2350000.0
12062459,PakWheels,Suzuki Alto,,2014,24.0,275000.0,Automatic,Islamabad,Islamabad,,,6.0,21h,core,https://www.pakwheels.com/used-cars/suzuki-alto-2014-for-sale-in-islamabad-12062459,https://cache2.pakwheels.com/ad_pictures/1524/suzuki-alto-2014-152415596.jpg,Turquoise,Islamabad,Imported,,660.0,0.875,Hatchback,660cc kei,2026-09-28,suzuki alto|2014|24.0|275000,False,2026-09-29T00:32,False,24.0,,,2400000.0
12062199,PakWheels,Honda N Wgn,Custom G Turbo,2014,26.3,120000.0,Automatic,Islamabad,Islamabad,,,5.0,21h,core,https://www.pakwheels.com/used-cars/honda-n-wgn-2014-for-sale-in-islamabad-12062199,https://cache3.pakwheels.com/ad_pictures/1524/honda-n-wgn-custom-g-turbo-2014-152411268.jpg,Grey,Islamabad,Imported,Hatchback,660.0,0.875,Tall-boy,660cc kei,2026-09-28,honda n wgn|2014|26.3|120000,False,2026-09-29T00:32,False,26.3,,,2630000.0
12062380,PakWheels,Suzuki Alto,F,2015,26.5,82500.0,Automatic,Islamabad,Islamabad,,,12.0,21h,core,https://www.pakwheels.com/used-cars/suzuki-alto-2015-for-sale-in-islamabad-12062380,https://cache1.pakwheels.com/ad_pictures/1524/suzuki-alto-f-2-2015-152414138.jpg,White,Punjab,Imported,Hatchback,660.0,0.875,Hatchback,660cc kei,2026-09-28,suzuki alto|2015|26.5|82500,False,2026-09-29T00:32,False,26.5,,,2650000.0
11480665,PakWheels,Toyota Vitz,1 3 F,2011,27.8,287000.0,Automatic,Islamabad,Islamabad,,,23.0,21h,core,https://www.pakwheels.com/used-cars/toyota-vitz-2011-for-sale-in-islamabad-11480665,https://cache1.pakwheels.com/ad_pictures/1435/toyota-vitz-1-3-f-2011-143541349.jpg,Silver,Islamabad,Imported,Hatchback,1300.0,0.875,Hatchback,1000-1300cc,2026-09-28,toyota vitz|2011|27.8|287000,False,2026-09-29T00:32,False,27.8,,,2780000.0
1119851621,OLX,Other JDM,uzuki Alto 2005 660cc Swapped,2005,9.5,150000.0,,Rawalpindi,"Askari 14, Rawalpindi",,,,22h,core,https://www.olx.com.pk/item/-iid-1119851621,https://images.olx.com.pk/thumbnails/649000839-600x450.jpeg,,,,,,0.9166666666666666,Hatchback,engine unstated,2026-09-28,other jdm|2005|9.5|150000,False,2026-09-29T15:11,True,,,,950000.0
12062151,PakWheels,Suzuki Alto,VX,2012,12.8,150000.0,Manual,Rawalpindi,Rawalpindi,,,10.0,22h,core,https://www.pakwheels.com/used-cars/suzuki-alto-2012-for-sale-in-rawalpindi-12062151,https://cache4.pakwheels.com/ad_pictures/1524/suzuki-alto-vx-14-2012-152410921.jpg,Silver,Abbottabad,Local,Hatchback,1000.0,0.9166666666666666,Hatchback,660cc kei,2026-09-28,suzuki alto|2012|12.8|150000,False,2026-09-29T00:32,False,12.8,,,1280000.0
11923717,PakWheels,Suzuki Swift,1 3L DLX,2016,22.0,118943.0,Manual,Rawalpindi,Rawalpindi,Managed by PakWheels,6.5,15.0,22h,core,https://www.pakwheels.com/used-cars/suzuki-swift-2016-for-sale-in-rawalpindi-11923717,https://cache3.pakwheels.com/ad_pictures/1502/suzuki-swift-1-3l-dlx-2016-150287810.jpg,Solid White,Karachi,Local,Hatchback,1300.0,0.9166666666666666,Hatchback,1000-1300cc,2026-09-28,suzuki swift|2016|22.0|118943,False,2026-08-29T13:34,False,22.0,,,2200000.0
12062135,PakWheels,Suzuki Alto,F,2017,23.0,1.0,Automatic,Islamabad,Islamabad,,,9.0,22h,core,https://www.pakwheels.com/used-cars/suzuki-alto-2017-for-sale-in-islamabad-12062135,https://cache3.pakwheels.com/ad_pictures/1524/suzuki-alto-f-2-2017-152410691.jpg,White,Islamabad,Imported,Hatchback,660.0,0.9166666666666666,Hatchback,660cc kei,2026-09-28,suzuki alto|2017|23.0|1,False,2026-09-29T00:32,False,23.0,,mileage implausibly low,2300000.0
12061929,PakWheels,Toyota Vitz,1 0 ILL,2006,24.0,164000.0,Automatic,Islamabad,Islamabad,,,10.0,22h,core,https://www.pakwheels.com/used-cars/toyota-vitz-2006-for-sale-in-islamabad-12061929,https://cache3.pakwheels.com/ad_pictures/1524/toyota-vitz-1-0-ill-2006-152407629.jpg,Turquoise,Lahore,Imported,Hatchback,1000.0,0.9166666666666666,Hatchback,1000-1300cc,2026-09-28,toyota vitz|2006|24.0|164000,False,2026-09-29T00:32,False,24.0,,,2400000.0
1119852921,OLX,Toyota Belta,2008,2008,24.0,145000.0,,Islamabad,"DHA Defence Phase 2, Islamabad",,,,22h,core,https://www.olx.com.pk/item/-iid-1119852921,https://images.olx.com.pk/thumbnails/649008209-600x450.jpeg,,,,,,0.9166666666666666,Hatchback,1000-1300cc,2026-09-28,toyota belta|2008|24.0|145000,False,2026-09-29T15:11,True,,,,2400000.0
12030900,PakWheels,Daihatsu Mira,G Smart Drive Package,2014,25.8,68000.0,Automatic,Islamabad,Islamabad,,,7.0,22h,core,https://www.pakwheels.com/used-cars/daihatsu-mira-2014-for-sale-in-islamabad-12030900,https://cache1.pakwheels.com/ad_pictures/1519/daihatsu-mira-g-smart-drive-package-2014-151934514.jpg,Beige,Islamabad,Imported,Hatchback,660.0,0.9166666666666666,Hatchback,660cc kei,2026-09-28,daihatsu mira|2014|25.8|68000,False,2026-09-22T02:54,False,25.8,,,2580000.0
1119851334,OLX,Toyota Passo,2012,2012,26.4,100000.0,,Rawalpindi,"Khayaban-e-Sir Syed, Rawalpindi",,,,22h,core,https://www.olx.com.pk/item/-iid-1119851334,https://images.olx.com.pk/thumbnails/648998799-600x450.jpeg,,,,,,0.9166666666666666,Hatchback,1000-1300cc,2026-09-28,toyota passo|2012|26.4|100000,False,2026-09-29T15:11,True,,,,2640000.0
12043918,PakWheels,Nissan Dayz,Highway Star,2015,26.8,68000.0,Automatic,Islamabad,Islamabad,,,9.0,22h,core,https://www.pakwheels.com/used-cars/nissan-dayz-2015-for-sale-in-islamabad-12043918,https://cache3.pakwheels.com/ad_pictures/1521/nissan-dayz-highway-star-3-2015-152135170.jpg,Purple,Islamabad,Imported,Hatchback,660.0,0.9166666666666666,Hatchback,660cc kei,2026-09-28,nissan dayz|2015|26.8|68000,False,2026-09-24T19:10,False,26.8,,,2680000.0
12061296,PakWheels,Toyota Passo,1 0 X,2015,30.0,75445.0,Automatic,Islamabad,Islamabad,Managed by PakWheels,7.0,15.0,22h,core,https://www.pakwheels.com/used-cars/toyota-passo-2015-for-sale-in-islamabad-12061296,https://cache2.pakwheels.com/ad_pictures/1523/toyota-passo-1-0-x-2016-152397300.jpg,Pink,Islamabad,Imported,,1000.0,0.9166666666666666,Hatchback,1000-1300cc,2026-09-28,toyota passo|2015|30.0|75445,False,2026-09-29T00:32,False,30.0,,,3000000.0
12061722,PakWheels,Toyota Passo,1 3 G,2016,30.0,150000.0,Automatic,Islamabad,Islamabad,,,12.0,22h,core,https://www.pakwheels.com/used-cars/toyota-passo-2016-for-sale-in-islamabad-12061722,https://cache2.pakwheels.com/ad_pictures/1524/toyota-passo-1-3-g-2-2016-152404303.jpg,Red,Islamabad,Imported,Hatchback,1000.0,0.9166666666666666,Hatchback,1000-1300cc,2026-09-28,toyota passo|2016|30.0|150000,False,2026-09-29T00:32,False,30.0,,,3000000.0
12061591,PakWheels,Suzuki Alto,VXR,2002,9.5,99000.0,Manual,Rawalpindi,Rawalpindi,,,6.0,23h,core,https://www.pakwheels.com/used-cars/suzuki-alto-2002-for-sale-in-rawalpindi-12061591,https://cache2.pakwheels.com/ad_pictures/1524/suzuki-alto-vxr-2-2002-152402084.jpg,White,Rawalpindi,Local,Hatchback,1000.0,0.9583333333333333,Hatchback,660cc kei,2026-09-28,suzuki alto|2002|9.5|99000,False,2026-09-29T00:32,False,9.5,,,950000.0
12061421,PakWheels,Suzuki Alto,VXR,2010,15.0,200000.0,Manual,Islamabad,Islamabad,,,14.0,23h,core,https://www.pakwheels.com/used-cars/suzuki-alto-2010-for-sale-in-islamabad-12061421,https://cache3.pakwheels.com/ad_pictures/1523/suzuki-alto-vxr-2-2010-152398812.jpg,Grey,Islamabad,Local,Hatchback,1000.0,0.9583333333333333,Hatchback,660cc kei,2026-09-28,suzuki alto|2010|15.0|200000,False,2026-09-29T00:32,False,15.0,,,1500000.0
12061678,PakWheels,Suzuki Wagon R,VXL,2017,21.3,150000.0,Manual,Islamabad,Islamabad,,,18.0,23h,core,https://www.pakwheels.com/used-cars/suzuki-wagon-r-2017-for-sale-in-islamabad-12061678,https://cache2.pakwheels.com/ad_pictures/1523/suzuki-wagon-r-vxl-2017-152397026.jpg,White,Rawalpindi,Local,Hatchback,1000.0,0.9583333333333333,Tall-boy,660cc kei,2026-09-28,suzuki wagon r|2017|21.3|150000,False,2026-09-29T00:32,False,21.3,,,2130000.0
1119093232,OLX,Toyota Passo,2012,2012,21.9,161000.0,,Rawalpindi,"Kuri Road Area, Rawalpindi",,,,23h,core,https://www.olx.com.pk/item/-iid-1119093232,https://images.olx.com.pk/thumbnails/644474708-600x450.jpeg,,,,,,0.9583333333333333,Hatchback,1000-1300cc,2026-09-28,toyota passo|2012|21.9|161000,False,2026-09-19T13:27,False,21.9,,,2190000.0
12061768,PakWheels,Toyota Vitz,1 3 F,2010,22.95,150000.0,Automatic,Rawalpindi,Rawalpindi,,,10.0,23h,core,https://www.pakwheels.com/used-cars/toyota-vitz-2010-for-sale-in-rawalpindi-12061768,https://cache1.pakwheels.com/ad_pictures/1524/toyota-vitz-1-3-f-2010-152404679.jpg,Maroon,Punjab,Imported,Hatchback,1300.0,0.9583333333333333,Hatchback,1000-1300cc,2026-09-28,toyota vitz|2010|22.95|150000,False,2026-09-29T00:32,False,22.95,,,2295000.0
12061744,PakWheels,Toyota Passo,1 3 Plus Hana,2012,23.0,85000.0,Automatic,Rawalpindi,Rawalpindi,,,4.0,23h,core,https://www.pakwheels.com/used-cars/toyota-passo-2012-for-sale-in-rawalpindi-12061744,https://cache2.pakwheels.com/ad_pictures/1524/toyota-passo-1-3-plus-hana-2012-152404607.jpg,Blue,Karachi,Imported,Hatchback,1300.0,0.9583333333333333,Hatchback,1000-1300cc,2026-09-28,toyota passo|2012|23.0|85000,False,2026-09-29T00:32,False,23.0,,,2300000.0
1118641947,OLX,Daihatsu Mira,2011,2011,23.5,186000.0,,Islamabad,"Ghauri Town, Islamabad",,,,23h,core,https://www.olx.com.pk/item/-iid-1118641947,https://images.olx.com.pk/thumbnails/641786527-600x450.jpeg,,,,,,0.9583333333333333,Hatchback,660cc kei,2026-09-28,daihatsu mira|2011|23.5|186000,False,2026-09-29T15:11,True,,,,2350000.0
12061751,PakWheels,Honda N One,Premium,2013,26.0,124000.0,Automatic,Rawalpindi,Rawalpindi,,,6.0,23h,core,https://www.pakwheels.com/used-cars/honda-n-one-2013-for-sale-in-rawalpindi-12061751,https://cache4.pakwheels.com/ad_pictures/1524/honda-none-premium-2-2013-152404025.jpg,Red,Islamabad,Imported,Hatchback,660.0,0.9583333333333333,Tall-boy,660cc kei,2026-09-28,honda n one|2013|26.0|124000,False,2026-09-29T00:32,False,26.0,,,2600000.0
12061403,PakWheels,Suzuki Alto,VXR,2021,26.45,91125.0,Manual,Islamabad,Islamabad,,,13.0,23h,core,https://www.pakwheels.com/used-cars/suzuki-alto-2021-for-sale-in-islamabad-12061403,https://cache4.pakwheels.com/ad_pictures/1523/suzuki-alto-vxr-2-2021-152398825.jpg,White,Islamabad,Local,Hatchback,660.0,0.9583333333333333,Hatchback,660cc kei,2026-09-28,suzuki alto|2021|26.45|91125,False,2026-09-29T00:32,False,26.45,,,2645000.0
12061486,PakWheels,Suzuki Alto,VXR,2021,27.25,16000.0,Manual,Islamabad,Islamabad,,,9.0,23h,core,https://www.pakwheels.com/used-cars/suzuki-alto-2021-for-sale-in-islamabad-12061486,https://cache1.pakwheels.com/ad_pictures/1523/suzuki-alto-vxr-2-2021-152399821.jpg,Silver,Islamabad,Local,Hatchback,660.0,0.9583333333333333,Hatchback,660cc kei,2026-09-28,suzuki alto|2021|27.25|16000,False,2026-09-29T00:32,False,27.25,,,2725000.0
12061761,PakWheels,Suzuki Swift,DLX 1 3 Navigation,2018,27.9,147000.0,Manual,Islamabad,Islamabad,,,6.0,23h,core,https://www.pakwheels.com/used-cars/suzuki-swift-2018-for-sale-in-islamabad-12061761,https://cache1.pakwheels.com/ad_pictures/1524/suzuki-swift-dlx-1-3-navigation-2018-152404924.jpg,White,Islamabad,Local,Hatchback,1300.0,0.9583333333333333,Hatchback,1000-1300cc,2026-09-28,suzuki swift|2018|27.9|147000,False,2026-09-29T00:32,False,27.9,,,2790000.0
12061687,PakWheels,Honda N Box,Custom,2016,28.0,126500.0,Automatic,Islamabad,Islamabad,,,7.0,23h,core,https://www.pakwheels.com/used-cars/honda-n-box-2016-for-sale-in-islamabad-12061687,https://cache3.pakwheels.com/ad_pictures/1524/honda-n-box-custom-2016-152403781.jpg,White,Lahore,Imported,Hatchback,658.0,0.9583333333333333,Tall-boy,660cc kei,2026-09-28,honda n box|2016|28.0|126500,False,2026-09-29T00:32,False,28.0,,,2800000.0
11703480,PakWheels,Toyota Passo,X G Package,2013,28.75,154010.0,Automatic,Islamabad,Islamabad,,,8.0,23h,core,https://www.pakwheels.com/used-cars/toyota-passo-2013-for-sale-in-islamabad-11703480,https://cache3.pakwheels.com/ad_pictures/1469/toyota-passo-x-g-package-2013-146910779.jpg,Sky Blue,Rawalpindi,Imported,Hatchback,1000.0,0.9583333333333333,Hatchback,1000-1300cc,2026-09-28,toyota passo|2013|28.75|154010,False,2026-09-29T00:32,False,28.75,,,2875000.0
12056003,PakWheels,Toyota Passo,Plus Hana,2013,29.5,177000.0,Automatic,Islamabad,Islamabad,,,15.0,23h,core,https://www.pakwheels.com/used-cars/toyota-passo-2013-for-sale-in-islamabad-12056003,https://cache2.pakwheels.com/ad_pictures/1523/toyota-passo-plus-hana-2013-152313031.jpg,White,Islamabad,Imported,Hatchback,1000.0,0.9583333333333333,Hatchback,1000-1300cc,2026-09-28,toyota passo|2013|29.5|177000,False,2026-09-27T14:38,False,30.0,0.5,,2950000.0
12060836,PakWheels,Suzuki Alto,VXR,2005,9.8,327000.0,Manual,Islamabad,Islamabad,,,9.0,1d,core,https://www.pakwheels.com/used-cars/suzuki-alto-2005-for-sale-in-islamabad-12060836,https://cache1.pakwheels.com/ad_pictures/1523/suzuki-alto-vxr-2-2005-152388426.jpg,Golden,Sindh,Local,Hatchback,1000.0,1.0,Hatchback,660cc kei,2026-09-28,suzuki alto|2005|9.8|327000,False,2026-09-28T15:06,False,9.8,,,980000.0
12060764,PakWheels,Suzuki Alto,VXR,2008,10.0,180000.0,Manual,Rawalpindi,Rawalpindi,,,2.0,1d,core,https://www.pakwheels.com/used-cars/suzuki-alto-2008-for-sale-in-rawalpindi-12060764,https://cache3.pakwheels.com/ad_pictures/1523/suzuki-alto-vxr-2-2008-152388011.jpg,Green,Rawalpindi,Local,Hatchback,1000.0,1.0,Hatchback,660cc kei,2026-09-28,suzuki alto|2008|10.0|180000,False,2026-09-28T15:06,False,10.0,,,1000000.0
12060296,PakWheels,Suzuki Alto,VXR,2005,10.0,80000.0,Automatic,Rawalpindi,Rawalpindi,,,5.0,1d,core,https://www.pakwheels.com/used-cars/suzuki-alto-2005-for-sale-in-rawalpindi-12060296,https://cache1.pakwheels.com/ad_pictures/1523/suzuki-alto-vxr-2-2005-152380316.jpg,Pearl Red,Islamabad,Local,Hatchback,1000.0,1.0,Hatchback,660cc kei,2026-09-28,suzuki alto|2005|10.0|80000,False,2026-09-28T15:06,False,10.0,,,1000000.0
12058899,PakWheels,Suzuki Alto,VXR,2006,10.0,10000.0,Manual,Islamabad,Islamabad,,,8.0,1d,core,https://www.pakwheels.com/used-cars/suzuki-alto-2006-for-sale-in-islamabad-12058899,https://cache2.pakwheels.com/ad_pictures/1523/suzuki-alto-vxr-2-2006-152359657.jpg,White,Punjab,Local,Hatchback,1000.0,1.0,Hatchback,660cc kei,2026-09-28,suzuki alto|2006|10.0|10000,False,2026-09-27T21:48,False,10.0,,,1000000.0
12060829,PakWheels,Suzuki Alto,VXR,2002,10.3,150000.0,Manual,Rawalpindi,Rawalpindi,,,18.0,1d,core,https://www.pakwheels.com/used-cars/suzuki-alto-2002-for-sale-in-rawalpindi-12060829,https://cache1.pakwheels.com/ad_pictures/1523/suzuki-alto-vxr-2-2002-152388861.jpg,Silver,Lahore,Local,Hatchback,1000.0,1.0,Hatchback,660cc kei,2026-09-28,suzuki alto|2002|10.3|150000,False,2026-09-28T15:06,False,10.3,,,1030000.0
12056709,PakWheels,Suzuki Baleno,GLI,2002,10.75,300000.0,Manual,Islamabad,Islamabad,,,15.0,1d,core,https://www.pakwheels.com/used-cars/suzuki-baleno-2002-for-sale-in-islamabad-12056709,https://cache1.pakwheels.com/ad_pictures/1523/suzuki-baleno-gli-2-2002-152324957.jpg,White,Islamabad,Local,Sedan,1300.0,1.0,Hatchback,1000-1300cc,2026-09-28,suzuki baleno|2002|10.75|300000,False,2026-09-28T15:06,False,10.75,,,1075000.0
12059017,PakWheels,Suzuki Baleno,JXR,2003,11.0,250000.0,Manual,Islamabad,Islamabad,,,5.0,1d,core,https://www.pakwheels.com/used-cars/suzuki-baleno-2003-for-sale-in-islamabad-12059017,https://cache4.pakwheels.com/ad_pictures/1523/suzuki-baleno-jxr-2003-152361509.jpg,White,Islamabad,Local,Sedan,1300.0,1.0,Hatchback,1000-1300cc,2026-09-28,suzuki baleno|2003|11.0|250000,False,2026-09-27T21:48,False,11.0,,,1100000.0
12058960,PakWheels,Suzuki Baleno,JXR,2005,11.0,121212.0,Manual,Islamabad,Islamabad,,,10.0,1d,core,https://www.pakwheels.com/used-cars/suzuki-baleno-2005-for-sale-in-islamabad-12058960,https://cache4.pakwheels.com/ad_pictures/1523/suzuki-baleno-jxr-2005-152360940.jpg,Golden,Abbottabad,Local,Sedan,1300.0,1.0,Hatchback,1000-1300cc,2026-09-28,suzuki baleno|2005|11.0|121212,False,2026-09-27T21:48,False,11.0,,,1100000.0
12060550,PakWheels,Suzuki Baleno,JXR,2003,11.2,190000.0,Manual,Islamabad,Islamabad,,,16.0,1d,core,https://www.pakwheels.com/used-cars/suzuki-baleno-2003-for-sale-in-islamabad-12060550,https://cache1.pakwheels.com/ad_pictures/1523/suzuki-baleno-jxr-2003-152384892.jpg,White,Lahore,Local,Sedan,1300.0,1.0,Hatchback,1000-1300cc,2026-09-28,suzuki baleno|2003|11.2|190000,False,2026-09-28T15:06,False,11.2,,,1120000.0
12061057,PakWheels,Suzuki Alto,G,2005,11.5,123656.0,Automatic,Rawalpindi,Rawalpindi,,,9.0,1d,core,https://www.pakwheels.com/used-cars/suzuki-alto-2005-for-sale-in-rawalpindi-12061057,https://cache3.pakwheels.com/ad_pictures/1523/suzuki-alto-g-4-2005-152392388.jpg,White,Islamabad,Imported,Hatchback,660.0,1.0,Hatchback,660cc kei,2026-09-28,suzuki alto|2005|11.5|123656,False,2026-09-28T15:06,False,11.5,,,1150000.0
12060354,PakWheels,Suzuki Alto,E Manual,2009,12.0,70000.0,Manual,Islamabad,Islamabad,,,6.0,1d,core,https://www.pakwheels.com/used-cars/suzuki-alto-2009-for-sale-in-islamabad-12060354,https://cache3.pakwheels.com/ad_pictures/1523/suzuki-alto-e-manual-2009-152381611.jpg,Grey,Islamabad,Local,Hatchback,660.0,1.0,Hatchback,660cc kei,2026-09-28,suzuki alto|2009|12.0|70000,False,2026-09-28T15:06,False,12.0,,,1200000.0
12060273,PakWheels,Suzuki Alto,VXR,2006,12.15,97000.0,Manual,Islamabad,Islamabad,,,16.0,1d,core,https://www.pakwheels.com/used-cars/suzuki-alto-2006-for-sale-in-islamabad-12060273,https://cache2.pakwheels.com/ad_pictures/1523/suzuki-alto-vxr-2-2006-152379963.jpg,Maroon,Punjab,Local,Hatchback,1000.0,1.0,Hatchback,660cc kei,2026-09-28,suzuki alto|2006|12.15|97000,False,2026-09-28T15:06,False,12.15,,,1215000.0
12060867,PakWheels,Mitsubishi Pajero Mini,VR,1996,12.5,95000.0,Manual,Rawalpindi,Rawalpindi,,,4.0,1d,core,https://www.pakwheels.com/used-cars/mitsubishi-pajero-mini-1996-for-sale-in-rawalpindi-12060867,https://cache3.pakwheels.com/ad_pictures/1523/mitsubishi-pajero-mini-vr-1996-152389395.jpg,Black,Lahore,Imported,SUV,660.0,1.0,Tall-boy,660cc kei,2026-09-28,mitsubishi pajero mini|1996|12.5|95000,False,2026-09-28T15:06,False,12.5,,,1250000.0
12041906,PakWheels,Suzuki Alto,VXR CNG,2010,13.5,120000.0,Manual,Islamabad,Islamabad,,,20.0,1d,core,https://www.pakwheels.com/used-cars/suzuki-alto-2010-for-sale-in-islamabad-12041906,https://cache1.pakwheels.com/ad_pictures/1521/suzuki-alto-vxr-cng-2010-152100794.jpg,Blue,Islamabad,Local,Hatchback,1000.0,1.0,Hatchback,660cc kei,2026-09-28,suzuki alto|2010|13.5|120000,False,2026-09-24T13:49,False,13.95,0.45,,1350000.0
12060308,PakWheels,Daihatsu Mira,TX Special,2007,14.15,111000.0,Automatic,Islamabad,Islamabad,,,8.0,1d,core,https://www.pakwheels.com/used-cars/daihatsu-mira-2007-for-sale-in-islamabad-12060308,https://cache3.pakwheels.com/ad_pictures/1523/daihatsu-mira-tx-special-2007-152380525.jpg,White,Punjab,Imported,Hatchback,660.0,1.0,Hatchback,660cc kei,2026-09-28,daihatsu mira|2007|14.15|111000,False,2026-09-28T15:06,False,14.15,,,1415000.0
12061292,PakWheels,Daihatsu Move,X,2009,17.5,105000.0,Automatic,Islamabad,Islamabad,,,16.0,24h,core,https://www.pakwheels.com/used-cars/daihatsu-move-2009-for-sale-in-islamabad-12061292,https://cache3.pakwheels.com/ad_pictures/1523/daihatsu-move-x-5-2009-152396606.jpg,White,Abbottabad,Imported,Hatchback,660.0,1.0,Tall-boy,660cc kei,2026-09-28,daihatsu move|2009|17.5|105000,True,2026-09-29T00:32,False,17.5,,duplicate listing,1750000.0
12061045,PakWheels,Suzuki Alto,GII,2007,17.5,98000.0,Automatic,Islamabad,Islamabad,,,19.0,1d,core,https://www.pakwheels.com/used-cars/suzuki-alto-2007-for-sale-in-islamabad-12061045,https://cache3.pakwheels.com/ad_pictures/1523/suzuki-alto-gii-2007-152392209.jpg,Silver,Lahore,Imported,Hatchback,660.0,1.0,Hatchback,660cc kei,2026-09-28,suzuki alto|2007|17.5|98000,False,2026-09-28T15:06,False,17.6,0.1,,1750000.0
11894955,PakWheels,Suzuki Cervo,G Limited,2007,17.5,178000.0,Automatic,Rawalpindi,Rawalpindi,,,14.0,1d,core,https://www.pakwheels.com/used-cars/suzuki-cervo-2007-for-sale-in-rawalpindi-11894955,https://cache4.pakwheels.com/ad_pictures/1498/suzuki-cervo-g-limited-4-2007-149845534.jpg,White,Punjab,Imported,Hatchback,660.0,1.0,Hatchback,660cc kei,2026-09-28,suzuki cervo|2007|17.5|178000,False,2026-09-28T02:13,False,17.5,,,1750000.0
1119842768,OLX,Suzuki Alto,Eco G2 Japanese 660c Total Genuine 2012 automatic imported,2012,17.64,,,Islamabad,"G-9, Islamabad",,,,1d,core,https://www.olx.com.pk/item/-iid-1119842768,https://images.olx.com.pk/thumbnails/648946469-600x450.jpeg,,,,,,1.0,Hatchback,660cc kei,2026-09-28,suzuki alto|2012|17.64|-1,True,2026-09-28T15:06,False,17.64,,duplicate listing,1764000.0
1119843158,OLX,Suzuki Alto,Japanese 660cc Total Genuine Automatic 2012 Home Car,2012,17.64,,,Rawalpindi,"Askari 14, Rawalpindi",,,,1d,core,https://www.olx.com.pk/item/-iid-1119843158,https://images.olx.com.pk/thumbnails/648948786-600x450.jpeg,,,,,,1.0,Hatchback,660cc kei,2026-09-28,suzuki alto|2012|17.64|-1,True,2026-09-28T15:06,False,17.64,,duplicate listing,1764000.0
11970426,PakWheels,Nissan Pino,E,2007,17.8,140000.0,Automatic,Rawalpindi,Rawalpindi,,,16.0,24h,core,https://www.pakwheels.com/used-cars/nissan-pino-2007-for-sale-in-rawalpindi-11970426,https://cache3.pakwheels.com/ad_pictures/1510/nissan-pino-e-3-2007-151001700.jpg,Red,Islamabad,Imported,Hatchback,660.0,1.0,Hatchback,660cc kei,2026-09-28,nissan pino|2007|17.8|140000,False,2026-09-08T18:29,False,17.8,,,1780000.0
11932168,PakWheels,Nissan March,Bolero,2007,18.0,194.0,Automatic,Islamabad,Islamabad,,,6.0,1d,core,https://www.pakwheels.com/used-cars/nissan-march-2007-for-sale-in-islamabad-11932168,https://cache4.pakwheels.com/ad_pictures/1504/nissan-march-bolero-2007-150416719.jpg,White,Punjab,Imported,Hatchback,1000.0,1.0,Hatchback,1000-1300cc,2026-09-28,nissan march|2007|18.0|194,False,2026-09-28T15:06,False,18.5,0.5,mileage implausibly low,1800000.0
1119846903,OLX,Suzuki Alto,2008,2008,18.8,104200.0,,Islamabad,"Islamabad Highway, Islamabad",,,,1d,core,https://www.olx.com.pk/item/-iid-1119846903,https://images.olx.com.pk/thumbnails/648972949-600x450.jpeg,,,,,,1.0,Hatchback,660cc kei,2026-09-28,suzuki alto|2008|18.8|104200,False,2026-09-29T15:11,True,,,,1880000.0
12060674,PakWheels,Toyota Passo,1 0 G,2006,18.95,320000.0,Automatic,Rawalpindi,Rawalpindi,,,18.0,1d,core,https://www.pakwheels.com/used-cars/toyota-passo-2006-for-sale-in-rawalpindi-12060674,https://cache4.pakwheels.com/ad_pictures/1523/toyota-passo-1-0-g-2006-152386658.jpg,Red,Islamabad,Imported,Hatchback,1000.0,1.0,Hatchback,1000-1300cc,2026-09-28,toyota passo|2006|18.95|320000,False,2026-09-28T15:06,False,18.95,,,1895000.0
12061024,PakWheels,Suzuki Alto,,2013,19.0,161000.0,Automatic,Rawalpindi,Rawalpindi,,,9.0,1d,core,https://www.pakwheels.com/used-cars/suzuki-alto-2013-for-sale-in-rawalpindi-12061024,https://cache3.pakwheels.com/ad_pictures/1523/suzuki-alto-2013-152391934.jpg,White,Islamabad,Local,,660.0,1.0,Hatchback,660cc kei,2026-09-28,suzuki alto|2013|19.0|161000,True,2026-09-28T15:06,False,19.0,,duplicate listing,1900000.0
12059719,PakWheels,Nissan Otti,RX Four Slide,2007,19.0,237000.0,Automatic,Rawalpindi,Rawalpindi,,,7.0,1d,core,https://www.pakwheels.com/used-cars/nissan-otti-2007-for-sale-in-rawalpindi-12059719,https://cache4.pakwheels.com/ad_pictures/1523/nissan-otti-rx-four-slide-2007-152371583.jpg,Beige,Islamabad,Imported,Hatchback,660.0,1.0,Hatchback,660cc kei,2026-09-28,nissan otti|2007|19.0|237000,False,2026-09-28T02:13,False,19.0,,,1900000.0
1119843189,OLX,Suzuki Alto,2013,2013,19.0,161000.0,,Islamabad,"DHA Defence Phase 1, Islamabad",,,,1d,core,https://www.olx.com.pk/item/-iid-1119843189,https://images.olx.com.pk/thumbnails/648948961-600x450.jpeg,,,,,,1.0,Hatchback,660cc kei,2026-09-28,suzuki alto|2013|19.0|161000,True,2026-09-28T15:06,False,19.0,,duplicate listing,1900000.0
12059586,PakWheels,Suzuki Alto,GII,2008,19.1,194000.0,Automatic,Rawalpindi,Rawalpindi,,,17.0,1d,core,https://www.pakwheels.com/used-cars/suzuki-alto-2008-for-sale-in-rawalpindi-12059586,https://cache3.pakwheels.com/ad_pictures/1523/suzuki-alto-gii-2008-152369648.jpg,White,Punjab,Imported,Hatchback,660.0,1.0,Hatchback,660cc kei,2026-09-28,suzuki alto|2008|19.1|194000,False,2026-09-28T02:13,False,19.1,,,1910000.0
12058951,PakWheels,Mitsubishi EK Wagon,E,2013,19.25,190000.0,Automatic,Islamabad,Islamabad,,,6.0,1d,core,https://www.pakwheels.com/used-cars/mitsubishi-ek-wagon-2013-for-sale-in-islamabad-12058951,https://cache1.pakwheels.com/ad_pictures/1523/mitsubishi-ek-wagon-e-10-2013-152360762.jpg,White,Islamabad,Imported,Hatchback,660.0,1.0,Hatchback,660cc kei,2026-09-28,mitsubishi ek wagon|2013|19.25|190000,False,2026-09-27T21:48,False,19.25,,,1925000.0
11862850,PakWheels,Daihatsu Move,X Limited,2010,20.5,101000.0,Automatic,Islamabad,Islamabad,,,10.0,1d,core,https://www.pakwheels.com/used-cars/daihatsu-move-2010-for-sale-in-islamabad-11862850,https://cache3.pakwheels.com/ad_pictures/1493/daihatsu-move-x-limited-2010-149354581.jpg,Red,Islamabad,Imported,,660.0,1.0,Tall-boy,660cc kei,2026-09-28,daihatsu move|2010|20.5|101000,False,2026-08-15T17:57,False,21.3,0.8,,2050000.0
12038606,PakWheels,Suzuki Wagon R,VXR,2014,20.85,100000.0,Manual,Islamabad,Islamabad,,,15.0,1d,core,https://www.pakwheels.com/used-cars/suzuki-wagon-r-2014-for-sale-in-islamabad-12038606,https://cache1.pakwheels.com/ad_pictures/1520/suzuki-wagon-r-vxr-2014-152055854.jpg,Graphite Grey,Islamabad,Local,Hatchback,1000.0,1.0,Tall-boy,660cc kei,2026-09-28,suzuki wagon r|2014|20.85|100000,False,2026-09-23T19:12,False,20.85,,,2085000.0
12053633,PakWheels,Suzuki Wagon R,FX,2012,21.6,129000.0,Automatic,Islamabad,Islamabad,,,16.0,1d,core,https://www.pakwheels.com/used-cars/suzuki-wagon-r-2012-for-sale-in-islamabad-12053633,https://cache1.pakwheels.com/ad_pictures/1522/suzuki-wagon-r-fx-2-2012-152279473.jpg,White,Lahore,Imported,Hatchback,660.0,1.0,Tall-boy,660cc kei,2026-09-28,suzuki wagon r|2012|21.6|129000,False,2026-09-26T23:29,False,21.6,,,2160000.0
12060450,PakWheels,Suzuki Swift,1 3L DLX,2013,22.35,140000.0,Manual,Islamabad,Islamabad,,,15.0,1d,core,https://www.pakwheels.com/used-cars/suzuki-swift-2013-for-sale-in-islamabad-12060450,https://cache3.pakwheels.com/ad_pictures/1523/suzuki-swift-1-3l-dlx-2013-152383191.jpg,White,Islamabad,Local,Hatchback,1300.0,1.0,Hatchback,1000-1300cc,2026-09-28,suzuki swift|2013|22.35|140000,False,2026-09-28T15:06,False,22.35,,,2235000.0
12060878,PakWheels,Suzuki Wagon R,VXR,2017,22.6,80000.0,Manual,Islamabad,Islamabad,,,7.0,1d,core,https://www.pakwheels.com/used-cars/suzuki-wagon-r-2017-for-sale-in-islamabad-12060878,https://cache4.pakwheels.com/ad_pictures/1523/suzuki-wagon-r-vxr-2017-152389421.jpg,Grey,Lahore,Local,Hatchback,1000.0,1.0,Tall-boy,660cc kei,2026-09-28,suzuki wagon r|2017|22.6|80000,False,2026-09-28T15:06,False,22.6,,,2260000.0
12017774,PakWheels,Suzuki Swift,1 3 DX,2012,23.0,98116.0,Manual,Islamabad,Islamabad,,,19.0,1d,core,https://www.pakwheels.com/used-cars/suzuki-swift-2012-for-sale-in-islamabad-12017774,https://cache4.pakwheels.com/ad_pictures/1517/suzuki-swift-1-3-dx-2012-151730385.jpg,Royal Blue,Islamabad,Local,Hatchback,1300.0,1.0,Hatchback,1000-1300cc,2026-09-28,suzuki swift|2012|23.0|98116,False,2026-09-28T15:06,False,23.0,,,2300000.0
12060065,PakWheels,Toyota Vitz,B Intelligent Package,2010,23.4,130000.0,Automatic,Islamabad,Islamabad,,,20.0,1d,core,https://www.pakwheels.com/used-cars/toyota-vitz-2010-for-sale-in-islamabad-12060065,https://cache1.pakwheels.com/ad_pictures/1523/toyota-vitz-b-intelligent-package-2010-152376997.jpg,Silver,Punjab,Imported,Hatchback,1000.0,1.0,Hatchback,1000-1300cc,2026-09-28,toyota vitz|2010|23.4|130000,False,2026-09-28T15:06,False,23.4,,,2340000.0
12044391,PakWheels,Suzuki Swift,1 3 DLX Automatic,2012,23.5,91985.0,Automatic,Islamabad,Islamabad,,,17.0,1d,core,https://www.pakwheels.com/used-cars/suzuki-swift-2012-for-sale-in-islamabad-12044391,https://cache2.pakwheels.com/ad_pictures/1521/suzuki-swift-1-3-dlx-automatic-2012-152138419.jpg,Green,Islamabad,Local,Hatchback,1300.0,1.0,Hatchback,1000-1300cc,2026-09-28,suzuki swift|2012|23.5|91985,False,2026-09-24T23:58,False,23.75,0.25,,2350000.0
12061226,PakWheels,Suzuki Wagon R,VXR,2019,23.5,167000.0,Manual,Islamabad,Islamabad,,,1.0,1d,core,https://www.pakwheels.com/used-cars/suzuki-wagon-r-2019-for-sale-in-islamabad-12061226,https://cache2.pakwheels.com/ad_pictures/1523/suzuki-wagon-r-vxr-2019-152395768.jpg,White,Punjab,Local,Hatchback,1000.0,1.0,Tall-boy,660cc kei,2026-09-28,suzuki wagon r|2019|23.5|167000,False,2026-09-29T00:32,False,23.5,,,2350000.0
12060959,PakWheels,Toyota Vitz,1 0 U,2009,23.5,11.0,Automatic,Rawalpindi,Rawalpindi,,,9.0,1d,core,https://www.pakwheels.com/used-cars/toyota-vitz-2009-for-sale-in-rawalpindi-12060959,https://cache3.pakwheels.com/ad_pictures/1523/toyota-vitz-1-0-u-2009-152390804.jpg,Grey,Lahore,Imported,Hatchback,1000.0,1.0,Hatchback,1000-1300cc,2026-09-28,toyota vitz|2009|23.5|11,False,2026-09-28T15:06,False,23.5,,mileage implausibly low,2350000.0
12009805,PakWheels,Suzuki Wagon R,VXR,2019,23.75,109000.0,Manual,Islamabad,Islamabad,,,23.0,1d,core,https://www.pakwheels.com/used-cars/suzuki-wagon-r-2019-for-sale-in-islamabad-12009805,https://cache4.pakwheels.com/ad_pictures/1516/suzuki-wagon-r-vxr-2019-151609561.jpg,White,Islamabad,Local,Hatchback,1000.0,1.0,Tall-boy,660cc kei,2026-09-28,suzuki wagon r|2019|23.75|109000,False,2026-09-28T15:06,False,23.75,,,2375000.0
11854698,PakWheels,Nissan Dayz,X,2013,23.8,78000.0,Automatic,Islamabad,Islamabad,,,7.0,1d,core,https://www.pakwheels.com/used-cars/nissan-dayz-2013-for-sale-in-islamabad-11854698,https://cache4.pakwheels.com/ad_pictures/1492/nissan-dayz-x-40-2013-149228331.jpg,Unlisted,Islamabad,Imported,Hatchback,660.0,1.0,Hatchback,660cc kei,2026-09-28,nissan dayz|2013|23.8|78000,False,2026-08-13T17:22,False,24.25,0.45,,2380000.0
12051488,PakWheels,Suzuki Wagon R,VXL,2016,23.9,72.0,Manual,Islamabad,Islamabad,,,6.0,1d,core,https://www.pakwheels.com/used-cars/suzuki-wagon-r-2016-for-sale-in-islamabad-12051488,https://cache3.pakwheels.com/ad_pictures/1522/suzuki-wagon-r-vxl-2016-152244362.jpg,Grey,Islamabad,Local,Hatchback,1000.0,1.0,Tall-boy,660cc kei,2026-09-28,suzuki wagon r|2016|23.9|72,False,2026-09-28T15:06,False,23.9,,mileage implausibly low,2390000.0
12048567,PakWheels,Suzuki Alto,ECO S,2014,23.95,100000.0,Automatic,Islamabad,Islamabad,,,14.0,1d,core,https://www.pakwheels.com/used-cars/suzuki-alto-2014-for-sale-in-islamabad-12048567,https://cache3.pakwheels.com/ad_pictures/1522/suzuki-alto-eco-s-2014-152201870.jpg,White,Islamabad,Imported,Hatchback,660.0,1.0,Hatchback,660cc kei,2026-09-28,suzuki alto|2014|23.95|100000,False,2026-09-25T19:34,False,23.95,,,2395000.0
12059205,PakWheels,Suzuki Alto,VXR,2020,23.95,73809.0,Manual,Rawalpindi,Rawalpindi,,,11.0,1d,core,https://www.pakwheels.com/used-cars/suzuki-alto-2020-for-sale-in-rawalpindi-12059205,https://cache2.pakwheels.com/ad_pictures/1523/suzuki-alto-vxr-2-2020-152367732.jpg,White,Punjab,Local,Hatchback,1000.0,1.0,Hatchback,660cc kei,2026-09-28,suzuki alto|2020|23.95|73809,False,2026-09-28T02:13,False,23.95,,,2395000.0
12060547,PakWheels,Mitsubishi EK Wagon,T Safety Package,2017,24.0,112000.0,Automatic,Islamabad,Islamabad,,,9.0,1d,core,https://www.pakwheels.com/used-cars/mitsubishi-ek-wagon-2017-for-sale-in-islamabad-12060547,https://cache4.pakwheels.com/ad_pictures/1523/mitsubishi-ek-wagon-t-safety-package-2017-152383975.jpg,Navy,Punjab,Imported,Hatchback,660.0,1.0,Hatchback,660cc kei,2026-09-28,mitsubishi ek wagon|2017|24.0|112000,False,2026-09-28T15:06,False,24.0,,,2400000.0
1119842265,OLX,Toyota Vitz,2000,2000,24.0,123456.0,,Islamabad,"PWD Housing Scheme, Islamabad",,,,1d,core,https://www.olx.com.pk/item/-iid-1119842265,https://images.olx.com.pk/thumbnails/648943614-600x450.jpeg,,,,,,1.0,Hatchback,1000-1300cc,2026-09-28,toyota vitz|2000|24.0|123456,False,2026-09-28T15:06,False,24.0,,,2400000.0
12059923,PakWheels,Suzuki Alto,VXR,2020,24.1,123.0,Manual,Islamabad,Islamabad,,,20.0,1d,core,https://www.pakwheels.com/used-cars/suzuki-alto-2020-for-sale-in-islamabad-12059923,https://cache3.pakwheels.com/ad_pictures/1523/suzuki-alto-vxr-2-2020-152374855.jpg,White,Islamabad,Local,Hatchback,660.0,1.0,Hatchback,660cc kei,2026-09-28,suzuki alto|2020|24.1|123,False,2026-09-28T15:06,False,24.1,,mileage implausibly low,2410000.0
12059672,PakWheels,Suzuki Wagon R,VXL,2019,24.2,126000.0,Manual,Islamabad,Islamabad,,,12.0,1d,core,https://www.pakwheels.com/used-cars/suzuki-wagon-r-2019-for-sale-in-islamabad-12059672,https://cache3.pakwheels.com/ad_pictures/1523/suzuki-wagon-r-vxl-2019-152370850.jpg,White,Punjab,Local,Hatchback,1000.0,1.0,Tall-boy,660cc kei,2026-09-28,suzuki wagon r|2019|24.2|126000,False,2026-09-28T02:13,False,24.2,,,2420000.0
11904235,PakWheels,Honda N Box,G,2014,24.5,93263.0,Automatic,Islamabad,Islamabad,Managed by PakWheels,4.4,14.0,1d,core,https://www.pakwheels.com/used-cars/honda-n-box-2014-for-sale-in-islamabad-11904235,https://cache2.pakwheels.com/ad_pictures/1499/honda-n-box-g-12-2014-149990645.jpg,Pearl White,Islamabad,Imported,Hatchback,660.0,1.0,Tall-boy,660cc kei,2026-09-28,honda n box|2014|24.5|93263,False,2026-08-24T23:41,False,25.5,1.0,,2450000.0
12059229,PakWheels,Suzuki Swift,1 3L DLX,2014,24.5,100000.0,Manual,Rawalpindi,Rawalpindi,,,16.0,1d,core,https://www.pakwheels.com/used-cars/suzuki-swift-2014-for-sale-in-rawalpindi-12059229,https://cache1.pakwheels.com/ad_pictures/1523/suzuki-swift-1-3l-dlx-2014-152363984.jpg,White,Islamabad,Local,Hatchback,1300.0,1.0,Hatchback,1000-1300cc,2026-09-28,suzuki swift|2014|24.5|100000,False,2026-09-28T15:06,False,24.5,,,2450000.0
1119842761,OLX,Toyota Belta,2007,2007,24.5,280000.0,,Attock,"Kamra Road, Attock",,,,1d,near,https://www.olx.com.pk/item/-iid-1119842761,https://images.olx.com.pk/thumbnails/648946427-600x450.jpeg,,,,,,1.0,Hatchback,1000-1300cc,2026-09-28,toyota belta|2007|24.5|280000,False,2026-09-28T15:06,False,24.5,,outside city - Wah/Taxila/Attock/Jhelum area,2450000.0
12060307,PakWheels,Toyota Vitz,B Intelligent Package,2008,24.8,138000.0,Automatic,Rawalpindi,Rawalpindi,,,10.0,1d,core,https://www.pakwheels.com/used-cars/toyota-vitz-2008-for-sale-in-rawalpindi-12060307,https://cache4.pakwheels.com/ad_pictures/1523/toyota-vitz-b-intelligent-package-2008-152379815.jpg,Silver,Islamabad,Imported,Hatchback,1000.0,1.0,Hatchback,1000-1300cc,2026-09-28,toyota vitz|2008|24.8|138000,False,2026-09-28T15:06,False,24.8,,,2480000.0
12050325,PakWheels,Suzuki Alto,VXL,2019,24.9,99000.0,Automatic,Islamabad,Islamabad,,,20.0,1d,core,https://www.pakwheels.com/used-cars/suzuki-alto-2019-for-sale-in-islamabad-12050325,https://cache2.pakwheels.com/ad_pictures/1522/suzuki-alto-vxl-2-2019-152226660.jpg,White,Lahore,Local,Hatchback,660.0,1.0,Hatchback,660cc kei,2026-09-28,suzuki alto|2019|24.9|99000,False,2026-09-26T14:00,False,24.9,,,2490000.0
12060855,PakWheels,Suzuki Alto,VXL,2019,24.95,81000.0,Automatic,Islamabad,Islamabad,,,11.0,1d,core,https://www.pakwheels.com/used-cars/suzuki-alto-2019-for-sale-in-islamabad-12060855,https://cache2.pakwheels.com/ad_pictures/1523/suzuki-alto-vxl-2-2019-152389220.jpg,White,Islamabad,Local,Hatchback,660.0,1.0,Hatchback,660cc kei,2026-09-28,suzuki alto|2019|24.95|81000,False,2026-09-28T15:06,False,24.95,,,2495000.0
12059136,PakWheels,Suzuki Alto,VXR,2021,24.95,95000.0,Manual,Islamabad,Islamabad,,,9.0,1d,core,https://www.pakwheels.com/used-cars/suzuki-alto-2021-for-sale-in-islamabad-12059136,https://cache4.pakwheels.com/ad_pictures/1523/suzuki-alto-vxr-2-2021-152363166.jpg,Silver,Islamabad,Local,Hatchback,660.0,1.0,Hatchback,660cc kei,2026-09-28,suzuki alto|2021|24.95|95000,False,2026-09-27T21:48,False,24.95,,,2495000.0
12060300,PakWheels,Suzuki Wagon R,,2014,25.0,150000.0,Automatic,Rawalpindi,Rawalpindi,,,10.0,1d,core,https://www.pakwheels.com/used-cars/suzuki-wagon-r-2014-for-sale-in-rawalpindi-12060300,https://cache1.pakwheels.com/ad_pictures/1523/suzuki-wagon-r-2014-152380249.jpg,Black,Islamabad,Imported,,660.0,1.0,Tall-boy,660cc kei,2026-09-28,suzuki wagon r|2014|25.0|150000,False,2026-09-28T15:06,False,27.0,2.0,,2500000.0
11571929,PakWheels,Daihatsu Move,Custom X Limited,2014,25.25,81000.0,Automatic,Islamabad,Islamabad,,,11.0,24h,core,https://www.pakwheels.com/used-cars/daihatsu-move-2014-for-sale-in-islamabad-11571929,https://cache3.pakwheels.com/ad_pictures/1449/daihatsu-move-custom-x-limited-2014-144926198.jpg,Unlisted,Islamabad,Imported,Hatchback,660.0,1.0,Tall-boy,660cc kei,2026-09-28,daihatsu move|2014|25.25|81000,False,2026-07-30T17:22,False,26.25,1.0,,2525000.0
12005184,PakWheels,Suzuki Wagon R,FX Limited,2014,25.4,81000.0,Automatic,Islamabad,Islamabad,,,10.0,1d,core,https://www.pakwheels.com/used-cars/suzuki-wagon-r-2014-for-sale-in-islamabad-12005184,https://cache2.pakwheels.com/ad_pictures/1515/suzuki-wagon-r-fx-limited-2014-151535375.jpg,Black,Islamabad,Imported,Hatchback,660.0,1.0,Tall-boy,660cc kei,2026-09-28,suzuki wagon r|2014|25.4|81000,False,2026-09-16T13:58,False,25.4,,,2540000.0
12061170,PakWheels,Daihatsu Mira ES,,2012,25.5,150000.0,Automatic,Rawalpindi,Rawalpindi,,,17.0,1d,core,https://www.pakwheels.com/used-cars/daihatsu-mira-2012-for-sale-in-rawalpindi-12061170,https://cache1.pakwheels.com/ad_pictures/1523/daihatsu-mira-es-2012-152393448.jpg,Silver,Islamabad,Imported,Hatchback,660.0,1.0,Hatchback,660cc kei,2026-09-28,daihatsu mira es|2012|25.5|150000,False,2026-09-28T15:06,False,25.5,,,2550000.0
1119844877,OLX,Daihatsu Mira,2012,2012,25.5,150000.0,,Rawalpindi,"Chak Beli Khan, Rawalpindi",,,,1d,core,https://www.olx.com.pk/item/-iid-1119844877,https://images.olx.com.pk/thumbnails/648959514-600x450.jpeg,,,,,,1.0,Hatchback,660cc kei,2026-09-28,daihatsu mira|2012|25.5|150000,False,2026-09-28T15:06,False,25.5,,,2550000.0
1119844411,OLX,Toyota Passo,2007,2007,25.5,86630.0,,Islamabad,"Naval Farms Housing Scheme Sector A, Islamabad",,,,1d,core,https://www.olx.com.pk/item/-iid-1119844411,https://images.olx.com.pk/thumbnails/648956442-600x450.jpeg,,,,,,1.0,Hatchback,1000-1300cc,2026-09-28,toyota passo|2007|25.5|86630,False,2026-09-28T15:06,False,25.5,,,2550000.0
1119438409,OLX,Suzuki Alto,VXR 2021. /03213107217/,2021,25.5,130000.0,,Islamabad,"F-11 Markaz, Islamabad",,,,1d,core,https://www.olx.com.pk/item/-iid-1119438409,https://images.olx.com.pk/thumbnails/646529426-600x450.jpeg,,,,,,1.0,Hatchback,660cc kei,2026-09-28,suzuki alto|2021|25.5|130000,False,2026-09-28T15:06,False,25.5,,,2550000.0
12047986,PakWheels,Suzuki Alto,VXR,2021,25.6,92000.0,Manual,Islamabad,Islamabad,,,6.0,1d,core,https://www.pakwheels.com/used-cars/suzuki-alto-2021-for-sale-in-islamabad-12047986,https://cache4.pakwheels.com/ad_pictures/1521/suzuki-alto-vxr-2-2021-152195304.jpg,White,Islamabad,Local,Hatchback,1000.0,1.0,Hatchback,660cc kei,2026-09-28,suzuki alto|2021|25.6|92000,False,2026-09-25T19:34,False,25.75,0.15,,2560000.0
12028452,PakWheels,Daihatsu Mira,G Smart Drive Package,2015,25.75,81000.0,Automatic,Islamabad,Islamabad,,,10.0,1d,core,https://www.pakwheels.com/used-cars/daihatsu-mira-2015-for-sale-in-islamabad-12028452,https://cache4.pakwheels.com/ad_pictures/1518/daihatsu-mira-g-smart-drive-package-2015-151896723.jpg,Beige,Islamabad,Imported,Hatchback,660.0,1.0,Hatchback,660cc kei,2026-09-28,daihatsu mira|2015|25.75|81000,False,2026-09-21T20:51,False,25.75,,,2575000.0
12047771,PakWheels,Suzuki Wagon R,VXL,2018,25.8,74000.0,Manual,Islamabad,Islamabad,,,20.0,1d,core,https://www.pakwheels.com/used-cars/suzuki-wagon-r-2018-for-sale-in-islamabad-12047771,https://cache3.pakwheels.com/ad_pictures/1521/suzuki-wagon-r-vxl-2018-152189265.jpg,White,Punjab,Local,Hatchback,1000.0,1.0,Tall-boy,660cc kei,2026-09-28,suzuki wagon r|2018|25.8|74000,False,2026-09-25T19:34,False,25.8,,,2580000.0
12053069,PakWheels,Suzuki Alto,VXR,2021,26.0,62467.0,Manual,Rawalpindi,Rawalpindi,Managed by PakWheels,8.8,14.0,1d,core,https://www.pakwheels.com/used-cars/suzuki-alto-2021-for-sale-in-rawalpindi-12053069,https://cache4.pakwheels.com/ad_pictures/1522/suzuki-alto-vxr-2-2021-152271034.jpg,Solid White,Punjab,Local,Hatchback,660.0,1.0,Hatchback,660cc kei,2026-09-28,suzuki alto|2021|26.0|62467,False,2026-09-26T18:44,False,26.0,,,2600000.0
12059153,PakWheels,Suzuki Wagon R,X,2015,26.0,96000.0,Automatic,Islamabad,Islamabad,,,4.0,1d,core,https://www.pakwheels.com/used-cars/suzuki-wagon-r-2015-for-sale-in-islamabad-12059153,https://cache4.pakwheels.com/ad_pictures/1523/suzuki-wagon-r-x-14-2015-152363467.jpg,Black,Islamabad,Imported,Hatchback,660.0,1.0,Tall-boy,660cc kei,2026-09-28,suzuki wagon r|2015|26.0|96000,False,2026-09-28T02:13,False,26.0,,,2600000.0
12061340,PakWheels,Suzuki Wagon R,VXR,2018,26.0,95296.0,Manual,Islamabad,Islamabad,,,20.0,24h,core,https://www.pakwheels.com/used-cars/suzuki-wagon-r-2018-for-sale-in-islamabad-12061340,https://cache4.pakwheels.com/ad_pictures/1523/suzuki-wagon-r-vxr-2018-152397983.jpg,Solid White,Rawalpindi,Local,Hatchback,1000.0,1.0,Tall-boy,660cc kei,2026-09-28,suzuki wagon r|2018|26.0|95296,False,2026-09-29T00:32,False,26.0,,,2600000.0
11606300,PakWheels,Toyota Belta,X 1 3,2006,26.0,218000.0,Automatic,Islamabad,Islamabad,,,19.0,1d,core,https://www.pakwheels.com/used-cars/toyota-belta-2006-for-sale-in-islamabad-11606300,https://cache3.pakwheels.com/ad_pictures/1458/toyota-belta-x-1-3-2-2006-145827208.jpg,Silver Metallic,Lahore,Imported,Sedan,1300.0,1.0,Hatchback,1000-1300cc,2026-09-28,toyota belta|2006|26.0|218000,False,2026-09-28T15:06,False,26.0,,,2600000.0
11585619,PakWheels,Suzuki Wagon R,FX Limited,2014,26.25,71000.0,Automatic,Islamabad,Islamabad,,,11.0,1d,core,https://www.pakwheels.com/used-cars/suzuki-wagon-r-2014-for-sale-in-islamabad-11585619,https://cache4.pakwheels.com/ad_pictures/1451/suzuki-wagon-r-fx-limited-2014-145130761.jpg,Black,Islamabad,Imported,Hatchback,660.0,1.0,Tall-boy,660cc kei,2026-09-28,suzuki wagon r|2014|26.25|71000,False,2026-09-28T15:06,False,26.25,,,2625000.0
12060984,PakWheels,Suzuki Alto,VXR,2022,26.35,150000.0,Manual,Rawalpindi,Rawalpindi,,,11.0,1d,core,https://www.pakwheels.com/used-cars/suzuki-alto-2022-for-sale-in-rawalpindi-12060984,https://cache4.pakwheels.com/ad_pictures/1523/suzuki-alto-vxr-2-2022-152391241.jpg,White,Islamabad,Local,Hatchback,660.0,1.0,Hatchback,660cc kei,2026-09-28,suzuki alto|2022|26.35|150000,False,2026-09-28T15:06,False,26.35,,,2635000.0
11861753,PakWheels,Daihatsu Mira ES,,2014,26.5,125000.0,Automatic,Rawalpindi,Rawalpindi,,,7.0,1d,core,https://www.pakwheels.com/used-cars/daihatsu-mira-2014-for-sale-in-rawalpindi-11861753,https://cache1.pakwheels.com/ad_pictures/1493/daihatsu-mira-es-2014-149336763.jpg,White,Islamabad,Imported,Hatchback,660.0,1.0,Hatchback,660cc kei,2026-09-28,daihatsu mira es|2014|26.5|125000,False,2026-09-28T02:13,False,26.5,,,2650000.0
12061133,PakWheels,Suzuki Swift,DLX 1 3 Navigation,2018,26.5,105870.0,Manual,Islamabad,Islamabad,,,5.0,1d,core,https://www.pakwheels.com/used-cars/suzuki-swift-2018-for-sale-in-islamabad-12061133,https://cache2.pakwheels.com/ad_pictures/1523/suzuki-swift-dlx-1-3-navigation-2018-152393794.jpg,White,Islamabad,Local,Hatchback,1300.0,1.0,Hatchback,1000-1300cc,2026-09-28,suzuki swift|2018|26.5|105870,False,2026-09-28T15:06,False,26.5,,,2650000.0
12060966,PakWheels,Toyota Vitz,F M Package,2012,26.5,168000.0,Automatic,Rawalpindi,Rawalpindi,,,20.0,1d,core,https://www.pakwheels.com/used-cars/toyota-vitz-2012-for-sale-in-rawalpindi-12060966,https://cache2.pakwheels.com/ad_pictures/1523/toyota-vitz-f-m-package-2012-152391109.jpg,Silver,Punjab,Imported,Hatchback,1000.0,1.0,Hatchback,1000-1300cc,2026-09-28,toyota vitz|2012|26.5|168000,False,2026-09-28T15:06,False,26.5,,,2650000.0
12036917,PakWheels,Suzuki Swift,1 3 DLX Automatic,2016,26.5,96000.0,Automatic,Rawalpindi,Rawalpindi,,,18.0,1d,core,https://www.pakwheels.com/used-cars/suzuki-swift-2016-for-sale-in-rawalpindi-12036917,https://cache4.pakwheels.com/ad_pictures/1520/suzuki-swift-1-3-dlx-automatic-2016-152027875.jpg,White,Islamabad,Local,Hatchback,1300.0,1.0,Hatchback,1000-1300cc,2026-09-28,suzuki swift|2016|26.5|96000,False,2026-09-28T15:06,False,26.5,,,2650000.0
12007024,PakWheels,Toyota Vitz,1 0 F,2012,26.75,150000.0,Automatic,Rawalpindi,Rawalpindi,,,8.0,1d,core,https://www.pakwheels.com/used-cars/toyota-vitz-2012-for-sale-in-rawalpindi-12007024,https://cache2.pakwheels.com/ad_pictures/1515/toyota-vitz-1-0-f-2012-151566156.jpg,Grey,Lahore,Imported,Hatchback,1000.0,1.0,Hatchback,1000-1300cc,2026-09-28,toyota vitz|2012|26.75|150000,False,2026-09-28T15:06,False,26.75,,,2675000.0
12060718,PakWheels,Suzuki Alto,VXR,2022,27.2,10000.0,Manual,Rawalpindi,Rawalpindi,,,15.0,1d,core,https://www.pakwheels.com/used-cars/suzuki-alto-2022-for-sale-in-rawalpindi-12060718,https://cache3.pakwheels.com/ad_pictures/1523/suzuki-alto-vxr-2-2022-152387347.jpg,White,Islamabad,Local,Hatchback,660.0,1.0,Hatchback,660cc kei,2026-09-28,suzuki alto|2022|27.2|10000,False,2026-09-28T15:06,False,27.2,,,2720000.0
12060902,PakWheels,Suzuki Alto,VXL,2021,27.25,75000.0,Automatic,Rawalpindi,Rawalpindi,,,11.0,1d,core,https://www.pakwheels.com/used-cars/suzuki-alto-2021-for-sale-in-rawalpindi-12060902,https://cache1.pakwheels.com/ad_pictures/1523/suzuki-alto-vxl-2-2021-152390103.jpg,White,Islamabad,Local,Hatchback,660.0,1.0,Hatchback,660cc kei,2026-09-28,suzuki alto|2021|27.25|75000,False,2026-09-28T15:06,False,27.25,,,2725000.0
12060252,PakWheels,Suzuki Wagon R,VXL,2020,27.5,140000.0,Manual,Rawalpindi,Rawalpindi,,,7.0,1d,core,https://www.pakwheels.com/used-cars/suzuki-wagon-r-2020-for-sale-in-rawalpindi-12060252,https://cache1.pakwheels.com/ad_pictures/1523/suzuki-wagon-r-vxl-2020-152379302.jpg,Silver,Islamabad,Local,Hatchback,1000.0,1.0,Tall-boy,660cc kei,2026-09-28,suzuki wagon r|2020|27.5|140000,False,2026-09-28T15:06,False,27.5,,,2750000.0
1119838541,OLX,Toyota Passo,2014,2014,27.5,200000.0,,Rawalpindi,"Range Road, Rawalpindi",,,,1d,core,https://www.olx.com.pk/item/-iid-1119838541,https://images.olx.com.pk/thumbnails/648921895-600x450.jpeg,,,,,,1.0,Hatchback,1000-1300cc,2026-09-28,toyota passo|2014|27.5|200000,False,2026-09-28T15:06,False,27.5,,,2750000.0
12004534,PakWheels,Suzuki Wagon R,VXR,2021,27.75,38000.0,Manual,Islamabad,Islamabad,,,15.0,1d,core,https://www.pakwheels.com/used-cars/suzuki-wagon-r-2021-for-sale-in-islamabad-12004534,https://cache2.pakwheels.com/ad_pictures/1515/suzuki-wagon-r-vxr-2021-151524513.jpg,White,Islamabad,Local,Hatchback,1000.0,1.0,Tall-boy,660cc kei,2026-09-28,suzuki wagon r|2021|27.75|38000,False,2026-09-16T13:58,False,28.0,0.25,,2775000.0
12045024,PakWheels,Suzuki Wagon R,VXL,2020,27.8,72000.0,Manual,Rawalpindi,Rawalpindi,,,5.0,1d,core,https://www.pakwheels.com/used-cars/suzuki-wagon-r-2020-for-sale-in-rawalpindi-12045024,https://cache4.pakwheels.com/ad_pictures/1521/suzuki-wagon-r-vxl-2020-152147936.jpg,White,Islamabad,Local,Hatchback,1000.0,1.0,Tall-boy,660cc kei,2026-09-28,suzuki wagon r|2020|27.8|72000,False,2026-09-28T15:06,False,27.8,,,2780000.0
12047035,PakWheels,Suzuki Wagon R,VXR,2021,28.0,60000.0,Manual,Islamabad,Islamabad,,,17.0,1d,core,https://www.pakwheels.com/used-cars/suzuki-wagon-r-2021-for-sale-in-islamabad-12047035,https://cache2.pakwheels.com/ad_pictures/1521/suzuki-wagon-r-vxr-2021-152177841.jpg,White,Islamabad,Local,Hatchback,1000.0,1.0,Tall-boy,660cc kei,2026-09-28,suzuki wagon r|2021|28.0|60000,False,2026-09-25T19:34,False,28.0,,,2800000.0
12059534,PakWheels,Toyota Vitz,,2012,28.0,156000.0,Automatic,Rawalpindi,Rawalpindi,,,14.0,1d,core,https://www.pakwheels.com/used-cars/toyota-vitz-2012-for-sale-in-rawalpindi-12059534,https://cache4.pakwheels.com/ad_pictures/1523/toyota-vitz-2012-152368876.jpg,Black,Sindh,Imported,Hatchback,1000.0,1.0,Hatchback,1000-1300cc,2026-09-28,toyota vitz|2012|28.0|156000,False,2026-09-28T02:13,False,28.0,,,2800000.0
12058896,PakWheels,Daihatsu Move,Custom X Limited,2014,28.5,134500.0,Automatic,Rawalpindi,Rawalpindi,,,7.0,1d,core,https://www.pakwheels.com/used-cars/daihatsu-move-2014-for-sale-in-rawalpindi-12058896,https://cache4.pakwheels.com/ad_pictures/1523/daihatsu-move-custom-x-limited-2014-152359897.jpg,Black,Islamabad,Imported,Hatchback,660.0,1.0,Tall-boy,660cc kei,2026-09-28,daihatsu move|2014|28.5|134500,False,2026-09-27T21:48,False,28.5,,,2850000.0
12010671,PakWheels,Suzuki Swift,DLX Automatic 1 3 Navigation,2019,28.5,68000.0,Automatic,Islamabad,Islamabad,,,8.0,1d,core,https://www.pakwheels.com/used-cars/suzuki-swift-2019-for-sale-in-islamabad-12010671,https://cache2.pakwheels.com/ad_pictures/1516/suzuki-swift-dlx-automatic-1-3-navigation-2019-151624217.jpg,White,Islamabad,Local,Hatchback,1300.0,1.0,Hatchback,1000-1300cc,2026-09-28,suzuki swift|2019|28.5|68000,False,2026-09-28T15:06,False,28.5,,,2850000.0
11966298,PakWheels,Toyota Vitz,1 3 ILL,2007,29.0,120000.0,Automatic,Rawalpindi,Rawalpindi,,,20.0,1d,core,https://www.pakwheels.com/used-cars/toyota-vitz-2007-for-sale-in-rawalpindi-11966298,https://cache4.pakwheels.com/ad_pictures/1509/toyota-vitz-1-3-ill-2007-150937382.jpg,Maroon,Islamabad,Imported,Hatchback,1300.0,1.0,Hatchback,1000-1300cc,2026-09-28,toyota vitz|2007|29.0|120000,True,2026-09-07T20:00,False,29.0,,duplicate listing,2900000.0
12052457,PakWheels,Toyota Passo,1 0 X,2015,29.25,106000.0,Automatic,Rawalpindi,Rawalpindi,,,8.0,1d,core,https://www.pakwheels.com/used-cars/toyota-passo-2015-for-sale-in-rawalpindi-12052457,https://cache3.pakwheels.com/ad_pictures/1522/toyota-passo-1-0-x-2015-152261179.jpg,Silver,Lahore,Imported,Hatchback,1000.0,1.0,Hatchback,1000-1300cc,2026-09-28,toyota passo|2015|29.25|106000,True,2026-09-28T15:06,False,29.25,,duplicate listing,2925000.0
12041388,PakWheels,Suzuki Alto,VXR,2024,29.3,53800.0,Manual,Islamabad,Islamabad,,,10.0,1d,core,https://www.pakwheels.com/used-cars/suzuki-alto-2024-for-sale-in-islamabad-12041388,https://cache3.pakwheels.com/ad_pictures/1520/suzuki-alto-vxr-2-2024-152093906.jpg,White,Islamabad,Local,Hatchback,660.0,1.0,Hatchback,660cc kei,2026-09-28,suzuki alto|2024|29.3|53800,False,2026-09-28T15:06,False,29.3,,,2930000.0
12060003,PakWheels,Suzuki Alto,VXL,2021,29.5,75000.0,Automatic,Islamabad,Islamabad,,,6.0,1d,core,https://www.pakwheels.com/used-cars/suzuki-alto-2021-for-sale-in-islamabad-12060003,https://cache1.pakwheels.com/ad_pictures/1523/suzuki-alto-vxl-2-2021-152375942.jpg,White,Islamabad,Local,Hatchback,660.0,1.0,Hatchback,660cc kei,2026-09-28,suzuki alto|2021|29.5|75000,False,2026-09-28T15:06,False,29.5,,,2950000.0
11966268,PakWheels,Toyota Vitz,1 0 F,2011,29.5,135000.0,Automatic,Islamabad,Islamabad,,,11.0,1d,core,https://www.pakwheels.com/used-cars/toyota-vitz-2011-for-sale-in-islamabad-11966268,https://cache3.pakwheels.com/ad_pictures/1511/toyota-vitz-1-0-f-2011-151117849.jpg,Grey,Islamabad,Imported,Hatchback,1000.0,1.0,Hatchback,1000-1300cc,2026-09-28,toyota vitz|2011|29.5|135000,False,2026-09-20T13:58,False,30.0,0.5,,2950000.0
12023666,PakWheels,Toyota Vitz,1 3 Racy RS,2003,29.5,165000.0,Automatic,Islamabad,Islamabad,,,20.0,1d,core,https://www.pakwheels.com/used-cars/toyota-vitz-2003-for-sale-in-islamabad-12023666,https://cache2.pakwheels.com/ad_pictures/1518/toyota-vitz-1-3-racy-rs-2-2003-151822171.jpg,White,Islamabad,Imported,Hatchback,1300.0,1.0,Hatchback,1000-1300cc,2026-09-28,toyota vitz|2003|29.5|165000,False,2026-09-23T19:12,False,29.5,,,2950000.0
11956659,PakWheels,Toyota Passo,Plus Hana,2015,29.5,87000.0,Automatic,Islamabad,Islamabad,,,20.0,1d,core,https://www.pakwheels.com/used-cars/toyota-passo-2015-for-sale-in-islamabad-11956659,https://cache2.pakwheels.com/ad_pictures/1507/toyota-passo-plus-hana-2015-150787585.jpg,Burgundy,Islamabad,Imported,Hatchback,1000.0,1.0,Hatchback,1000-1300cc,2026-09-28,toyota passo|2015|29.5|87000,False,2026-09-28T15:06,False,29.5,,,2950000.0
1114991797,OLX,Toyota Passo,2012 class cutted car auction sheet available,2012,29.5,156000.0,,Rawalpindi,"Snober City, Rawalpindi",,,,1d,core,https://www.olx.com.pk/item/-iid-1114991797,https://images.olx.com.pk/thumbnails/620310296-600x450.jpeg,,,,,,1.0,Hatchback,1000-1300cc,2026-09-28,toyota passo|2012|29.5|156000,False,2026-09-28T15:06,False,29.5,,,2950000.0
12040017,PakWheels,Toyota Passo,,2014,29.9,92000.0,Automatic,Rawalpindi,Rawalpindi,,,14.0,1d,core,https://www.pakwheels.com/used-cars/toyota-passo-2014-for-sale-in-rawalpindi-12040017,https://cache3.pakwheels.com/ad_pictures/1520/toyota-passo-2014-152077752.jpg,White,Islamabad,Imported,,1000.0,1.0,Hatchback,1000-1300cc,2026-09-28,toyota passo|2014|29.9|92000,False,2026-09-27T21:48,False,29.9,,,2990000.0
12060350,PakWheels,Toyota Belta,G 1 3,2006,29.99999,200384.0,Automatic,Islamabad,Islamabad,,,3.0,1d,core,https://www.pakwheels.com/used-cars/toyota-belta-2006-for-sale-in-islamabad-12060350,https://cache2.pakwheels.com/ad_pictures/1523/toyota-belta-g-1-3-2-2006-152381647.jpg,Super White,Sindh,Imported,Sedan,1300.0,1.0,Hatchback,1000-1300cc,2026-09-28,toyota belta|2006|30.0|200384,False,2026-09-28T15:06,False,29.99999,,,2999999.0
12056045,PakWheels,Nissan Moco,,2004,10.5,150000.0,Automatic,Islamabad,Islamabad,,,17.0,2d,core,https://www.pakwheels.com/used-cars/nissan-moco-2004-for-sale-in-islamabad-12056045,https://cache2.pakwheels.com/ad_pictures/1523/nissan-moco-2004-152313566.jpg,Grey,Karachi,Imported,,660.0,2.0,Hatchback,660cc kei,2026-09-27,nissan moco|2004|10.5|150000,False,2026-09-27T21:48,False,10.5,,,1050000.0
11693581,PakWheels,Suzuki Baleno,ELI,2000,10.5,100000.0,Manual,Rawalpindi,Rawalpindi,,,3.0,2d,core,https://www.pakwheels.com/used-cars/suzuki-baleno-2000-for-sale-in-rawalpindi-11693581,https://cache1.pakwheels.com/ad_pictures/1467/suzuki-baleno-eli-2000-146760635.jpg,Silky Silver,Lahore,Local,Sedan,1300.0,2.0,Hatchback,1000-1300cc,2026-09-27,suzuki baleno|2000|10.5|100000,False,2026-09-27T21:48,False,10.5,,,1050000.0
12058415,PakWheels,Mitsubishi Pajero Mini,,1995,11.0,150417.0,Manual,Rawalpindi,Rawalpindi,,,6.0,2d,core,https://www.pakwheels.com/used-cars/mitsubishi-pajero-mini-1995-for-sale-in-rawalpindi-12058415,https://cache4.pakwheels.com/ad_pictures/1523/mitsubishi-pajero-mini-1995-152352505.jpg,Green,Sindh,Imported,,660.0,2.0,Tall-boy,660cc kei,2026-09-27,mitsubishi pajero mini|1995|11.0|150417,False,2026-09-27T21:48,False,11.0,,,1100000.0
12058540,PakWheels,Suzuki Baleno,JXR,2004,11.25,200000.0,Manual,Rawalpindi,Rawalpindi,,,14.0,2d,core,https://www.pakwheels.com/used-cars/suzuki-baleno-2004-for-sale-in-rawalpindi-12058540,https://cache2.pakwheels.com/ad_pictures/1523/suzuki-baleno-jxr-2004-152354237.jpg,White,Sindh,Local,Sedan,1300.0,2.0,Hatchback,1000-1300cc,2026-09-27,suzuki baleno|2004|11.25|200000,False,2026-09-28T15:06,False,11.3,0.05,,1125000.0
12058151,PakWheels,Suzuki Alto,VXR,2005,11.3,180000.0,Manual,Islamabad,Islamabad,,,16.0,2d,core,https://www.pakwheels.com/used-cars/suzuki-alto-2005-for-sale-in-islamabad-12058151,https://cache1.pakwheels.com/ad_pictures/1523/suzuki-alto-vxr-2-2005-152346654.jpg,White,Punjab,Local,Hatchback,1000.0,2.0,Hatchback,660cc kei,2026-09-27,suzuki alto|2005|11.3|180000,False,2026-09-27T21:48,False,12.8,1.5,,1130000.0
12020885,PakWheels,Suzuki Alto,VXR,2008,11.8,80000.0,Manual,Rawalpindi,Rawalpindi,,,17.0,2d,core,https://www.pakwheels.com/used-cars/suzuki-alto-2008-for-sale-in-rawalpindi-12020885,https://cache4.pakwheels.com/ad_pictures/1517/suzuki-alto-vxr-2-2008-151781728.jpg,Blue,Lahore,Local,Hatchback,1000.0,2.0,Hatchback,660cc kei,2026-09-27,suzuki alto|2008|11.8|80000,False,2026-09-27T14:38,False,11.8,,,1180000.0
11714261,PakWheels,Suzuki Alto,VXR,2010,12.0,70000.0,Manual,Islamabad,Islamabad,,,10.0,2d,core,https://www.pakwheels.com/used-cars/suzuki-alto-2010-for-sale-in-islamabad-11714261,https://cache3.pakwheels.com/ad_pictures/1470/suzuki-alto-vxr-2-2010-147073761.jpg,Green,Islamabad,Local,Hatchback,1000.0,2.0,Hatchback,660cc kei,2026-09-27,suzuki alto|2010|12.0|70000,False,2026-09-27T21:48,False,12.0,,,1200000.0
12058887,PakWheels,Suzuki Baleno,GLI P,1999,12.1,208338.0,Manual,Islamabad,Islamabad,,,10.0,2d,core,https://www.pakwheels.com/used-cars/suzuki-baleno-1999-for-sale-in-islamabad-12058887,https://cache3.pakwheels.com/ad_pictures/1523/suzuki-baleno-gli-p-1999-152359943.jpg,White,Islamabad,Local,Sedan,1300.0,2.0,Hatchback,1000-1300cc,2026-09-27,suzuki baleno|1999|12.1|208338,False,2026-09-27T21:48,False,12.3,0.2,,1210000.0
12058579,PakWheels,Mitsubishi Pajero Mini,Limited,2006,12.5,50000.0,Automatic,Islamabad,Islamabad,,,5.0,2d,core,https://www.pakwheels.com/used-cars/mitsubishi-pajero-mini-2006-for-sale-in-islamabad-12058579,https://cache3.pakwheels.com/ad_pictures/1523/mitsubishi-pajero-mini-limited-2006-152354610.jpg,Green,Sindh,Imported,SUV,660.0,2.0,Tall-boy,660cc kei,2026-09-27,mitsubishi pajero mini|2006|12.5|50000,False,2026-09-27T21:48,False,12.5,,,1250000.0
12020191,PakWheels,Nissan Moco,X,2006,12.85,400000.0,Automatic,Islamabad,Islamabad,,,15.0,2d,core,https://www.pakwheels.com/used-cars/nissan-moco-2006-for-sale-in-islamabad-12020191,https://cache1.pakwheels.com/ad_pictures/1517/nissan-moco-x-18-2006-151769820.jpg,Navy,Sindh,Imported,Hatchback,660.0,2.0,Hatchback,660cc kei,2026-09-27,nissan moco|2006|12.85|400000,False,2026-09-19T18:02,False,12.85,,,1285000.0
1118613158,OLX,Daihatsu Mira,2007,2007,13.0,100000.0,,Islamabad,"G-16, Islamabad",,,,2d,core,https://www.olx.com.pk/item/-iid-1118613158,https://images.olx.com.pk/thumbnails/641616276-600x450.jpeg,,,,,,2.0,Hatchback,660cc kei,2026-09-27,daihatsu mira|2007|13.0|100000,False,2026-09-28T15:06,False,13.0,,,1300000.0
12002140,PakWheels,Daihatsu Mira,L,2007,13.2,122500.0,Automatic,Islamabad,Islamabad,,,3.0,2d,core,https://www.pakwheels.com/used-cars/daihatsu-mira-2007-for-sale-in-islamabad-12002140,https://cache2.pakwheels.com/ad_pictures/1514/daihatsu-mira-l-10-2007-151488559.jpg,White,Islamabad,Imported,Hatchback,660.0,2.0,Hatchback,660cc kei,2026-09-27,daihatsu mira|2007|13.2|122500,False,2026-09-15T19:18,False,13.35,0.15,,1320000.0
12015347,PakWheels,Honda Life,C,2007,13.65,156000.0,Automatic,Rawalpindi,Rawalpindi,,,19.0,2d,core,https://www.pakwheels.com/used-cars/honda-life-2007-for-sale-in-rawalpindi-12015347,https://cache4.pakwheels.com/ad_pictures/1516/honda-life-c-2007-151694892.jpg,Grey,Islamabad,Imported,Hatchback,660.0,2.0,Hatchback,660cc kei,2026-09-27,honda life|2007|13.65|156000,False,2026-09-18T18:34,False,17.35,3.7,,1365000.0
11929019,PakWheels,Daihatsu Mira,X,2006,13.95,160000.0,Automatic,Islamabad,Islamabad,,,20.0,2d,core,https://www.pakwheels.com/used-cars/daihatsu-mira-2006-for-sale-in-islamabad-11929019,https://cache3.pakwheels.com/ad_pictures/1503/daihatsu-mira-x-8-2006-150369960.jpg,White,Sindh,Imported,Hatchback,660.0,2.0,Hatchback,660cc kei,2026-09-27,daihatsu mira|2006|13.95|160000,False,2026-08-30T15:03,False,15.5,1.55,,1395000.0
11998271,PakWheels,Suzuki Alto,VXR CNG,2006,14.0,180573.0,Manual,Rawalpindi,Rawalpindi,Managed by PakWheels,1.9,14.0,2d,core,https://www.pakwheels.com/used-cars/suzuki-alto-2006-for-sale-in-rawalpindi-11998271,https://cache1.pakwheels.com/ad_pictures/1514/suzuki-alto-vxr-cng-2006-151429923.jpg,Solid White,Punjab,Local,Hatchback,1000.0,2.0,Hatchback,660cc kei,2026-09-27,suzuki alto|2006|14.0|180573,False,2026-09-17T14:04,False,14.5,0.5,,1400000.0
12057378,PakWheels,Toyota Platz,F 1,2000,15.5,572000.0,Automatic,Islamabad,Islamabad,,,20.0,2d,core,https://www.pakwheels.com/used-cars/toyota-platz-2000-for-sale-in-islamabad-12057378,https://cache4.pakwheels.com/ad_pictures/1523/toyota-platz-f-1-0-2000-152335713.jpg,White,Sindh,Imported,Sedan,1000.0,2.0,Hatchback,1000-1300cc,2026-09-27,toyota platz|2000|15.5|572000,False,2026-09-27T21:48,False,15.5,,very high mileage,1550000.0
1119819685,OLX,Suzuki Alto,2010,2010,16.25,10000.0,,Islamabad,"I-10, Islamabad",,,,2d,core,https://www.olx.com.pk/item/-iid-1119819685,https://images.olx.com.pk/thumbnails/648809646-600x450.jpeg,,,,,,2.0,Hatchback,660cc kei,2026-09-27,suzuki alto|2010|16.25|10000,False,2026-09-28T15:06,False,16.25,,,1625000.0
12055051,PakWheels,Suzuki Kei,,2007,16.4,168000.0,Automatic,Rawalpindi,Rawalpindi,,,11.0,2d,core,https://www.pakwheels.com/used-cars/suzuki-kei-2007-for-sale-in-rawalpindi-12055051,https://cache4.pakwheels.com/ad_pictures/1522/suzuki-kei-2007-152299065.jpg,Beige,Punjab,Imported,,660.0,2.0,Hatchback,660cc kei,2026-09-27,suzuki kei|2007|16.4|168000,False,2026-09-27T14:38,False,16.4,,,1640000.0
1117318790,OLX,Daihatsu Mira,2009 two door,2009,16.5,177000.0,,Islamabad,"Bhara kahu, Islamabad",,,,2d,core,https://www.olx.com.pk/item/-iid-1117318790,https://images.olx.com.pk/thumbnails/648886338-600x450.jpeg,,,,,,2.0,Hatchback,660cc kei,2026-09-27,daihatsu mira|2009|16.5|177000,False,2026-08-27T13:18,False,17.5,1.0,,1650000.0
1119815622,OLX,Daihatsu Tanto,2011,2011,16.5,110000.0,,Dina,"Dina Bypass, Dina",,,,2d,near,https://www.olx.com.pk/item/-iid-1119815622,https://images.olx.com.pk/thumbnails/648785366-600x450.jpeg,,,,,,2.0,Tall-boy,660cc kei,2026-09-27,daihatsu tanto|2011|16.5|110000,False,2026-09-28T15:06,False,16.5,,outside city - Wah/Taxila/Attock/Jhelum area,1650000.0
12057420,PakWheels,Nissan Otti,RS,2006,16.75,100000.0,Automatic,Rawalpindi,Rawalpindi,,,7.0,2d,core,https://www.pakwheels.com/used-cars/nissan-otti-2006-for-sale-in-rawalpindi-12057420,https://cache1.pakwheels.com/ad_pictures/1523/nissan-otti-rs-3-2006-152337800.jpg,Navy,Punjab,Imported,Hatchback,660.0,2.0,Hatchback,660cc kei,2026-09-27,nissan otti|2006|16.75|100000,False,2026-09-27T21:48,False,16.75,,,1675000.0
1119697282,OLX,Suzuki Wagon R,Stingray 2009,2009,16.89,42000.0,,Islamabad,"Gulberg Greens, Islamabad",,,,2d,core,https://www.olx.com.pk/item/-iid-1119697282,https://images.olx.com.pk/thumbnails/648076527-600x450.jpeg,,,,,,2.0,Tall-boy,660cc kei,2026-09-27,suzuki wagon r|2009|16.89|42000,False,2026-09-28T15:06,False,16.89,,,1689000.0
12010770,PakWheels,Suzuki Alto,G,2008,17.0,198983.0,Automatic,Islamabad,Islamabad,Managed by PakWheels,4.6,14.0,2d,core,https://www.pakwheels.com/used-cars/suzuki-alto-2008-for-sale-in-islamabad-12010770,https://cache1.pakwheels.com/ad_pictures/1516/suzuki-alto-g-4-2008-151626026.jpg,White,Sindh,Imported,Hatchback,660.0,2.0,Hatchback,660cc kei,2026-09-27,suzuki alto|2008|17.0|198983,False,2026-09-17T19:15,False,17.0,,,1700000.0
11960123,PakWheels,Suzuki Alto,VXR CNG,2011,17.0,33422.0,Manual,Islamabad,Islamabad,Managed by PakWheels,7.6,14.0,2d,core,https://www.pakwheels.com/used-cars/suzuki-alto-2011-for-sale-in-islamabad-11960123,https://cache1.pakwheels.com/ad_pictures/1508/suzuki-alto-vxr-cng-2011-150840816.jpg,Graphite Grey,Islamabad,Local,Hatchback,1000.0,2.0,Hatchback,660cc kei,2026-09-27,suzuki alto|2011|17.0|33422,False,2026-09-07T13:10,False,17.0,,,1700000.0
12057353,PakWheels,Suzuki Alto,VXR,2012,17.0,69260.0,Manual,Islamabad,Islamabad,,,10.0,2d,core,https://www.pakwheels.com/used-cars/suzuki-alto-2012-for-sale-in-islamabad-12057353,https://cache2.pakwheels.com/ad_pictures/1523/suzuki-alto-vxr-2-2012-152335391.jpg,White,Punjab,Local,Hatchback,1000.0,2.0,Hatchback,660cc kei,2026-09-27,suzuki alto|2012|17.0|69260,False,2026-09-27T21:48,False,17.0,,,1700000.0
12055005,PakWheels,Suzuki Kei,,2006,17.3,12344.0,Automatic,Islamabad,Islamabad,,,8.0,2d,core,https://www.pakwheels.com/used-cars/suzuki-kei-2006-for-sale-in-islamabad-12055005,https://cache2.pakwheels.com/ad_pictures/1522/suzuki-kei-2006-152298570.jpg,Silver,Islamabad,Imported,,660.0,2.0,Hatchback,660cc kei,2026-09-27,suzuki kei|2006|17.3|12344,False,2026-09-27T14:38,False,17.3,,,1730000.0
1119826785,OLX,Daihatsu Esse,2011/16 lush condition,2011,17.95,102000.0,,Rawalpindi,"Bahria Town Phase 6, Rawalpindi",,,,2d,core,https://www.olx.com.pk/item/-iid-1119826785,https://images.olx.com.pk/thumbnails/648849447-600x450.jpeg,,,,,,2.0,Hatchback,660cc kei,2026-09-27,daihatsu esse|2011|17.95|102000,False,2026-09-28T15:06,False,17.95,,,1795000.0
12056339,PakWheels,Nissan Pino,S,2007,18.25,200000.0,Automatic,Islamabad,Islamabad,,,19.0,2d,core,https://www.pakwheels.com/used-cars/nissan-pino-2007-for-sale-in-islamabad-12056339,https://cache2.pakwheels.com/ad_pictures/1523/nissan-pino-s-2007-152318950.jpg,Silver,Islamabad,Imported,Hatchback,660.0,2.0,Hatchback,660cc kei,2026-09-27,nissan pino|2007|18.25|200000,False,2026-09-27T14:38,False,18.25,,,1825000.0
11990365,PakWheels,Toyota Vitz,1 0 FL,2004,18.75,123457.0,Automatic,Islamabad,Islamabad,,,5.0,2d,core,https://www.pakwheels.com/used-cars/toyota-vitz-2004-for-sale-in-islamabad-11990365,https://cache4.pakwheels.com/ad_pictures/1513/toyota-vitz-1-0-fl-2004-151309018.jpg,Yellow,Sindh,Imported,Hatchback,1000.0,2.0,Hatchback,1000-1300cc,2026-09-27,toyota vitz|2004|18.75|123457,False,2026-09-13T01:26,False,18.75,,,1875000.0
12058014,PakWheels,Suzuki Wagon R,,2007,18.85,100000.0,Automatic,Rawalpindi,Rawalpindi,,,3.0,2d,core,https://www.pakwheels.com/used-cars/suzuki-wagon-r-2007-for-sale-in-rawalpindi-12058014,https://cache4.pakwheels.com/ad_pictures/1523/suzuki-wagon-r-2007-152345614.jpg,White,Punjab,Imported,,660.0,2.0,Tall-boy,660cc kei,2026-09-27,suzuki wagon r|2007|18.85|100000,False,2026-09-27T21:48,False,18.85,,,1885000.0
12046639,PakWheels,Suzuki Alto,GII,2008,18.9,100000.0,Automatic,Rawalpindi,Rawalpindi,,,7.0,2d,core,https://www.pakwheels.com/used-cars/suzuki-alto-2008-for-sale-in-rawalpindi-12046639,https://cache1.pakwheels.com/ad_pictures/1521/suzuki-alto-gii-2008-152170519.jpg,White,Islamabad,Imported,Hatchback,660.0,2.0,Hatchback,660cc kei,2026-09-27,suzuki alto|2008|18.9|100000,False,2026-09-25T14:10,False,18.9,,,1890000.0
1118128795,OLX,Toyota Vitz,2006,2006,18.95,12100.0,,Islamabad,"I-10/4, Islamabad",,,,2d,core,https://www.olx.com.pk/item/-iid-1118128795,https://images.olx.com.pk/thumbnails/638737197-600x450.jpeg,,,,,,2.0,Hatchback,1000-1300cc,2026-09-27,toyota vitz|2006|18.95|12100,False,2026-09-27T14:38,False,18.95,,,1895000.0
12058749,PakWheels,Daihatsu Move,,2007,19.0,87000.0,Automatic,Islamabad,Islamabad,,,14.0,2d,core,https://www.pakwheels.com/used-cars/daihatsu-move-2007-for-sale-in-islamabad-12058749,https://cache3.pakwheels.com/ad_pictures/1523/daihatsu-move-2007-152357313.jpg,Black,Islamabad,Imported,Hatchback,660.0,2.0,Tall-boy,660cc kei,2026-09-27,daihatsu move|2007|19.0|87000,False,2026-09-27T21:48,False,19.0,,,1900000.0
12058244,PakWheels,Mitsubishi EK Wagon,Limited,2007,19.0,240000.0,Automatic,Rawalpindi,Rawalpindi,,,12.0,2d,core,https://www.pakwheels.com/used-cars/mitsubishi-ek-wagon-2007-for-sale-in-rawalpindi-12058244,https://cache4.pakwheels.com/ad_pictures/1523/mitsubishi-ek-wagon-limited-2-2007-152349134.jpg,Navy,Punjab,Imported,Hatchback,660.0,2.0,Hatchback,660cc kei,2026-09-27,mitsubishi ek wagon|2007|19.0|240000,False,2026-09-27T21:48,False,19.0,,,1900000.0
1119804563,OLX,Toyota Passo,2004,2004,19.0,197888.0,,Rawalpindi,"Ahmad Abad, Rawalpindi",,,,2d,core,https://www.olx.com.pk/item/-iid-1119804563,https://images.olx.com.pk/thumbnails/648719747-600x450.jpeg,,,,,,2.0,Hatchback,1000-1300cc,2026-09-27,toyota passo|2004|19.0|197888,True,2026-09-27T14:38,False,19.0,,duplicate listing,1900000.0
1119828740,OLX,Mitsubishi EK Wagon,2007,2007,19.0,171194.0,,Islamabad,"Ghauri Town Phase 5, Islamabad",,,,2d,core,https://www.olx.com.pk/item/-iid-1119828740,https://images.olx.com.pk/thumbnails/648861288-600x450.jpeg,,,,,,2.0,Hatchback,660cc kei,2026-09-27,mitsubishi ek wagon|2007|19.0|171194,False,2026-09-28T15:06,False,19.0,,,1900000.0
12057224,PakWheels,Honda Life,C,2007,19.1,152000.0,Automatic,Islamabad,Islamabad,,,8.0,2d,core,https://www.pakwheels.com/used-cars/honda-life-2007-for-sale-in-islamabad-12057224,https://cache3.pakwheels.com/ad_pictures/1523/honda-life-c-2007-152333016.jpg,White,Sindh,Imported,Hatchback,660.0,2.0,Hatchback,660cc kei,2026-09-27,honda life|2007|19.1|152000,False,2026-09-27T21:48,False,19.1,,,1910000.0
12058600,PakWheels,Toyota Vitz,1 3 F,2005,19.25,275000.0,Automatic,Islamabad,Islamabad,,,10.0,2d,core,https://www.pakwheels.com/used-cars/toyota-vitz-2005-for-sale-in-islamabad-12058600,https://cache1.pakwheels.com/ad_pictures/1523/toyota-vitz-1-3-f-2005-152355014.jpg,Blue,Rawalpindi,Imported,Hatchback,1300.0,2.0,Hatchback,1000-1300cc,2026-09-27,toyota vitz|2005|19.25|275000,False,2026-09-27T21:48,False,19.25,,,1925000.0
11830606,PakWheels,Daihatsu Esse,X,2007,19.5,164000.0,Automatic,Rawalpindi,Rawalpindi,,,20.0,2d,core,https://www.pakwheels.com/used-cars/daihatsu-esse-2007-for-sale-in-rawalpindi-11830606,https://cache3.pakwheels.com/ad_pictures/1488/daihatsu-esse-x-7-2007-148864044.jpg,White,Islamabad,Imported,Hatchback,660.0,2.0,Hatchback,660cc kei,2026-09-27,daihatsu esse|2007|19.5|164000,False,2026-08-27T13:18,False,19.5,,,1950000.0
11561981,PakWheels,Daihatsu Sonica,RS Limited,2006,19.8,140000.0,Automatic,Rawalpindi,Rawalpindi,,,4.0,2d,core,https://www.pakwheels.com/used-cars/daihatsu-sonica-2006-for-sale-in-rawalpindi-11561981,https://cache1.pakwheels.com/ad_pictures/1448/daihatsu-sonica-rs-limited-2-2006-144822982.jpg,Pearl White,Islamabad,Imported,Hatchback,660.0,2.0,Hatchback,660cc kei,2026-09-27,daihatsu sonica|2006|19.8|140000,True,2026-09-27T14:38,False,19.8,,duplicate listing,1980000.0
1115240580,OLX,Daihatsu Sonica,2006,2006,19.8,140000.0,,Rawalpindi,"Chakra Road, Rawalpindi",,,,2d,core,https://www.olx.com.pk/item/-iid-1115240580,https://images.olx.com.pk/thumbnails/621792845-600x450.jpeg,,,,,,2.0,Hatchback,660cc kei,2026-09-27,daihatsu sonica|2006|19.8|140000,True,2026-09-27T14:38,False,19.8,,duplicate listing,1980000.0
12057686,PakWheels,Suzuki Wagon R,Hybrid ZX,2012,19.85,110000.0,Automatic,Rawalpindi,Rawalpindi,,,9.0,2d,core,https://www.pakwheels.com/used-cars/suzuki-wagon-r-2012-for-sale-in-rawalpindi-12057686,https://cache3.pakwheels.com/ad_pictures/1523/suzuki-wagon-r-hybrid-zx-2017-152340664.jpg,Black,Punjab,Imported,,660.0,2.0,Tall-boy,660cc kei,2026-09-27,suzuki wagon r|2012|19.85|110000,False,2026-09-27T21:48,False,19.85,,,1985000.0
12057467,PakWheels,Daihatsu Esse,ECO,2011,19.9,185000.0,Manual,Islamabad,Islamabad,,,13.0,2d,core,https://www.pakwheels.com/used-cars/daihatsu-esse-2011-for-sale-in-islamabad-12057467,https://cache2.pakwheels.com/ad_pictures/1523/daihatsu-esse-eco-2011-152337757.jpg,Black,Islamabad,Imported,Hatchback,660.0,2.0,Hatchback,660cc kei,2026-09-27,daihatsu esse|2011|19.9|185000,False,2026-09-27T21:48,False,19.9,,,1990000.0
12056050,PakWheels,Toyota Vitz,1 3 U,2007,20.4,198500.0,Automatic,Islamabad,Islamabad,,,20.0,2d,core,https://www.pakwheels.com/used-cars/toyota-vitz-2007-for-sale-in-islamabad-12056050,https://cache2.pakwheels.com/ad_pictures/1523/toyota-vitz-1-3-u-2007-152314530.jpg,Shimmering Green,Islamabad,Imported,Hatchback,1300.0,2.0,Hatchback,1000-1300cc,2026-09-27,toyota vitz|2007|20.4|198500,False,2026-09-27T14:38,False,20.4,,,2040000.0
12057765,PakWheels,Suzuki Wagon R,VXL,2017,20.7,118000.0,Manual,Rawalpindi,Rawalpindi,,,9.0,2d,core,https://www.pakwheels.com/used-cars/suzuki-wagon-r-2017-for-sale-in-rawalpindi-12057765,https://cache1.pakwheels.com/ad_pictures/1523/suzuki-wagon-r-vxl-2017-152342521.jpg,White,Islamabad,Local,Hatchback,1000.0,2.0,Tall-boy,660cc kei,2026-09-27,suzuki wagon r|2017|20.7|118000,False,2026-09-27T21:48,False,20.7,,,2070000.0
12032922,PakWheels,Suzuki MR Wagon,ECO X Selection,2012,21.0,188677.0,Automatic,Islamabad,Islamabad,Managed by PakWheels,5.5,15.0,2d,core,https://www.pakwheels.com/used-cars/suzuki-mr-wagon-2012-for-sale-in-islamabad-12032922,https://cache1.pakwheels.com/ad_pictures/1519/suzuki-mr-wagon-eco-x-selection-2012-151965090.jpg,Urban Brown Pearl Metallic,Islamabad,Imported,,660.0,2.0,Hatchback,660cc kei,2026-09-27,suzuki mr wagon|2012|21.0|188677,False,2026-09-22T19:01,False,21.0,,,2100000.0
12055085,PakWheels,Suzuki Wagon R,VXL,2016,21.4,777.0,Manual,Islamabad,Islamabad,,,1.0,2d,core,https://www.pakwheels.com/used-cars/suzuki-wagon-r-2016-for-sale-in-islamabad-12055085,https://cache3.pakwheels.com/ad_pictures/1522/suzuki-wagon-r-vxl-2016-152299544.jpg,Silver,Islamabad,Local,Hatchback,1000.0,2.0,Tall-boy,660cc kei,2026-09-27,suzuki wagon r|2016|21.4|777,False,2026-09-27T14:38,False,21.4,,mileage implausibly low,2140000.0
11965577,PakWheels,Toyota Vitz,1 0 F,2007,21.5,229842.0,Automatic,Islamabad,Islamabad,Managed by PakWheels,4.3,14.0,2d,core,https://www.pakwheels.com/used-cars/toyota-vitz-2007-for-sale-in-islamabad-11965577,https://cache2.pakwheels.com/ad_pictures/1509/toyota-vitz-1-0-f-2007-150925936.jpg,Silver,Punjab,Imported,Hatchback,1000.0,2.0,Hatchback,1000-1300cc,2026-09-27,toyota vitz|2007|21.5|229842,False,2026-09-07T20:00,False,22.0,0.5,,2150000.0
12007414,PakWheels,Toyota Passo,1 0 G,2006,21.5,161500.0,Automatic,Islamabad,Islamabad,,,13.0,2d,core,https://www.pakwheels.com/used-cars/toyota-passo-2006-for-sale-in-islamabad-12007414,https://cache2.pakwheels.com/ad_pictures/1515/toyota-passo-1-0-g-2006-151572738.jpg,Red,Islamabad,Imported,Hatchback,1000.0,2.0,Hatchback,1000-1300cc,2026-09-27,toyota passo|2006|21.5|161500,False,2026-09-20T13:58,False,22.5,1.0,,2150000.0
12056058,PakWheels,Suzuki Wagon R,VXR,2015,21.5,140000.0,Manual,Islamabad,Islamabad,,,20.0,2d,core,https://www.pakwheels.com/used-cars/suzuki-wagon-r-2015-for-sale-in-islamabad-12056058,https://cache2.pakwheels.com/ad_pictures/1523/suzuki-wagon-r-vxr-2015-152314238.jpg,Grey,Lahore,Local,Hatchback,1000.0,2.0,Tall-boy,660cc kei,2026-09-27,suzuki wagon r|2015|21.5|140000,False,2026-09-27T14:38,False,22.5,1.0,,2150000.0
11827299,PakWheels,Mitsubishi Mirage,G,2012,22.0,135722.0,Automatic,Islamabad,Islamabad,Managed by PakWheels,6.3,14.0,2d,core,https://www.pakwheels.com/used-cars/mitsubishi-mirage-2012-for-sale-in-islamabad-11827299,https://cache2.pakwheels.com/ad_pictures/1488/mitsubishi-mirage-g-51-2012-148813853.jpg,Silver Metallic,Islamabad,Imported,Hatchback,1000.0,2.0,Hatchback,1000-1300cc,2026-09-27,mitsubishi mirage|2012|22.0|135722,False,2026-08-27T12:46,False,22.0,,,2200000.0
12019340,PakWheels,Suzuki Wagon R,FA,2014,22.4,100000.0,Automatic,Rawalpindi,Rawalpindi,,,11.0,2d,core,https://www.pakwheels.com/used-cars/suzuki-wagon-r-2014-for-sale-in-rawalpindi-12019340,https://cache2.pakwheels.com/ad_pictures/1517/suzuki-wagon-r-fa-2014-151754358.jpg,Black,Punjab,Imported,Hatchback,660.0,2.0,Tall-boy,660cc kei,2026-09-27,suzuki wagon r|2014|22.4|100000,False,2026-09-19T18:02,False,22.9,0.5,,2240000.0
11677268,PakWheels,Honda N Box,2tone Color Style G Turbo SS Package,2014,22.8,110000.0,Automatic,Rawalpindi,Rawalpindi,,,6.0,2d,core,https://www.pakwheels.com/used-cars/honda-n-box-2014-for-sale-in-rawalpindi-11677268,https://cache4.pakwheels.com/ad_pictures/1465/honda-n-box-2tone-color-style-g-turbo-ss-package-2014-146509074.jpg,White,Islamabad,Imported,Hatchback,660.0,2.0,Tall-boy,660cc kei,2026-09-27,honda n box|2014|22.8|110000,False,2026-09-27T14:38,False,22.8,,,2280000.0
11439413,PakWheels,Toyota Belta,X S Package 1,2007,23.0,156000.0,Automatic,Islamabad,Islamabad,,,20.0,2d,core,https://www.pakwheels.com/used-cars/toyota-belta-2007-for-sale-in-islamabad-11439413,https://cache2.pakwheels.com/ad_pictures/1428/toyota-belta-x-s-package-1-0-2007-142882045.jpg,maroon,Punjab,Imported,Sedan,1000.0,2.0,Hatchback,1000-1300cc,2026-09-27,toyota belta|2007|23.0|156000,False,2026-09-13T23:03,False,23.0,,,2300000.0
1118600799,OLX,Toyota Vitz,2004-2007,2004,23.0,126.0,,Rawalpindi,"Jinnah Colony, Rawalpindi",,,,2d,core,https://www.olx.com.pk/item/-iid-1118600799,https://images.olx.com.pk/thumbnails/641541882-600x450.jpeg,,,,,,2.0,Hatchback,1000-1300cc,2026-09-27,toyota vitz|2004|23.0|126,False,2026-09-28T15:06,False,23.0,,mileage implausibly low,2300000.0
1116946698,OLX,Toyota Vitz,2004 -2007,2004,23.0,126203.0,,Rawalpindi,"Jinnah Colony, Rawalpindi",,,,2d,core,https://www.olx.com.pk/item/-iid-1116946698,https://images.olx.com.pk/thumbnails/631805832-600x450.jpeg,,,,,,2.0,Hatchback,1000-1300cc,2026-09-27,toyota vitz|2004|23.0|126203,False,2026-09-27T14:38,False,23.0,,,2300000.0
1118755403,OLX,Toyota Belta,2006 2010 Registered Lady Owner,2007,23.0,154000.0,,Islamabad,"Others, Islamabad",,,,2d,core,https://www.olx.com.pk/item/-iid-1118755403,https://images.olx.com.pk/thumbnails/642457995-600x450.jpeg,,,,,,2.0,Hatchback,1000-1300cc,2026-09-27,toyota belta|2007|23.0|154000,False,2026-09-01T18:26,False,23.0,,,2300000.0
12024572,PakWheels,Toyota Belta,X 1,2008,23.3,145000.0,Automatic,Rawalpindi,Rawalpindi,,,11.0,2d,core,https://www.pakwheels.com/used-cars/toyota-belta-2008-for-sale-in-rawalpindi-12024572,https://cache2.pakwheels.com/ad_pictures/1518/toyota-belta-x-1-0-2012-151838327.jpg,Silver Metallic,Karachi,Imported,Sedan,1000.0,2.0,Hatchback,1000-1300cc,2026-09-27,toyota belta|2008|23.3|145000,False,2026-09-24T19:10,False,24.3,1.0,,2330000.0
12057716,PakWheels,Suzuki Wagon R,VXL,2019,23.45,125000.0,Manual,Rawalpindi,Rawalpindi,,,11.0,2d,core,https://www.pakwheels.com/used-cars/suzuki-wagon-r-2019-for-sale-in-rawalpindi-12057716,https://cache1.pakwheels.com/ad_pictures/1523/suzuki-wagon-r-vxl-2019-152341011.jpg,White,Sindh,Local,Hatchback,1000.0,2.0,Tall-boy,660cc kei,2026-09-27,suzuki wagon r|2019|23.45|125000,False,2026-09-27T21:48,False,23.45,,,2345000.0
12058698,PakWheels,Suzuki Alto,Works Edition,2019,23.5,140000.0,Automatic,Islamabad,Islamabad,,,11.0,2d,core,https://www.pakwheels.com/used-cars/suzuki-alto-2019-for-sale-in-islamabad-12058698,https://cache1.pakwheels.com/ad_pictures/1523/suzuki-alto-works-edition-2019-152356956.jpg,Grey,Punjab,Imported,Hatchback,658.0,2.0,Hatchback,660cc kei,2026-09-27,suzuki alto|2019|23.5|140000,False,2026-09-29T00:32,False,23.5,,,2350000.0
1119726802,OLX,Suzuki Alto,2015,2015,23.5,286000.0,,Rawalpindi,"Iqbal Colony, Rawalpindi",,,,2d,core,https://www.olx.com.pk/item/-iid-1119726802,https://images.olx.com.pk/thumbnails/648248130-600x450.jpeg,,,,,,2.0,Hatchback,660cc kei,2026-09-27,suzuki alto|2015|23.5|286000,False,2026-09-28T15:06,False,23.8,0.3,,2350000.0
12056527,PakWheels,Suzuki Wagon R,FX Limited,2013,23.75,110000.0,Automatic,Islamabad,Islamabad,,,8.0,2d,core,https://www.pakwheels.com/used-cars/suzuki-wagon-r-2013-for-sale-in-islamabad-12056527,https://cache2.pakwheels.com/ad_pictures/1523/suzuki-wagon-r-fx-limited-2013-152322009.jpg,Silver,Islamabad,Imported,Hatchback,660.0,2.0,Tall-boy,660cc kei,2026-09-27,suzuki wagon r|2013|23.75|110000,False,2026-09-27T21:48,False,23.75,,,2375000.0
12055007,PakWheels,Suzuki Wagon R,VXL,2016,23.9,74000.0,Manual,Islamabad,Islamabad,,,5.0,2d,core,https://www.pakwheels.com/used-cars/suzuki-wagon-r-2016-for-sale-in-islamabad-12055007,https://cache4.pakwheels.com/ad_pictures/1522/suzuki-wagon-r-vxl-2016-152298543.jpg,White,Islamabad,Local,Hatchback,1000.0,2.0,Tall-boy,660cc kei,2026-09-27,suzuki wagon r|2016|23.9|74000,False,2026-09-27T14:38,False,23.9,,,2390000.0
12056315,PakWheels,Mazda Carol,GX,2014,23.95,160000.0,Automatic,Islamabad,Islamabad,,,15.0,2d,core,https://www.pakwheels.com/used-cars/mazda-carol-2014-for-sale-in-islamabad-12056315,https://cache1.pakwheels.com/ad_pictures/1523/mazda-carol-gx-2-2014-152318325.jpg,White,Islamabad,Imported,Hatchback,660.0,2.0,Hatchback,660cc kei,2026-09-27,mazda carol|2014|23.95|160000,False,2026-09-27T14:38,False,23.95,,,2395000.0
12055492,PakWheels,Daihatsu Mira ES,,2012,23.99,157000.0,Automatic,Rawalpindi,Rawalpindi,,,7.0,2d,core,https://www.pakwheels.com/used-cars/daihatsu-mira-2012-for-sale-in-rawalpindi-12055492,https://cache1.pakwheels.com/ad_pictures/1523/daihatsu-mira-es-2012-152305940.jpg,Silver,Lahore,Imported,Hatchback,660.0,2.0,Hatchback,660cc kei,2026-09-27,daihatsu mira es|2012|23.99|157000,False,2026-09-27T14:38,False,23.99,,,2399000.0
12058361,PakWheels,Suzuki Alto,ECO L,2013,24.0,109000.0,Automatic,Islamabad,Islamabad,,,11.0,2d,core,https://www.pakwheels.com/used-cars/suzuki-alto-2013-for-sale-in-islamabad-12058361,https://cache3.pakwheels.com/ad_pictures/1523/suzuki-alto-eco-l-2013-152351043.jpg,Indigo,Rawalpindi,Imported,Hatchback,660.0,2.0,Hatchback,660cc kei,2026-09-27,suzuki alto|2013|24.0|109000,False,2026-09-27T21:48,False,24.0,,,2400000.0
12055739,PakWheels,Suzuki Swift,1 3L DLX,2016,24.0,152000.0,Manual,Islamabad,Islamabad,,,11.0,2d,core,https://www.pakwheels.com/used-cars/suzuki-swift-2016-for-sale-in-islamabad-12055739,https://cache2.pakwheels.com/ad_pictures/1523/suzuki-swift-1-3l-dlx-2016-152307434.jpg,Grey,Islamabad,Local,Hatchback,1300.0,2.0,Hatchback,1000-1300cc,2026-09-27,suzuki swift|2016|24.0|152000,False,2026-09-27T14:38,False,24.0,,,2400000.0
11765193,PakWheels,Suzuki Wagon R,VXL,2018,24.25,123455.0,Manual,Rawalpindi,Rawalpindi,,,10.0,2d,core,https://www.pakwheels.com/used-cars/suzuki-wagon-r-2018-for-sale-in-rawalpindi-11765193,https://cache2.pakwheels.com/ad_pictures/1478/suzuki-wagon-r-vxl-2018-147864816.jpg,Silver,Punjab,Local,Hatchback,1000.0,2.0,Tall-boy,660cc kei,2026-09-27,suzuki wagon r|2018|24.25|123455,False,2026-09-27T21:48,False,24.25,,,2425000.0
11799695,PakWheels,Suzuki Wagon R,VXR,2020,24.35,71000.0,Manual,Rawalpindi,Rawalpindi,,,20.0,2d,core,https://www.pakwheels.com/used-cars/suzuki-wagon-r-2020-for-sale-in-rawalpindi-11799695,https://cache2.pakwheels.com/ad_pictures/1483/suzuki-wagon-r-vxr-2020-148388334.jpg,White,Islamabad,Local,Hatchback,1000.0,2.0,Tall-boy,660cc kei,2026-09-27,suzuki wagon r|2020|24.35|71000,False,2026-09-27T21:48,False,24.35,,,2435000.0
12054450,PakWheels,Suzuki Alto,ECO S,2014,24.4,125000.0,Automatic,Islamabad,Islamabad,,,20.0,2d,core,https://www.pakwheels.com/used-cars/suzuki-alto-2014-for-sale-in-islamabad-12054450,https://cache4.pakwheels.com/ad_pictures/1523/suzuki-alto-eco-s-2014-152352695.jpg,Silver,Islamabad,Imported,Hatchback,660.0,2.0,Hatchback,660cc kei,2026-09-27,suzuki alto|2014|24.4|125000,False,2026-09-27T21:48,False,24.4,,,2440000.0
12057609,PakWheels,Suzuki Alto,G4,2010,24.5,93000.0,Automatic,Islamabad,Islamabad,,,6.0,2d,core,https://www.pakwheels.com/used-cars/suzuki-alto-2010-for-sale-in-islamabad-12057609,https://cache4.pakwheels.com/ad_pictures/1523/suzuki-alto-g4-2010-152339261.jpg,Blue,Sindh,Imported,Hatchback,660.0,2.0,Hatchback,660cc kei,2026-09-27,suzuki alto|2010|24.5|93000,False,2026-09-27T21:48,False,24.5,,,2450000.0
11615117,PakWheels,Suzuki Alto,ECO L,2014,24.5,118000.0,Automatic,Islamabad,Islamabad,,,7.0,2d,core,https://www.pakwheels.com/used-cars/suzuki-alto-2014-for-sale-in-islamabad-11615117,https://cache1.pakwheels.com/ad_pictures/1455/suzuki-alto-eco-l-2014-145576359.jpg,Unlisted,Islamabad,Imported,Hatchback,660.0,2.0,Hatchback,660cc kei,2026-09-27,suzuki alto|2014|24.5|118000,False,2026-09-27T14:38,False,24.5,,,2450000.0
12055611,PakWheels,Suzuki Swift,1 3 DLX Automatic,2013,24.7,99300.0,Automatic,Islamabad,Islamabad,,,19.0,2d,core,https://www.pakwheels.com/used-cars/suzuki-swift-2013-for-sale-in-islamabad-12055611,https://cache4.pakwheels.com/ad_pictures/1523/suzuki-swift-1-3-dlx-automatic-2013-152307943.jpg,White,Islamabad,Local,Hatchback,1300.0,2.0,Hatchback,1000-1300cc,2026-09-27,suzuki swift|2013|24.7|99300,False,2026-09-27T14:38,False,24.7,,,2470000.0
12057136,PakWheels,Mitsubishi EK Wagon,E,2013,24.75,100000.0,Automatic,Islamabad,Islamabad,,,2.0,2d,core,https://www.pakwheels.com/used-cars/mitsubishi-ek-wagon-2013-for-sale-in-islamabad-12057136,https://cache3.pakwheels.com/ad_pictures/1523/mitsubishi-ek-wagon-e-10-2013-152332174.jpg,White,Karachi,Imported,Hatchback,660.0,2.0,Hatchback,660cc kei,2026-09-27,mitsubishi ek wagon|2013|24.75|100000,False,2026-09-27T21:48,False,24.75,,,2475000.0
12056265,PakWheels,Suzuki Swift,1 3L DLX,2016,24.8,190000.0,Manual,Islamabad,Islamabad,,,17.0,2d,core,https://www.pakwheels.com/used-cars/suzuki-swift-2016-for-sale-in-islamabad-12056265,https://cache4.pakwheels.com/ad_pictures/1523/suzuki-swift-1-3l-dlx-2016-152317054.jpg,Grey,Islamabad,Local,Hatchback,1300.0,2.0,Hatchback,1000-1300cc,2026-09-27,suzuki swift|2016|24.8|190000,False,2026-09-27T21:48,False,24.8,,,2480000.0
11808181,PakWheels,Daihatsu Tanto,L,2015,25.0,96573.0,Automatic,Islamabad,Islamabad,Managed by PakWheels,6.9,14.0,2d,core,https://www.pakwheels.com/used-cars/daihatsu-tanto-2015-for-sale-in-islamabad-11808181,https://cache1.pakwheels.com/ad_pictures/1485/daihatsu-tanto-l-24-2015-148521193.jpg,Bright Silver Metallic,Islamabad,Imported,Hatchback,660.0,2.0,Tall-boy,660cc kei,2026-09-27,daihatsu tanto|2015|25.0|96573,False,2026-08-11T21:17,False,26.85,1.85,,2500000.0
12057001,PakWheels,Toyota Passo,G F Package,2009,25.0,270000.0,Automatic,Islamabad,Islamabad,,,4.0,2d,core,https://www.pakwheels.com/used-cars/toyota-passo-2009-for-sale-in-islamabad-12057001,https://cache2.pakwheels.com/ad_pictures/1523/toyota-passo-g-f-package-2009-152329495.jpg,White,Islamabad,Imported,Hatchback,1000.0,2.0,Hatchback,1000-1300cc,2026-09-27,toyota passo|2009|25.0|270000,False,2026-09-27T21:48,False,25.0,,,2500000.0
12056925,PakWheels,Suzuki Swift,1 3 DLX Automatic,2014,25.0,162000.0,Automatic,Islamabad,Islamabad,,,8.0,2d,core,https://www.pakwheels.com/used-cars/suzuki-swift-2014-for-sale-in-islamabad-12056925,https://cache4.pakwheels.com/ad_pictures/1523/suzuki-swift-1-3-dlx-automatic-2014-152328486.jpg,White,Islamabad,Local,Hatchback,1300.0,2.0,Hatchback,1000-1300cc,2026-09-27,suzuki swift|2014|25.0|162000,False,2026-09-27T21:48,False,25.0,,,2500000.0
11920490,PakWheels,Suzuki Alto,VXL,2019,25.1,100000.0,Automatic,Islamabad,Islamabad,,,5.0,2d,core,https://www.pakwheels.com/used-cars/suzuki-alto-2019-for-sale-in-islamabad-11920490,https://cache2.pakwheels.com/ad_pictures/1502/suzuki-alto-vxl-2-2019-150239881.jpg,Silky Silver,Punjab,Local,Hatchback,660.0,2.0,Hatchback,660cc kei,2026-09-27,suzuki alto|2019|25.1|100000,False,2026-09-27T21:48,False,25.1,,,2510000.0
11754213,PakWheels,Suzuki Alto,ECO L,2013,25.35,125000.0,Automatic,Islamabad,Islamabad,,,9.0,2d,core,https://www.pakwheels.com/used-cars/suzuki-alto-2013-for-sale-in-islamabad-11754213,https://cache3.pakwheels.com/ad_pictures/1476/suzuki-alto-eco-l-2013-147691873.jpg,Silver,Islamabad,Imported,Hatchback,660.0,2.0,Hatchback,660cc kei,2026-09-27,suzuki alto|2013|25.35|125000,False,2026-09-27T21:48,False,25.35,,,2535000.0
12055012,PakWheels,Suzuki Alto,VX,2022,25.35,70000.0,Manual,Islamabad,Islamabad,,,17.0,2d,core,https://www.pakwheels.com/used-cars/suzuki-alto-2022-for-sale-in-islamabad-12055012,https://cache1.pakwheels.com/ad_pictures/1522/suzuki-alto-vx-14-2022-152298621.jpg,White,Islamabad,Local,Hatchback,1000.0,2.0,Hatchback,660cc kei,2026-09-27,suzuki alto|2022|25.35|70000,False,2026-09-27T14:38,False,25.35,,,2535000.0
12057229,PakWheels,Suzuki Wagon R,,2014,25.5,140000.0,Automatic,Islamabad,Islamabad,,,7.0,2d,core,https://www.pakwheels.com/used-cars/suzuki-wagon-r-2014-for-sale-in-islamabad-12057229,https://cache3.pakwheels.com/ad_pictures/1523/suzuki-wagon-r-2014-152333167.jpg,Silver,Karachi,Imported,,660.0,2.0,Tall-boy,660cc kei,2026-09-27,suzuki wagon r|2014|25.5|140000,False,2026-09-27T21:48,False,25.5,,,2550000.0
12055788,PakWheels,Suzuki Hustler,,2016,25.5,118000.0,Automatic,Islamabad,Islamabad,,,18.0,2d,core,https://www.pakwheels.com/used-cars/suzuki-hustler-2016-for-sale-in-islamabad-12055788,https://cache3.pakwheels.com/ad_pictures/1523/suzuki-hustler-2016-152309608.jpg,Unlisted,Punjab,Imported,,660.0,2.0,Tall-boy,660cc kei,2026-09-27,suzuki hustler|2016|25.5|118000,False,2026-09-27T14:38,False,25.5,,,2550000.0
12058149,PakWheels,Toyota Passo,1 0 X,2010,25.5,140000.0,Automatic,Rawalpindi,Rawalpindi,,,10.0,2d,core,https://www.pakwheels.com/used-cars/toyota-passo-2010-for-sale-in-rawalpindi-12058149,https://cache1.pakwheels.com/ad_pictures/1523/toyota-passo-1-0-x-2010-152347628.jpg,Unlisted,Lahore,Imported,Hatchback,1000.0,2.0,Hatchback,1000-1300cc,2026-09-27,toyota passo|2010|25.5|140000,False,2026-09-27T21:48,False,25.5,,,2550000.0
12057797,PakWheels,Toyota Vitz,1 3 Racy RS,2009,25.5,96000.0,Automatic,Islamabad,Islamabad,,,19.0,2d,core,https://www.pakwheels.com/used-cars/toyota-vitz-2009-for-sale-in-islamabad-12057797,https://cache2.pakwheels.com/ad_pictures/1523/toyota-vitz-1-3-racy-rs-2-2009-152341885.jpg,Silver,Islamabad,Imported,Hatchback,1300.0,2.0,Hatchback,1000-1300cc,2026-09-27,toyota vitz|2009|25.5|96000,False,2026-09-27T21:48,False,25.5,,,2550000.0
12057066,PakWheels,Honda N Wgn,G L Package,2014,25.7,150000.0,Automatic,Islamabad,Islamabad,,,12.0,2d,core,https://www.pakwheels.com/used-cars/honda-n-wgn-2014-for-sale-in-islamabad-12057066,https://cache2.pakwheels.com/ad_pictures/1523/honda-n-wgn-g-l-package-10-2014-152327825.jpg,Silver,Islamabad,Imported,Hatchback,660.0,2.0,Tall-boy,660cc kei,2026-09-27,honda n wgn|2014|25.7|150000,False,2026-09-27T21:48,False,25.7,,,2570000.0
12058646,PakWheels,Suzuki Wagon R,VXL,2019,25.7,102000.0,Manual,Islamabad,Islamabad,,,20.0,2d,core,https://www.pakwheels.com/used-cars/suzuki-wagon-r-2019-for-sale-in-islamabad-12058646,https://cache4.pakwheels.com/ad_pictures/1523/suzuki-wagon-r-vxl-2019-152355852.jpg,Grey,Islamabad,Local,Hatchback,1000.0,2.0,Tall-boy,660cc kei,2026-09-27,suzuki wagon r|2019|25.7|102000,False,2026-09-27T21:48,False,25.7,,,2570000.0
12057555,PakWheels,Suzuki Swift,DLX 1 3 Navigation,2017,25.7,90000.0,Manual,Islamabad,Islamabad,,,7.0,2d,core,https://www.pakwheels.com/used-cars/suzuki-swift-2017-for-sale-in-islamabad-12057555,https://cache4.pakwheels.com/ad_pictures/1523/suzuki-swift-dlx-1-3-navigation-2017-152338337.jpg,White,Islamabad,Local,Hatchback,1300.0,2.0,Hatchback,1000-1300cc,2026-09-27,suzuki swift|2017|25.7|90000,False,2026-09-27T21:48,False,25.7,,,2570000.0
12055766,PakWheels,Suzuki Swift,1 3 DLX Automatic,2016,25.75,120000.0,Automatic,Islamabad,Islamabad,,,17.0,2d,core,https://www.pakwheels.com/used-cars/suzuki-swift-2016-for-sale-in-islamabad-12055766,https://cache4.pakwheels.com/ad_pictures/1523/suzuki-swift-1-3-dlx-automatic-2016-152310259.jpg,White,Islamabad,Imported,Hatchback,1300.0,2.0,Hatchback,1000-1300cc,2026-09-27,suzuki swift|2016|25.75|120000,False,2026-09-27T14:38,False,26.25,0.5,,2575000.0
12058416,PakWheels,Daihatsu Mira ES,,2014,26.0,126842.0,Automatic,Islamabad,Islamabad,Managed by PakWheels,5.3,14.0,2d,core,https://www.pakwheels.com/used-cars/daihatsu-mira-2014-for-sale-in-islamabad-12058416,https://cache2.pakwheels.com/ad_pictures/1523/daihatsu-mira-es-2014-152352591.jpg,Silver,Islamabad,Imported,Hatchback,660.0,2.0,Hatchback,660cc kei,2026-09-27,daihatsu mira es|2014|26.0|126842,False,2026-09-27T21:48,False,26.0,,,2600000.0
12058825,PakWheels,Suzuki Wagon R,,2016,26.0,150000.0,Automatic,Islamabad,Islamabad,,,12.0,2d,core,https://www.pakwheels.com/used-cars/suzuki-wagon-r-2016-for-sale-in-islamabad-12058825,https://cache3.pakwheels.com/ad_pictures/1523/suzuki-wagon-r-2016-152358418.jpg,White,Islamabad,Imported,,660.0,2.0,Tall-boy,660cc kei,2026-09-27,suzuki wagon r|2016|26.0|150000,False,2026-09-27T21:48,False,26.0,,,2600000.0
12055038,PakWheels,Honda N Wgn,,2017,26.0,150000.0,Automatic,Rawalpindi,Rawalpindi,,,8.0,2d,core,https://www.pakwheels.com/used-cars/honda-n-wgn-2017-for-sale-in-rawalpindi-12055038,https://cache4.pakwheels.com/ad_pictures/1522/honda-n-wgn-2017-152298979.jpg,Silver,Punjab,Imported,,660.0,2.0,Tall-boy,660cc kei,2026-09-27,honda n wgn|2017|26.0|150000,False,2026-09-27T14:38,False,26.0,,,2600000.0
12053151,PakWheels,Suzuki Swift,1 3L DLX,2016,26.0,60000.0,Manual,Rawalpindi,Rawalpindi,,,9.0,2d,core,https://www.pakwheels.com/used-cars/suzuki-swift-2016-for-sale-in-rawalpindi-12053151,https://cache4.pakwheels.com/ad_pictures/1523/suzuki-swift-1-3l-dlx-2016-152341617.jpg,White,Punjab,Local,Hatchback,1300.0,2.0,Hatchback,1000-1300cc,2026-09-27,suzuki swift|2016|26.0|60000,False,2026-09-27T21:48,False,26.0,,,2600000.0
12056399,PakWheels,Suzuki Swift,DLX 1 3 Navigation,2017,26.0,160000.0,Manual,Islamabad,Islamabad,,,14.0,2d,core,https://www.pakwheels.com/used-cars/suzuki-swift-2017-for-sale-in-islamabad-12056399,https://cache2.pakwheels.com/ad_pictures/1523/suzuki-swift-dlx-1-3-navigation-2017-152319507.jpg,White,Islamabad,Local,Hatchback,1300.0,2.0,Hatchback,1000-1300cc,2026-09-27,suzuki swift|2017|26.0|160000,False,2026-09-27T21:48,False,26.0,,,2600000.0
12044684,PakWheels,Honda N Box,Custom,2014,26.3,124000.0,Automatic,Rawalpindi,Rawalpindi,,,10.0,2d,core,https://www.pakwheels.com/used-cars/honda-n-box-2014-for-sale-in-rawalpindi-12044684,https://cache4.pakwheels.com/ad_pictures/1521/honda-n-box-custom-2014-152146791.jpg,Grey,Islamabad,Imported,Hatchback,658.0,2.0,Tall-boy,660cc kei,2026-09-27,honda n box|2014|26.3|124000,False,2026-09-24T23:58,False,28.3,2.0,,2630000.0
10826244,PakWheels,Suzuki Alto,ECO S,2012,26.5,136000.0,Automatic,Islamabad,Islamabad,,,15.0,2d,core,https://www.pakwheels.com/used-cars/suzuki-alto-2012-for-sale-in-islamabad-10826244,https://cache3.pakwheels.com/ad_pictures/1331/suzuki-alto-eco-s-2012-133133490.jpg,Silver,Islamabad,Imported,Hatchback,660.0,2.0,Hatchback,660cc kei,2026-09-27,suzuki alto|2012|26.5|136000,False,2026-09-27T14:38,False,26.5,,,2650000.0
12056746,PakWheels,Toyota Vitz,1 0 F,2013,26.5,135786.0,Automatic,Rawalpindi,Rawalpindi,,,7.0,2d,core,https://www.pakwheels.com/used-cars/toyota-vitz-2013-for-sale-in-rawalpindi-12056746,https://cache2.pakwheels.com/ad_pictures/1523/toyota-vitz-1-0-f-2013-152325178.jpg,Silver,Punjab,Imported,Hatchback,1000.0,2.0,Hatchback,1000-1300cc,2026-09-27,toyota vitz|2013|26.5|135786,False,2026-09-27T21:48,False,26.5,,,2650000.0
12056703,PakWheels,Toyota Vitz,1 3 F,2007,26.6,172600.0,Automatic,Islamabad,Islamabad,,,20.0,2d,core,https://www.pakwheels.com/used-cars/toyota-vitz-2007-for-sale-in-islamabad-12056703,https://cache4.pakwheels.com/ad_pictures/1523/toyota-vitz-1-3-f-2007-152323929.jpg,Red,Islamabad,Imported,Hatchback,1300.0,2.0,Hatchback,1000-1300cc,2026-09-27,toyota vitz|2007|26.6|172600,False,2026-09-27T21:48,False,26.6,,,2660000.0
12025543,PakWheels,Suzuki Wagon R,J Style,2014,26.8,68000.0,Automatic,Islamabad,Islamabad,,,14.0,2d,core,https://www.pakwheels.com/used-cars/suzuki-wagon-r-2014-for-sale-in-islamabad-12025543,https://cache4.pakwheels.com/ad_pictures/1518/suzuki-wagon-r-j-style-2014-151859407.jpg,Black,Islamabad,Imported,Hatchback,660.0,2.0,Tall-boy,660cc kei,2026-09-27,suzuki wagon r|2014|26.8|68000,False,2026-09-20T23:11,False,26.8,,,2680000.0
12055603,PakWheels,Suzuki Alto,VXR,2020,26.8,16857.0,Manual,Rawalpindi,Rawalpindi,,,19.0,2d,core,https://www.pakwheels.com/used-cars/suzuki-alto-2020-for-sale-in-rawalpindi-12055603,https://cache3.pakwheels.com/ad_pictures/1523/suzuki-alto-vxr-2-2020-152307760.jpg,White,Islamabad,Local,Hatchback,1000.0,2.0,Hatchback,660cc kei,2026-09-27,suzuki alto|2020|26.8|16857,False,2026-09-27T14:38,False,26.8,,,2680000.0
12055920,PakWheels,Suzuki Alto,VX,2023,27.0,44000.0,Manual,Islamabad,Islamabad,,,12.0,2d,core,https://www.pakwheels.com/used-cars/suzuki-alto-2023-for-sale-in-islamabad-12055920,https://cache3.pakwheels.com/ad_pictures/1523/suzuki-alto-vx-14-2023-152312356.jpg,White,Islamabad,Local,Hatchback,660.0,2.0,Hatchback,660cc kei,2026-09-27,suzuki alto|2023|27.0|44000,False,2026-09-27T14:38,False,27.0,,,2700000.0
12055412,PakWheels,Suzuki Alto,VXL,2020,27.0,157000.0,Automatic,Islamabad,Islamabad,,,4.0,2d,core,https://www.pakwheels.com/used-cars/suzuki-alto-2020-for-sale-in-islamabad-12055412,https://cache2.pakwheels.com/ad_pictures/1523/suzuki-alto-vxl-2-2020-152304805.jpg,Grey,Punjab,Local,Hatchback,660.0,2.0,Hatchback,660cc kei,2026-09-27,suzuki alto|2020|27.0|157000,False,2026-09-27T14:38,False,27.0,,,2700000.0
1115540217,OLX,Toyota Vitz,2009,2009,27.0,15000.0,,Rawalpindi,"Airport Housing Society, Rawalpindi",,,,2d,core,https://www.olx.com.pk/item/-iid-1115540217,https://images.olx.com.pk/thumbnails/624433463-600x450.jpeg,,,,,,2.0,Hatchback,1000-1300cc,2026-09-27,toyota vitz|2009|27.0|15000,False,2026-09-28T15:06,False,27.0,,,2700000.0
12055564,PakWheels,Suzuki Alto,ECO S,2014,27.25,53000.0,Automatic,Islamabad,Islamabad,,,17.0,2d,core,https://www.pakwheels.com/used-cars/suzuki-alto-2014-for-sale-in-islamabad-12055564,https://cache3.pakwheels.com/ad_pictures/1523/suzuki-alto-eco-s-2014-152306298.jpg,Burgundy,Islamabad,Imported,Hatchback,660.0,2.0,Hatchback,660cc kei,2026-09-27,suzuki alto|2014|27.25|53000,False,2026-09-27T14:38,False,27.25,,,2725000.0
12058591,PakWheels,Suzuki Alto,VXL,2021,27.5,100000.0,Automatic,Islamabad,Islamabad,,,9.0,2d,core,https://www.pakwheels.com/used-cars/suzuki-alto-2021-for-sale-in-islamabad-12058591,https://cache1.pakwheels.com/ad_pictures/1523/suzuki-alto-vxl-2-2021-152355028.jpg,White,Islamabad,Local,Hatchback,660.0,2.0,Hatchback,660cc kei,2026-09-27,suzuki alto|2021|27.5|100000,False,2026-09-27T21:48,False,27.5,,,2750000.0
12056247,PakWheels,Suzuki Alto,F,2021,27.5,125000.0,Automatic,Islamabad,Islamabad,,,1.0,2d,core,https://www.pakwheels.com/used-cars/suzuki-alto-2021-for-sale-in-islamabad-12056247,https://cache4.pakwheels.com/ad_pictures/1523/suzuki-alto-f-2-2021-152317500.jpg,Silver,Islamabad,Local,Hatchback,660.0,2.0,Hatchback,660cc kei,2026-09-27,suzuki alto|2021|27.5|125000,False,2026-09-27T14:38,False,27.5,,,2750000.0
12055534,PakWheels,Suzuki Swift,DLX 1 3 Navigation,2018,27.5,130000.0,Manual,Islamabad,Islamabad,,,10.0,2d,core,https://www.pakwheels.com/used-cars/suzuki-swift-2018-for-sale-in-islamabad-12055534,https://cache2.pakwheels.com/ad_pictures/1523/suzuki-swift-dlx-1-3-navigation-2018-152318809.jpg,Grey,Islamabad,Local,Hatchback,1300.0,2.0,Hatchback,1000-1300cc,2026-09-27,suzuki swift|2018|27.5|130000,False,2026-09-27T14:38,False,30.0,2.5,,2750000.0
1119823318,OLX,Toyota Passo,2012,2012,27.5,130000.0,,Rawalpindi,"Saddar, Rawalpindi",,,,2d,core,https://www.olx.com.pk/item/-iid-1119823318,https://images.olx.com.pk/thumbnails/648829534-600x450.jpeg,,,,,,2.0,Hatchback,1000-1300cc,2026-09-27,toyota passo|2012|27.5|130000,False,2026-09-28T15:06,False,27.5,,,2750000.0
12038917,PakWheels,Toyota Vitz,1 3 ILL,2008,27.8,130000.0,Automatic,Islamabad,Islamabad,,,9.0,2d,core,https://www.pakwheels.com/used-cars/toyota-vitz-2008-for-sale-in-islamabad-12038917,https://cache2.pakwheels.com/ad_pictures/1520/toyota-vitz-1-3-ill-2008-152060165.jpg,Black,Punjab,Imported,Hatchback,1300.0,2.0,Hatchback,1000-1300cc,2026-09-27,toyota vitz|2008|27.8|130000,False,2026-09-25T19:34,False,27.8,,,2780000.0
12057955,PakWheels,Suzuki Alto,L Limited 40th Anniversary Edition,2020,27.9,108000.0,Automatic,Rawalpindi,Rawalpindi,,,17.0,2d,core,https://www.pakwheels.com/used-cars/suzuki-alto-2020-for-sale-in-rawalpindi-12057955,https://cache1.pakwheels.com/ad_pictures/1523/suzuki-alto-l-limited-40th-anniversary-edition-2020-152344828.jpg,White,Islamabad,Imported,Hatchback,658.0,2.0,Hatchback,660cc kei,2026-09-27,suzuki alto|2020|27.9|108000,False,2026-09-27T21:48,False,27.9,,,2790000.0
12020568,PakWheels,Suzuki Alto,VXR,2024,28.25,53000.0,Manual,Islamabad,Islamabad,,,12.0,2d,core,https://www.pakwheels.com/used-cars/suzuki-alto-2024-for-sale-in-islamabad-12020568,https://cache3.pakwheels.com/ad_pictures/1517/suzuki-alto-vxr-2-2024-151776823.jpg,White,Punjab,Local,Hatchback,660.0,2.0,Hatchback,660cc kei,2026-09-27,suzuki alto|2024|28.25|53000,False,2026-09-19T22:55,False,28.5,0.25,,2825000.0
1119815728,OLX,Toyota Passo,2015 model 2017 register,2015,28.25,165000.0,,Rawalpindi,"Bahria Town Phase 8, Rawalpindi",,,,2d,core,https://www.olx.com.pk/item/-iid-1119815728,https://images.olx.com.pk/thumbnails/648786037-600x450.jpeg,,,,,,2.0,Hatchback,1000-1300cc,2026-09-27,toyota passo|2015|28.25|165000,False,2026-09-28T15:06,False,28.25,,,2825000.0
12055746,PakWheels,Suzuki Alto,VXL,2022,28.3,34245.0,Automatic,Islamabad,Islamabad,,,10.0,2d,core,https://www.pakwheels.com/used-cars/suzuki-alto-2022-for-sale-in-islamabad-12055746,https://cache2.pakwheels.com/ad_pictures/1523/suzuki-alto-vxl-2-2022-152309617.jpg,White,Islamabad,Local,Hatchback,660.0,2.0,Hatchback,660cc kei,2026-09-27,suzuki alto|2022|28.3|34245,False,2026-09-27T14:38,False,28.3,,,2830000.0
1118297715,OLX,Toyota Passo,,2014,28.4,215000.0,,Rawalpindi,"Bahria Town Phase 8, Rawalpindi",,,,2d,core,https://www.olx.com.pk/item/-iid-1118297715,https://images.olx.com.pk/thumbnails/645319353-600x450.jpeg,,,,,,2.0,Hatchback,1000-1300cc,2026-09-27,toyota passo|2014|28.4|215000,False,2026-09-13T13:42,False,28.4,,,2840000.0
12058178,PakWheels,Toyota Passo,,2015,28.5,165000.0,Automatic,Rawalpindi,Rawalpindi,,,7.0,2d,core,https://www.pakwheels.com/used-cars/toyota-passo-2015-for-sale-in-rawalpindi-12058178,https://cache1.pakwheels.com/ad_pictures/1523/toyota-passo-2015-152348021.jpg,Purple,Islamabad,Imported,,1000.0,2.0,Hatchback,1000-1300cc,2026-09-27,toyota passo|2015|28.5|165000,False,2026-09-27T21:48,False,28.5,,,2850000.0
12057891,PakWheels,Toyota Vitz,,2011,28.5,332732.0,Automatic,Islamabad,Islamabad,,,10.0,2d,core,https://www.pakwheels.com/used-cars/toyota-vitz-2011-for-sale-in-islamabad-12057891,https://cache1.pakwheels.com/ad_pictures/1523/toyota-vitz-2011-152343747.jpg,Pink,Islamabad,Imported,,1000.0,2.0,Hatchback,1000-1300cc,2026-09-27,toyota vitz|2011|28.5|332732,False,2026-09-27T21:48,False,28.5,,very high mileage,2850000.0
11989355,PakWheels,Toyota Passo,Plus Hana,2014,28.75,91000.0,Automatic,Islamabad,Islamabad,,,16.0,2d,core,https://www.pakwheels.com/used-cars/toyota-passo-2014-for-sale-in-islamabad-11989355,https://cache4.pakwheels.com/ad_pictures/1513/toyota-passo-plus-hana-2014-151325505.jpg,cherry Red,Islamabad,Imported,Hatchback,1000.0,2.0,Hatchback,1000-1300cc,2026-09-27,toyota passo|2014|28.75|91000,False,2026-09-13T18:47,False,29.75,1.0,,2875000.0
12042122,PakWheels,Toyota Vitz,1 0 F,2011,28.75,112000.0,Automatic,Islamabad,Islamabad,,,13.0,2d,core,https://www.pakwheels.com/used-cars/toyota-vitz-2011-for-sale-in-islamabad-12042122,https://cache2.pakwheels.com/ad_pictures/1521/toyota-vitz-1-0-f-2011-152104207.jpg,Grey,Islamabad,Imported,Hatchback,1000.0,2.0,Hatchback,1000-1300cc,2026-09-27,toyota vitz|2011|28.75|112000,False,2026-09-24T19:10,False,28.75,,,2875000.0
12055730,PakWheels,Suzuki Alto,VXR,2024,29.0,36900.0,Manual,Islamabad,Islamabad,,,12.0,2d,core,https://www.pakwheels.com/used-cars/suzuki-alto-2024-for-sale-in-islamabad-12055730,https://cache4.pakwheels.com/ad_pictures/1523/suzuki-alto-vxr-2-2024-152309560.jpg,White,Punjab,Local,Hatchback,1000.0,2.0,Hatchback,660cc kei,2026-09-27,suzuki alto|2024|29.0|36900,False,2026-09-27T14:38,False,29.0,,,2900000.0
1119808371,OLX,Toyota Vitz,2012,2012,29.25,172000.0,,Islamabad,"G-13, Islamabad",,,,2d,core,https://www.olx.com.pk/item/-iid-1119808371,https://images.olx.com.pk/thumbnails/648743073-600x450.jpeg,,,,,,2.0,Hatchback,1000-1300cc,2026-09-27,toyota vitz|2012|29.25|172000,False,2026-09-28T15:06,False,29.25,,,2925000.0
12057560,PakWheels,Suzuki Wagon R,AGS,2020,29.5,100000.0,Automatic,Islamabad,Islamabad,,,10.0,2d,core,https://www.pakwheels.com/used-cars/suzuki-wagon-r-2020-for-sale-in-islamabad-12057560,https://cache2.pakwheels.com/ad_pictures/1523/suzuki-wagon-r-ags-2020-152338432.jpg,White,Islamabad,Local,Hatchback,1000.0,2.0,Tall-boy,660cc kei,2026-09-27,suzuki wagon r|2020|29.5|100000,False,2026-09-28T15:06,False,29.5,,,2950000.0
12055326,PakWheels,Suzuki Alto,VXR,2025,29.75,25000.0,Manual,Islamabad,Islamabad,,,13.0,2d,core,https://www.pakwheels.com/used-cars/suzuki-alto-2025-for-sale-in-islamabad-12055326,https://cache3.pakwheels.com/ad_pictures/1523/suzuki-alto-vxr-2-2025-152303243.jpg,Silver,Punjab,Local,Hatchback,660.0,2.0,Hatchback,660cc kei,2026-09-27,suzuki alto|2025|29.75|25000,False,2026-09-27T14:38,False,29.75,,,2975000.0
12057220,PakWheels,Suzuki Alto,VXR,2025,29.8,30000.0,Manual,Rawalpindi,Rawalpindi,,,13.0,2d,core,https://www.pakwheels.com/used-cars/suzuki-alto-2025-for-sale-in-rawalpindi-12057220,https://cache2.pakwheels.com/ad_pictures/1523/suzuki-alto-vxr-2-2025-152333208.jpg,White,Islamabad,Local,Hatchback,660.0,2.0,Hatchback,660cc kei,2026-09-27,suzuki alto|2025|29.8|30000,False,2026-09-27T21:48,False,29.8,,,2980000.0
12055021,PakWheels,Suzuki Alto,VXL,2023,29.85,48500.0,Automatic,Rawalpindi,Rawalpindi,,,9.0,2d,core,https://www.pakwheels.com/used-cars/suzuki-alto-2023-for-sale-in-rawalpindi-12055021,https://cache2.pakwheels.com/ad_pictures/1522/suzuki-alto-vxl-2-2023-152298644.jpg,White,Islamabad,Local,Hatchback,660.0,2.0,Hatchback,660cc kei,2026-09-27,suzuki alto|2023|29.85|48500,False,2026-09-27T14:38,False,29.85,,,2985000.0
12057941,PakWheels,Toyota Passo,X Kutsurogi,2014,30.0,150000.0,Automatic,Islamabad,Islamabad,,,15.0,2d,core,https://www.pakwheels.com/used-cars/toyota-passo-2014-for-sale-in-islamabad-12057941,https://cache3.pakwheels.com/ad_pictures/1523/toyota-passo-x-kutsurogi-2014-152344595.jpg,Silver,Islamabad,Imported,Hatchback,1000.0,2.0,Hatchback,1000-1300cc,2026-09-27,toyota passo|2014|30.0|150000,False,2026-09-27T21:48,False,30.0,,,3000000.0
12057343,PakWheels,Toyota Passo,1 0 X,2014,30.0,117000.0,Automatic,Islamabad,Islamabad,,,20.0,2d,core,https://www.pakwheels.com/used-cars/toyota-passo-2014-for-sale-in-islamabad-12057343,https://cache4.pakwheels.com/ad_pictures/1523/toyota-passo-1-0-x-2014-152332542.jpg,Beige,Karachi,Imported,Hatchback,1000.0,2.0,Hatchback,1000-1300cc,2026-09-27,toyota passo|2014|30.0|117000,True,2026-09-27T21:48,False,30.0,,duplicate listing,3000000.0
12052435,PakWheels,Suzuki Alto,VXR,2007,7.3,234937.0,Manual,Islamabad,Islamabad,,,20.0,3d,core,https://www.pakwheels.com/used-cars/suzuki-alto-2007-for-sale-in-islamabad-12052435,https://cache1.pakwheels.com/ad_pictures/1522/suzuki-alto-vxr-2-2007-152260804.jpg,Maroon,Islamabad,Local,Hatchback,1000.0,3.0,Hatchback,660cc kei,2026-09-26,suzuki alto|2007|7.3|234937,False,2026-09-26T18:44,False,9.5,2.2,price too low - verify,730000.0
12053589,PakWheels,Mitsubishi Pajero Mini,VR,1997,9.5,1230.0,Manual,Islamabad,Islamabad,,,11.0,3d,core,https://www.pakwheels.com/used-cars/mitsubishi-pajero-mini-1997-for-sale-in-islamabad-12053589,https://cache4.pakwheels.com/ad_pictures/1522/mitsubishi-pajero-mini-vr-1997-152279036.jpg,Blue,Karachi,Imported,SUV,660.0,3.0,Tall-boy,660cc kei,2026-09-26,mitsubishi pajero mini|1997|9.5|1230,False,2026-09-26T23:29,False,9.5,,mileage implausibly low,950000.0
12052044,PakWheels,Suzuki Alto,VXR,2008,10.5,300000.0,Manual,Islamabad,Islamabad,,,6.0,3d,core,https://www.pakwheels.com/used-cars/suzuki-alto-2008-for-sale-in-islamabad-12052044,https://cache1.pakwheels.com/ad_pictures/1522/suzuki-alto-vxr-2-2008-152252636.jpg,Blue,Islamabad,Local,Hatchback,1000.0,3.0,Hatchback,660cc kei,2026-09-26,suzuki alto|2008|10.5|300000,False,2026-09-26T18:44,False,10.5,,,1050000.0
12053019,PakWheels,Suzuki Alto,VXR,2002,11.3,185062.0,Manual,Islamabad,Islamabad,,,8.0,3d,core,https://www.pakwheels.com/used-cars/suzuki-alto-2002-for-sale-in-islamabad-12053019,https://cache2.pakwheels.com/ad_pictures/1522/suzuki-alto-vxr-2-2002-152270102.jpg,Beige,Islamabad,Local,Hatchback,1000.0,3.0,Hatchback,660cc kei,2026-09-26,suzuki alto|2002|11.3|185062,True,2026-09-26T18:44,False,11.3,,duplicate listing,1130000.0
1119772972,OLX,Suzuki Alto,2002,2002,11.3,185062.0,,Islamabad,"Jinnah Gardens, Islamabad",,,,3d,core,https://www.olx.com.pk/item/-iid-1119772972,https://images.olx.com.pk/thumbnails/648534373-600x450.jpeg,,,,,,3.0,Hatchback,660cc kei,2026-09-26,suzuki alto|2002|11.3|185062,True,2026-09-27T14:38,False,11.3,,duplicate listing,1130000.0
12051944,PakWheels,Suzuki Baleno,JXL,2003,11.85,185000.0,Manual,Rawalpindi,Rawalpindi,,,20.0,3d,core,https://www.pakwheels.com/used-cars/suzuki-baleno-2003-for-sale-in-rawalpindi-12051944,https://cache2.pakwheels.com/ad_pictures/1522/suzuki-baleno-jxl-2003-152249214.jpg,Silver,Lahore,Local,Sedan,1300.0,3.0,Hatchback,1000-1300cc,2026-09-26,suzuki baleno|2003|11.85|185000,False,2026-09-26T18:44,False,11.85,,,1185000.0
12053328,PakWheels,Suzuki Alto,VXR,2007,12.0,151000.0,Manual,Rawalpindi,Rawalpindi,,,12.0,3d,core,https://www.pakwheels.com/used-cars/suzuki-alto-2007-for-sale-in-rawalpindi-12053328,https://cache1.pakwheels.com/ad_pictures/1522/suzuki-alto-vxr-2-2007-152275182.jpg,White,Rawalpindi,Local,Hatchback,1000.0,3.0,Hatchback,660cc kei,2026-09-26,suzuki alto|2007|12.0|151000,False,2026-09-26T18:44,False,12.0,,,1200000.0
12051558,PakWheels,Suzuki Alto,,2008,12.2,10200.0,Automatic,Islamabad,Islamabad,,,13.0,3d,core,https://www.pakwheels.com/used-cars/suzuki-alto-2008-for-sale-in-islamabad-12051558,https://cache3.pakwheels.com/ad_pictures/1522/suzuki-alto-2008-152245626.jpg,Grey,Islamabad,Local,,660.0,3.0,Hatchback,660cc kei,2026-09-26,suzuki alto|2008|12.2|10200,True,2026-09-26T18:44,False,12.2,,duplicate listing,1220000.0
1119762797,OLX,Suzuki Alto,2008,2008,12.2,10200.0,,Islamabad,"F-15, Islamabad",,,,3d,core,https://www.olx.com.pk/item/-iid-1119762797,https://images.olx.com.pk/thumbnails/648465835-600x450.jpeg,,,,,,3.0,Hatchback,660cc kei,2026-09-26,suzuki alto|2008|12.2|10200,True,2026-09-27T14:38,False,12.2,,duplicate listing,1220000.0
1119755742,OLX,Suzuki Alto,2007,2007,12.7,370.0,,Islamabad,"G-13/1, Islamabad",,,,3d,core,https://www.olx.com.pk/item/-iid-1119755742,https://images.olx.com.pk/thumbnails/648421893-600x450.jpeg,,,,,,3.0,Hatchback,660cc kei,2026-09-26,suzuki alto|2007|12.7|370,False,2026-09-26T14:00,False,12.7,,mileage implausibly low,1270000.0
12035413,PakWheels,Suzuki Alto,VXR,2012,13.5,123000.0,Manual,Islamabad,Islamabad,,,13.0,3d,core,https://www.pakwheels.com/used-cars/suzuki-alto-2012-for-sale-in-islamabad-12035413,https://cache3.pakwheels.com/ad_pictures/1520/suzuki-alto-vxr-2-2012-152007050.jpg,White,Islamabad,Local,Hatchback,1000.0,3.0,Hatchback,660cc kei,2026-09-26,suzuki alto|2012|13.5|123000,False,2026-09-23T13:58,False,13.75,0.25,,1350000.0
12054442,PakWheels,Suzuki Alto,VXR,2012,13.55,190000.0,Manual,Rawalpindi,Rawalpindi,,,9.0,3d,core,https://www.pakwheels.com/used-cars/suzuki-alto-2012-for-sale-in-rawalpindi-12054442,https://cache2.pakwheels.com/ad_pictures/1522/suzuki-alto-vxr-2-2012-152290864.jpg,Grey,Islamabad,Local,Hatchback,1000.0,3.0,Hatchback,660cc kei,2026-09-26,suzuki alto|2012|13.55|190000,False,2026-09-26T23:29,False,13.55,,,1355000.0
11997806,PakWheels,Subaru Pleo,,2007,14.1,122764.0,Manual,Islamabad,Islamabad,,,20.0,3d,core,https://www.pakwheels.com/used-cars/subaru-pleo-2007-for-sale-in-islamabad-11997806,https://cache2.pakwheels.com/ad_pictures/1514/subaru-pleo-2007-151420495.jpg,Silver,Islamabad,Imported,,660.0,3.0,Hatchback,660cc kei,2026-09-26,subaru pleo|2007|14.1|122764,False,2026-09-14T20:51,False,14.7,0.6,,1410000.0
1116904749,OLX,Suzuki Alto,660cc Automatic Excellent Condition Japanese Engine,2004,15.5,120000.0,,Islamabad,"DHA Defence Phase 2, Islamabad",,,,3d,core,https://www.olx.com.pk/item/-iid-1116904749,https://images.olx.com.pk/thumbnails/631557041-600x450.jpeg,,,,,,3.0,Hatchback,660cc kei,2026-09-26,suzuki alto|2004|15.5|120000,False,2026-09-26T14:00,False,15.5,,,1550000.0
12052024,PakWheels,Daihatsu Mira,L,2008,15.8,125532.0,Automatic,Islamabad,Islamabad,,,9.0,3d,core,https://www.pakwheels.com/used-cars/daihatsu-mira-2008-for-sale-in-islamabad-12052024,https://cache3.pakwheels.com/ad_pictures/1522/daihatsu-mira-l-10-2008-152254088.jpg,White,Islamabad,Imported,Hatchback,660.0,3.0,Hatchback,660cc kei,2026-09-26,daihatsu mira|2008|15.8|125532,False,2026-09-26T18:44,False,15.8,,,1580000.0
1119766335,OLX,Daihatsu Mira,2008,2008,15.8,125325.0,,Islamabad,"G-9, Islamabad",,,,3d,core,https://www.olx.com.pk/item/-iid-1119766335,https://images.olx.com.pk/thumbnails/648488615-600x450.jpeg,,,,,,3.0,Hatchback,660cc kei,2026-09-26,daihatsu mira|2008|15.8|125325,False,2026-09-27T14:38,False,15.8,,,1580000.0
11927095,PakWheels,Daihatsu Mira,L,2006,16.25,183500.0,Automatic,Rawalpindi,Rawalpindi,,,2.0,3d,core,https://www.pakwheels.com/used-cars/daihatsu-mira-2006-for-sale-in-rawalpindi-11927095,https://cache1.pakwheels.com/ad_pictures/1503/daihatsu-mira-l-4-2006-150342370.jpg,White,Punjab,Imported,Hatchback,660.0,3.0,Hatchback,660cc kei,2026-09-26,daihatsu mira|2006|16.25|183500,False,2026-08-29T22:26,False,16.5,0.25,,1625000.0
1119791019,OLX,Other JDM,Suzuki Japanese Kei 660cc Model 2005 Registered 2007 Automatic,2007,16.39,168000.0,,Rawalpindi,"Peshawar Road, Rawalpindi",,,,3d,core,https://www.olx.com.pk/item/-iid-1119791019,https://images.olx.com.pk/thumbnails/648639269-600x450.jpeg,,,,,,3.0,Hatchback,engine unstated,2026-09-26,other jdm|2007|16.39|168000,False,2026-09-27T14:38,False,16.39,,,1639000.0
11875574,PakWheels,Mitsubishi Pajero Mini,ZR,2006,16.5,115000.0,Automatic,Rawalpindi,Rawalpindi,,,18.0,3d,core,https://www.pakwheels.com/used-cars/mitsubishi-pajero-mini-2006-for-sale-in-rawalpindi-11875574,https://cache2.pakwheels.com/ad_pictures/1495/mitsubishi-pajero-mini-zr-2006-149552386.jpg,White,Punjab,Imported,SUV,660.0,3.0,Tall-boy,660cc kei,2026-09-26,mitsubishi pajero mini|2006|16.5|115000,False,2026-09-26T23:29,False,16.5,,,1650000.0
12051595,PakWheels,Daihatsu Mira,X,2005,16.5,65000.0,Automatic,Islamabad,Islamabad,,,17.0,3d,core,https://www.pakwheels.com/used-cars/daihatsu-mira-2005-for-sale-in-islamabad-12051595,https://cache1.pakwheels.com/ad_pictures/1522/daihatsu-mira-x-8-2005-152245639.jpg,Golden,Bhimber,Imported,Hatchback,660.0,3.0,Hatchback,660cc kei,2026-09-26,daihatsu mira|2005|16.5|65000,False,2026-09-26T18:44,False,16.5,,,1650000.0
12013467,PakWheels,Daihatsu Mira,,2008,16.5,109000.0,Automatic,Islamabad,Islamabad,,,7.0,3d,core,https://www.pakwheels.com/used-cars/daihatsu-mira-2008-for-sale-in-islamabad-12013467,https://cache2.pakwheels.com/ad_pictures/1516/daihatsu-mira-2008-151665077.jpg,White,Islamabad,Imported,,660.0,3.0,Hatchback,660cc kei,2026-09-26,daihatsu mira|2008|16.5|109000,False,2026-09-25T14:10,False,16.5,,,1650000.0
12021591,PakWheels,Mitsubishi Pajero Mini,,2003,17.0,115000.0,Automatic,Rawalpindi,Rawalpindi,,,15.0,3d,core,https://www.pakwheels.com/used-cars/mitsubishi-pajero-mini-2003-for-sale-in-rawalpindi-12021591,https://cache2.pakwheels.com/ad_pictures/1517/mitsubishi-pajero-mini-2003-151792071.jpg,White,Punjab,Imported,,660.0,3.0,Tall-boy,660cc kei,2026-09-26,mitsubishi pajero mini|2003|17.0|115000,False,2026-09-19T22:55,False,17.0,,,1700000.0
12050452,PakWheels,Mitsubishi EK Wagon,G,2007,17.0,194000.0,Automatic,Islamabad,Islamabad,,,4.0,3d,core,https://www.pakwheels.com/used-cars/mitsubishi-ek-wagon-2007-for-sale-in-islamabad-12050452,https://cache3.pakwheels.com/ad_pictures/1522/mitsubishi-ek-wagon-g-3-2007-152228517.jpg,White,Lahore,Imported,Hatchback,660.0,3.0,Hatchback,660cc kei,2026-09-26,mitsubishi ek wagon|2007|17.0|194000,False,2026-09-26T14:00,False,17.0,,,1700000.0
12036415,PakWheels,Mitsubishi EK Wagon,G,2007,17.34,121000.0,Automatic,Islamabad,Islamabad,,,11.0,3d,core,https://www.pakwheels.com/used-cars/mitsubishi-ek-wagon-2007-for-sale-in-islamabad-12036415,https://cache1.pakwheels.com/ad_pictures/1520/mitsubishi-ek-wagon-g-3-2007-152020352.jpg,Navy,Islamabad,Imported,Hatchback,660.0,3.0,Hatchback,660cc kei,2026-09-26,mitsubishi ek wagon|2007|17.34|121000,False,2026-09-26T18:44,False,17.34,,,1734000.0
1119757983,OLX,Daihatsu Boon,2006,2006,17.5,200000.0,,Rawalpindi,"Morgah, Rawalpindi",,,,3d,core,https://www.olx.com.pk/item/-iid-1119757983,https://images.olx.com.pk/thumbnails/648435563-600x450.jpeg,,,,,,3.0,Hatchback,1000-1300cc,2026-09-26,daihatsu boon|2006|17.5|200000,False,2026-09-26T14:00,False,17.5,,,1750000.0
11841782,PakWheels,Mitsubishi EK Wagon,GS,2006,17.75,10000.0,Automatic,Islamabad,Islamabad,,,20.0,3d,core,https://www.pakwheels.com/used-cars/mitsubishi-ek-wagon-2006-for-sale-in-islamabad-11841782,https://cache4.pakwheels.com/ad_pictures/1490/mitsubishi-ek-wagon-gs-2006-149033950.jpg,Silver,Islamabad,Imported,Hatchback,660.0,3.0,Hatchback,660cc kei,2026-09-26,mitsubishi ek wagon|2006|17.75|10000,False,2026-09-26T14:00,False,17.75,,,1775000.0
12031259,PakWheels,Suzuki Swift,1 3L DLX,2012,17.9,205000.0,Manual,Islamabad,Islamabad,,,10.0,3d,core,https://www.pakwheels.com/used-cars/suzuki-swift-2012-for-sale-in-islamabad-12031259,https://cache4.pakwheels.com/ad_pictures/1519/suzuki-swift-1-3l-dlx-2012-151939937.jpg,Maroon,Punjab,Local,Hatchback,1300.0,3.0,Hatchback,1000-1300cc,2026-09-26,suzuki swift|2012|17.9|205000,False,2026-09-26T23:29,False,18.5,0.6,,1790000.0
12052145,PakWheels,Nissan Otti,RS,2010,17.95,165232.0,Automatic,Islamabad,Islamabad,,,13.0,3d,core,https://www.pakwheels.com/used-cars/nissan-otti-2010-for-sale-in-islamabad-12052145,https://cache2.pakwheels.com/ad_pictures/1522/nissan-otti-rs-3-2010-152255942.jpg,Silver,Lahore,Imported,Hatchback,660.0,3.0,Hatchback,660cc kei,2026-09-26,nissan otti|2010|17.95|165232,False,2026-09-26T18:44,False,17.95,,,1795000.0
11923354,PakWheels,Daihatsu Mira,X,2006,17.95,225000.0,Automatic,Islamabad,Islamabad,,,4.0,3d,core,https://www.pakwheels.com/used-cars/daihatsu-mira-2006-for-sale-in-islamabad-11923354,https://cache4.pakwheels.com/ad_pictures/1502/daihatsu-mira-x-8-2006-150282689.jpg,White,Islamabad,Imported,Hatchback,660.0,3.0,Hatchback,660cc kei,2026-09-26,daihatsu mira|2006|17.95|225000,False,2026-08-29T07:32,False,18.5,0.55,,1795000.0
12052397,PakWheels,Daihatsu Sonica,,2006,18.0,111112.0,Automatic,Islamabad,Islamabad,,,6.0,3d,core,https://www.pakwheels.com/used-cars/daihatsu-sonica-2006-for-sale-in-islamabad-12052397,https://cache3.pakwheels.com/ad_pictures/1522/daihatsu-sonica-2006-152260145.jpg,Black,Islamabad,Imported,,660.0,3.0,Hatchback,660cc kei,2026-09-26,daihatsu sonica|2006|18.0|111112,False,2026-09-26T18:44,False,18.0,,,1800000.0
12054639,PakWheels,Toyota Platz,F 1,2004,18.0,9000.0,Automatic,Islamabad,Islamabad,,,9.0,3d,core,https://www.pakwheels.com/used-cars/toyota-platz-2004-for-sale-in-islamabad-12054639,https://cache2.pakwheels.com/ad_pictures/1522/toyota-platz-f-1-0-2004-152292987.jpg,Turquoise,Punjab,Imported,Sedan,1000.0,3.0,Hatchback,1000-1300cc,2026-09-26,toyota platz|2004|18.0|9000,False,2026-09-27T14:38,False,18.0,,,1800000.0
12052485,PakWheels,Suzuki Swift,1 3L DLX,2011,18.0,280000.0,Manual,Islamabad,Islamabad,,,6.0,3d,core,https://www.pakwheels.com/used-cars/suzuki-swift-2011-for-sale-in-islamabad-12052485,https://cache4.pakwheels.com/ad_pictures/1522/suzuki-swift-1-3l-dlx-2011-152262007.jpg,Solid White,Un-Registered,Local,Hatchback,1300.0,3.0,Hatchback,1000-1300cc,2026-09-26,suzuki swift|2011|18.0|280000,False,2026-09-26T18:44,False,18.0,,,1800000.0
12054986,PakWheels,Toyota Vitz,1 0 FL,1999,18.5,99990.0,Automatic,Rawalpindi,Rawalpindi,,,10.0,3d,core,https://www.pakwheels.com/used-cars/toyota-vitz-1999-for-sale-in-rawalpindi-12054986,https://cache3.pakwheels.com/ad_pictures/1522/toyota-vitz-1-0-fl-1999-152298333.jpg,Pink,Rawalpindi,Imported,Hatchback,1000.0,3.0,Hatchback,1000-1300cc,2026-09-26,toyota vitz|1999|18.5|99990,False,2026-09-27T14:38,False,18.5,,,1850000.0
12051818,PakWheels,Suzuki Wagon R,VXL,2017,18.5,155000.0,Manual,Rawalpindi,Rawalpindi,,,14.0,3d,core,https://www.pakwheels.com/used-cars/suzuki-wagon-r-2017-for-sale-in-rawalpindi-12051818,https://cache1.pakwheels.com/ad_pictures/1522/suzuki-wagon-r-vxl-2017-152250157.jpg,White,Islamabad,Local,Hatchback,1000.0,3.0,Tall-boy,660cc kei,2026-09-26,suzuki wagon r|2017|18.5|155000,False,2026-09-26T18:44,False,18.8,0.3,,1850000.0
1119790499,OLX,Toyota Vitz,1999,1999,18.5,999999.0,,Rawalpindi,"Satellite Town, Rawalpindi",,,,3d,core,https://www.olx.com.pk/item/-iid-1119790499,https://images.olx.com.pk/thumbnails/648635853-600x450.jpeg,,,,,,3.0,Hatchback,1000-1300cc,2026-09-26,toyota vitz|1999|18.5|999999,False,2026-09-27T14:38,False,18.5,,very high mileage,1850000.0
12050690,PakWheels,Mitsubishi EK Wagon,Limited,2011,18.7,100000.0,Automatic,Islamabad,Islamabad,,,6.0,3d,core,https://www.pakwheels.com/used-cars/mitsubishi-ek-wagon-2011-for-sale-in-islamabad-12050690,https://cache3.pakwheels.com/ad_pictures/1522/mitsubishi-ek-wagon-limited-2-2011-152232331.jpg,Black,Lahore,Imported,Hatchback,660.0,3.0,Hatchback,660cc kei,2026-09-26,mitsubishi ek wagon|2011|18.7|100000,False,2026-09-26T14:00,False,18.7,,,1870000.0
12053239,PakWheels,Suzuki Cervo,G,2007,18.75,150000.0,Automatic,Rawalpindi,Rawalpindi,,,18.0,3d,core,https://www.pakwheels.com/used-cars/suzuki-cervo-2007-for-sale-in-rawalpindi-12053239,https://cache1.pakwheels.com/ad_pictures/1522/suzuki-cervo-g-43-2007-152273411.jpg,Silver,Punjab,Imported,Hatchback,660.0,3.0,Hatchback,660cc kei,2026-09-26,suzuki cervo|2007|18.75|150000,False,2026-09-26T18:44,False,18.75,,,1875000.0
11888799,PakWheels,Suzuki Alto,,2007,18.75,180000.0,Automatic,Rawalpindi,Rawalpindi,,,13.0,3d,core,https://www.pakwheels.com/used-cars/suzuki-alto-2007-for-sale-in-rawalpindi-11888799,https://cache1.pakwheels.com/ad_pictures/1497/suzuki-alto-2007-149750683.jpg,White,Punjab,Imported,,660.0,3.0,Hatchback,660cc kei,2026-09-26,suzuki alto|2007|18.75|180000,False,2026-09-26T14:00,False,18.75,,,1875000.0
11857379,PakWheels,Daihatsu Mira,X,2010,19.0,123455.0,Automatic,Islamabad,Islamabad,,,6.0,3d,core,https://www.pakwheels.com/used-cars/daihatsu-mira-2010-for-sale-in-islamabad-11857379,https://cache1.pakwheels.com/ad_pictures/1492/daihatsu-mira-x-8-2010-149267731.jpg,Pink,Sindh,Imported,Hatchback,660.0,3.0,Hatchback,660cc kei,2026-09-26,daihatsu mira|2010|19.0|123455,False,2026-09-12T13:19,False,19.0,,,1900000.0
12050796,PakWheels,Honda Life,Diva,2006,19.0,10000.0,Automatic,Rawalpindi,Rawalpindi,,,15.0,3d,core,https://www.pakwheels.com/used-cars/honda-life-2006-for-sale-in-rawalpindi-12050796,https://cache4.pakwheels.com/ad_pictures/1522/honda-life-diva-2-2011-152234280.jpg,Beige,Islamabad,Imported,,660.0,3.0,Hatchback,660cc kei,2026-09-26,honda life|2006|19.0|10000,False,2026-09-26T14:00,False,19.0,,,1900000.0
12052924,PakWheels,Toyota Passo,,2004,19.0,197888.0,Automatic,Rawalpindi,Rawalpindi,,,5.0,3d,core,https://www.pakwheels.com/used-cars/toyota-passo-2004-for-sale-in-rawalpindi-12052924,https://cache1.pakwheels.com/ad_pictures/1522/toyota-passo-2004-152268389.jpg,Silver,Lahore,Imported,,1000.0,3.0,Hatchback,1000-1300cc,2026-09-26,toyota passo|2004|19.0|197888,True,2026-09-26T18:44,False,19.0,,duplicate listing,1900000.0
1118951276,OLX,Daihatsu Mira,2006,2006,19.35,135000.0,,Rawalpindi,"Westridge, Rawalpindi",,,,3d,core,https://www.olx.com.pk/item/-iid-1118951276,https://images.olx.com.pk/thumbnails/643624624-600x450.jpeg,,,,,,3.0,Hatchback,660cc kei,2026-09-26,daihatsu mira|2006|19.35|135000,False,2026-09-06T13:18,False,19.35,,,1935000.0
1116928037,OLX,Daihatsu Move,2011 Full options Family used Neat and clean,2011,19.39,102154.0,,Rawalpindi,"Ali Town, Rawalpindi",,,,3d,core,https://www.olx.com.pk/item/-iid-1116928037,https://images.olx.com.pk/thumbnails/631698339-600x450.jpeg,,,,,,3.0,Tall-boy,660cc kei,2026-09-26,daihatsu move|2011|19.39|102154,False,2026-09-27T14:38,False,19.39,,,1939000.0
11644655,PakWheels,Nissan Roox,E,2015,19.5,132000.0,Automatic,Islamabad,Islamabad,,,5.0,3d,core,https://www.pakwheels.com/used-cars/nissan-roox-2015-for-sale-in-islamabad-11644655,https://cache3.pakwheels.com/ad_pictures/1460/nissan-roox-e-5-2015-146043688.jpg,Burgundy,Punjab,Imported,Hatchback,660.0,3.0,Tall-boy,660cc kei,2026-09-26,nissan roox|2015|19.5|132000,False,2026-09-26T23:29,False,19.95,0.45,,1950000.0
12053092,PakWheels,Daihatsu Sonica,,2013,19.8,150000.0,Automatic,Islamabad,Islamabad,,,9.0,3d,core,https://www.pakwheels.com/used-cars/daihatsu-sonica-2013-for-sale-in-islamabad-12053092,https://cache4.pakwheels.com/ad_pictures/1522/daihatsu-sonica-2013-152271279.jpg,Silver,Islamabad,Imported,,660.0,3.0,Hatchback,660cc kei,2026-09-26,daihatsu sonica|2013|19.8|150000,False,2026-09-26T18:44,False,19.8,,,1980000.0
12053432,PakWheels,Suzuki Wagon R,VXR,2018,19.8,188000.0,Manual,Islamabad,Islamabad,,,10.0,3d,core,https://www.pakwheels.com/used-cars/suzuki-wagon-r-2018-for-sale-in-islamabad-12053432,https://cache2.pakwheels.com/ad_pictures/1522/suzuki-wagon-r-vxr-2018-152276781.jpg,Silver,Lahore,Local,Hatchback,1000.0,3.0,Tall-boy,660cc kei,2026-09-26,suzuki wagon r|2018|19.8|188000,False,2026-09-26T23:29,False,19.8,,,1980000.0
12051387,PakWheels,Toyota Passo,1 0 G,2005,19.85,131000.0,Automatic,Rawalpindi,Rawalpindi,,,8.0,3d,core,https://www.pakwheels.com/used-cars/toyota-passo-2005-for-sale-in-rawalpindi-12051387,https://cache4.pakwheels.com/ad_pictures/1522/toyota-passo-1-0-g-2005-152243079.jpg,White,Sindh,Imported,Hatchback,1000.0,3.0,Hatchback,1000-1300cc,2026-09-26,toyota passo|2005|19.85|131000,False,2026-09-26T18:44,False,20.75,0.9,,1985000.0
11979462,PakWheels,Daihatsu Mira,L,2014,20.0,155301.0,Automatic,Islamabad,Islamabad,Managed by PakWheels,7.0,15.0,3d,core,https://www.pakwheels.com/used-cars/daihatsu-mira-2014-for-sale-in-islamabad-11979462,https://cache1.pakwheels.com/ad_pictures/1511/daihatsu-mira-l-10-2014-151144106.jpg,White,Sindh,Imported,Hatchback,660.0,3.0,Hatchback,660cc kei,2026-09-26,daihatsu mira|2014|20.0|155301,False,2026-09-11T18:29,False,20.0,,,2000000.0
1119756825,OLX,Suzuki Alto Lapin,2014,2014,20.45,123456.0,,Islamabad,"Ghauri Garden, Islamabad",,,,3d,core,https://www.olx.com.pk/item/-iid-1119756825,https://images.olx.com.pk/thumbnails/648428502-600x450.jpeg,,,,,,3.0,Hatchback,660cc kei,2026-09-26,suzuki alto lapin|2014|20.45|123456,False,2026-09-26T14:00,False,20.75,0.3,,2045000.0
12051607,PakWheels,Toyota Passo,1 0 G,2008,20.5,115000.0,Automatic,Islamabad,Islamabad,,,18.0,3d,core,https://www.pakwheels.com/used-cars/toyota-passo-2008-for-sale-in-islamabad-12051607,https://cache2.pakwheels.com/ad_pictures/1522/toyota-passo-1-0-g-2008-152246260.jpg,Green,Islamabad,Imported,Hatchback,1000.0,3.0,Hatchback,1000-1300cc,2026-09-26,toyota passo|2008|20.5|115000,False,2026-09-26T18:44,False,20.5,,,2050000.0
1118276753,OLX,Toyota Passo,2006,2006,20.5,100000.0,,Islamabad,"Azmat Town, Islamabad",,,,3d,core,https://www.olx.com.pk/item/-iid-1118276753,https://images.olx.com.pk/thumbnails/639611972-600x450.jpeg,,,,,,3.0,Hatchback,1000-1300cc,2026-09-26,toyota passo|2006|20.5|100000,False,2026-09-27T14:38,False,20.5,,,2050000.0
12053981,PakWheels,Mitsubishi EK Wagon,,2011,20.75,105000.0,Automatic,Rawalpindi,Rawalpindi,,,12.0,3d,core,https://www.pakwheels.com/used-cars/mitsubishi-ek-wagon-2011-for-sale-in-rawalpindi-12053981,https://cache2.pakwheels.com/ad_pictures/1522/mitsubishi-ek-wagon-2011-152284756.jpg,Silver,Islamabad,Imported,,660.0,3.0,Hatchback,660cc kei,2026-09-26,mitsubishi ek wagon|2011|20.75|105000,False,2026-09-26T23:29,False,20.75,,,2075000.0
11921272,PakWheels,Daihatsu Mira,,2007,21.0,200000.0,Automatic,Rawalpindi,Rawalpindi,,,2.0,3d,core,https://www.pakwheels.com/used-cars/daihatsu-mira-2007-for-sale-in-rawalpindi-11921272,https://cache4.pakwheels.com/ad_pictures/1502/daihatsu-mira-2007-150252373.jpg,White,Lahore,Imported,,660.0,3.0,Hatchback,660cc kei,2026-09-26,daihatsu mira|2007|21.0|200000,False,2026-09-26T23:29,False,21.0,,,2100000.0
12052023,PakWheels,Nissan Dayz,,2012,21.0,199287.0,Automatic,Islamabad,Islamabad,,,9.0,3d,core,https://www.pakwheels.com/used-cars/nissan-dayz-2012-for-sale-in-islamabad-12052023,https://cache2.pakwheels.com/ad_pictures/1522/nissan-dayz-2012-152253908.jpg,Purple,Punjab,Imported,,660.0,3.0,Hatchback,660cc kei,2026-09-26,nissan dayz|2012|21.0|199287,True,2026-09-26T18:44,False,22.0,1.0,duplicate listing,2100000.0
12053207,PakWheels,Suzuki Swift,1 3L DLX,2010,21.0,140000.0,Manual,Rawalpindi,Rawalpindi,,,13.0,3d,core,https://www.pakwheels.com/used-cars/suzuki-swift-2010-for-sale-in-rawalpindi-12053207,https://cache1.pakwheels.com/ad_pictures/1522/suzuki-swift-1-3l-dlx-2010-152272431.jpg,Pearl Red,Islamabad,Local,Hatchback,1300.0,3.0,Hatchback,1000-1300cc,2026-09-26,suzuki swift|2010|21.0|140000,False,2026-09-26T18:44,False,21.0,,,2100000.0
1119761296,OLX,Nissan Dayz,Highway Star 660cc 2012 - 2016,2012,21.0,199287.0,,Islamabad,"G-13, Islamabad",,,,3d,core,https://www.olx.com.pk/item/-iid-1119761296,https://images.olx.com.pk/thumbnails/648456916-600x450.jpeg,,,,,,3.0,Hatchback,660cc kei,2026-09-26,nissan dayz|2012|21.0|199287,True,2026-09-26T14:00,False,22.0,1.0,duplicate listing,2100000.0
1118571423,OLX,Toyota Passo,2006,2006,21.0,9999.0,,Rawalpindi,"Khayaban-e-Sir Syed, Rawalpindi",,,,3d,core,https://www.olx.com.pk/item/-iid-1118571423,https://images.olx.com.pk/thumbnails/641369699-600x450.jpeg,,,,,,3.0,Hatchback,1000-1300cc,2026-09-26,toyota passo|2006|21.0|9999,False,2026-09-27T14:38,False,21.0,,,2100000.0
1119787812,OLX,Toyota Vitz,2005,2005,21.0,250000.0,,Rawalpindi,"Peshawar Road, Rawalpindi",,,,3d,core,https://www.olx.com.pk/item/-iid-1119787812,https://images.olx.com.pk/thumbnails/648619342-600x450.jpeg,,,,,,3.0,Hatchback,1000-1300cc,2026-09-26,toyota vitz|2005|21.0|250000,False,2026-09-27T14:38,False,21.0,,,2100000.0
1118357180,OLX,Mitsubishi EK Wagon,2012,2012,21.0,173000.0,,Islamabad,"Alipur Farash, Islamabad",,,,3d,core,https://www.olx.com.pk/item/-iid-1118357180,https://images.olx.com.pk/thumbnails/640089968-600x450.jpeg,,,,,,3.0,Hatchback,660cc kei,2026-09-26,mitsubishi ek wagon|2012|21.0|173000,False,2026-09-26T14:00,False,21.0,,,2100000.0
11993169,PakWheels,Nissan Moco,X Four Aero Style,2011,21.4,131000.0,Automatic,Islamabad,Islamabad,,,20.0,3d,core,https://www.pakwheels.com/used-cars/nissan-moco-2011-for-sale-in-islamabad-11993169,https://cache1.pakwheels.com/ad_pictures/1513/nissan-moco-x-four-aero-style-2011-151350690.jpg,Turquoise,Islamabad,Imported,Hatchback,660.0,3.0,Hatchback,660cc kei,2026-09-26,nissan moco|2011|21.4|131000,False,2026-09-13T18:47,False,21.5,0.1,,2140000.0
12052361,PakWheels,Suzuki Swift,1 3L DLX,2013,21.4,108000.0,Manual,Rawalpindi,Rawalpindi,,,5.0,3d,core,https://www.pakwheels.com/used-cars/suzuki-swift-2013-for-sale-in-rawalpindi-12052361,https://cache4.pakwheels.com/ad_pictures/1522/suzuki-swift-1-3l-dlx-2013-152259664.jpg,White,Islamabad,Local,Hatchback,1300.0,3.0,Hatchback,1000-1300cc,2026-09-26,suzuki swift|2013|21.4|108000,False,2026-09-26T18:44,False,21.4,,,2140000.0
12054043,PakWheels,Toyota Vitz,1 0 F,2008,21.5,185000.0,Automatic,Islamabad,Islamabad,,,12.0,3d,core,https://www.pakwheels.com/used-cars/toyota-vitz-2008-for-sale-in-islamabad-12054043,https://cache1.pakwheels.com/ad_pictures/1522/toyota-vitz-1-0-f-2008-152285495.jpg,Blue,Lahore,Imported,Hatchback,1000.0,3.0,Hatchback,1000-1300cc,2026-09-26,toyota vitz|2008|21.5|185000,False,2026-09-26T23:29,False,21.8,0.3,,2150000.0
12053871,PakWheels,Toyota Passo,,2007,21.5,155000.0,Automatic,Islamabad,Islamabad,,,10.0,3d,core,https://www.pakwheels.com/used-cars/toyota-passo-2007-for-sale-in-islamabad-12053871,https://cache1.pakwheels.com/ad_pictures/1522/toyota-passo-2007-152282715.jpg,Unlisted,Islamabad,Imported,,1000.0,3.0,Hatchback,1000-1300cc,2026-09-26,toyota passo|2007|21.5|155000,False,2026-09-26T23:29,False,21.5,,,2150000.0
12051188,PakWheels,Toyota Passo,G F Package,2006,21.65,92300.0,Automatic,Islamabad,Islamabad,,,16.0,3d,core,https://www.pakwheels.com/used-cars/toyota-passo-2006-for-sale-in-islamabad-12051188,https://cache2.pakwheels.com/ad_pictures/1522/toyota-passo-g-f-package-2006-152240338.jpg,Black,Islamabad,Imported,Hatchback,1000.0,3.0,Hatchback,1000-1300cc,2026-09-26,toyota passo|2006|21.65|92300,False,2026-09-26T14:00,False,21.65,,,2165000.0
1119758606,OLX,Toyota Passo,2006,2006,21.7,92000.0,,Rawalpindi,"KRL Road, Rawalpindi",,,,3d,core,https://www.olx.com.pk/item/-iid-1119758606,https://images.olx.com.pk/thumbnails/648439146-600x450.jpeg,,,,,,3.0,Hatchback,1000-1300cc,2026-09-26,toyota passo|2006|21.7|92000,False,2026-09-26T14:00,False,21.7,,,2170000.0
12006286,PakWheels,Daihatsu Mira,,2008,21.75,190000.0,Automatic,Rawalpindi,Rawalpindi,,,7.0,3d,core,https://www.pakwheels.com/used-cars/daihatsu-mira-2008-for-sale-in-rawalpindi-12006286,https://cache2.pakwheels.com/ad_pictures/1515/daihatsu-mira-2008-151554165.jpg,Black,Islamabad,Imported,,660.0,3.0,Hatchback,660cc kei,2026-09-26,daihatsu mira|2008|21.75|190000,False,2026-09-16T19:10,False,22.0,0.25,,2175000.0
12053709,PakWheels,Toyota Belta,X 1,2006,21.9,82000.0,Automatic,Rawalpindi,Rawalpindi,,,19.0,3d,core,https://www.pakwheels.com/used-cars/toyota-belta-2006-for-sale-in-rawalpindi-12053709,https://cache2.pakwheels.com/ad_pictures/1522/toyota-belta-x-1-0-2006-152280858.jpg,White,Punjab,Imported,Sedan,1000.0,3.0,Hatchback,1000-1300cc,2026-09-26,toyota belta|2006|21.9|82000,False,2026-09-26T23:29,False,22.3,0.4,,2190000.0
11998136,PakWheels,Suzuki Wagon R,VXR,2015,21.9,50000.0,Manual,Islamabad,Islamabad,,,6.0,3d,core,https://www.pakwheels.com/used-cars/suzuki-wagon-r-2015-for-sale-in-islamabad-11998136,https://cache3.pakwheels.com/ad_pictures/1514/suzuki-wagon-r-vxr-2015-151427295.jpg,White,Islamabad,Local,Hatchback,1000.0,3.0,Tall-boy,660cc kei,2026-09-26,suzuki wagon r|2015|21.9|50000,False,2026-09-26T18:44,False,21.9,,,2190000.0
1119776757,OLX,Toyota Belta,2006 model 12 imort,2006,21.9,,,Rawalpindi,"Tench Road, Rawalpindi",,,,3d,core,https://www.olx.com.pk/item/-iid-1119776757,https://images.olx.com.pk/thumbnails/648555471-600x450.jpeg,,,,,,3.0,Hatchback,1000-1300cc,2026-09-26,toyota belta|2006|21.9|-1,False,2026-09-27T14:38,False,22.3,0.4,,2190000.0
12051996,PakWheels,Suzuki Wagon R,VXL,2017,22.6,50000.0,Manual,Rawalpindi,Rawalpindi,,,11.0,3d,core,https://www.pakwheels.com/used-cars/suzuki-wagon-r-2017-for-sale-in-rawalpindi-12051996,https://cache2.pakwheels.com/ad_pictures/1522/suzuki-wagon-r-vxl-2017-152253057.jpg,Beige,Punjab,Local,Hatchback,1000.0,3.0,Tall-boy,660cc kei,2026-09-26,suzuki wagon r|2017|22.6|50000,False,2026-09-26T18:44,False,22.6,,,2260000.0
11978521,PakWheels,Daihatsu Mira,L,2012,22.8,95000.0,Automatic,Islamabad,Islamabad,,,7.0,3d,core,https://www.pakwheels.com/used-cars/daihatsu-mira-2012-for-sale-in-islamabad-11978521,https://cache3.pakwheels.com/ad_pictures/1511/daihatsu-mira-l-10-2012-151128985.jpg,Beige,Islamabad,Imported,Hatchback,660.0,3.0,Hatchback,660cc kei,2026-09-26,daihatsu mira|2012|22.8|95000,False,2026-09-10T18:31,False,24.3,1.5,,2280000.0
12034716,PakWheels,Suzuki Alto,F,2010,22.9,96000.0,Automatic,Rawalpindi,Rawalpindi,,,18.0,3d,core,https://www.pakwheels.com/used-cars/suzuki-alto-2010-for-sale-in-rawalpindi-12034716,https://cache2.pakwheels.com/ad_pictures/1519/suzuki-alto-f-2-2010-151996265.jpg,White,Islamabad,Imported,Hatchback,660.0,3.0,Hatchback,660cc kei,2026-09-26,suzuki alto|2010|22.9|96000,False,2026-09-26T23:29,False,22.9,,,2290000.0
12053474,PakWheels,Suzuki Alto,E,2011,22.95,140.0,Automatic,Rawalpindi,Rawalpindi,,,12.0,3d,core,https://www.pakwheels.com/used-cars/suzuki-alto-2011-for-sale-in-rawalpindi-12053474,https://cache2.pakwheels.com/ad_pictures/1522/suzuki-alto-e-2011-152277297.jpg,White,Islamabad,Imported,Hatchback,660.0,3.0,Hatchback,660cc kei,2026-09-26,suzuki alto|2011|22.95|140,False,2026-09-26T23:29,False,22.95,,mileage implausibly low,2295000.0
12053020,PakWheels,Suzuki Swift,1 3L DLX,2012,23.0,100000.0,Manual,Islamabad,Islamabad,,,9.0,3d,core,https://www.pakwheels.com/used-cars/suzuki-swift-2012-for-sale-in-islamabad-12053020,https://cache1.pakwheels.com/ad_pictures/1522/suzuki-swift-1-3l-dlx-2012-152266986.jpg,White,Islamabad,Local,Hatchback,1300.0,3.0,Hatchback,1000-1300cc,2026-09-26,suzuki swift|2012|23.0|100000,False,2026-09-26T18:44,False,23.0,,,2300000.0
1119779103,OLX,Daihatsu Tanto,Custom RS Turbo 2015,2015,23.0,105000.0,,Attock,"Kamra Road, Attock",,,,3d,near,https://www.olx.com.pk/item/-iid-1119779103,https://images.olx.com.pk/thumbnails/648569611-600x450.jpeg,,,,,,3.0,Tall-boy,660cc kei,2026-09-26,daihatsu tanto|2015|23.0|105000,False,2026-09-27T14:38,False,23.0,,outside city - Wah/Taxila/Attock/Jhelum area,2300000.0
1119212380,OLX,Toyota Vitz,2009 (1300cc),2009,23.0,185000.0,,Islamabad,"Others, Islamabad",,,,3d,core,https://www.olx.com.pk/item/-iid-1119212380,https://images.olx.com.pk/thumbnails/645185990-600x450.jpeg,,,,,,3.0,Hatchback,1000-1300cc,2026-09-26,toyota vitz|2009|23.0|185000,True,2026-09-21T14:18,False,22.85,,duplicate listing,2300000.0
1119780318,OLX,Toyota Vitz,2006,2006,23.0,150000.0,,Islamabad,"G-7, Islamabad",,,,3d,core,https://www.olx.com.pk/item/-iid-1119780318,https://images.olx.com.pk/thumbnails/648576402-600x450.jpeg,,,,,,3.0,Hatchback,1000-1300cc,2026-09-26,toyota vitz|2006|23.0|150000,False,2026-09-27T14:38,False,23.0,,,2300000.0
12054393,PakWheels,Suzuki Wagon R,VXL,2017,23.25,97850.0,Manual,Rawalpindi,Rawalpindi,,,3.0,3d,core,https://www.pakwheels.com/used-cars/suzuki-wagon-r-2017-for-sale-in-rawalpindi-12054393,https://cache3.pakwheels.com/ad_pictures/1522/suzuki-wagon-r-vxl-2017-152290227.jpg,Silver,Islamabad,Local,Hatchback,1000.0,3.0,Tall-boy,660cc kei,2026-09-26,suzuki wagon r|2017|23.25|97850,False,2026-09-26T23:29,False,23.25,,,2325000.0
12018014,PakWheels,Suzuki Alto,F,2012,23.5,127000.0,Automatic,Islamabad,Islamabad,,,20.0,3d,core,https://www.pakwheels.com/used-cars/suzuki-alto-2012-for-sale-in-islamabad-12018014,https://cache4.pakwheels.com/ad_pictures/1517/suzuki-alto-f-2-2012-151733395.jpg,Sky Blue,Islamabad,Local,Hatchback,660.0,3.0,Hatchback,660cc kei,2026-09-26,suzuki alto|2012|23.5|127000,False,2026-09-19T13:27,False,23.5,,,2350000.0
12050528,PakWheels,Suzuki Wagon R,Stingray Limited,2012,23.5,147000.0,Automatic,Islamabad,Islamabad,,,12.0,3d,core,https://www.pakwheels.com/used-cars/suzuki-wagon-r-2012-for-sale-in-islamabad-12050528,https://cache4.pakwheels.com/ad_pictures/1522/suzuki-wagon-r-stingray-limited-2012-152229644.jpg,Grey,Rawalpindi,Imported,Hatchback,660.0,3.0,Tall-boy,660cc kei,2026-09-26,suzuki wagon r|2012|23.5|147000,False,2026-09-26T14:00,False,23.5,,,2350000.0
12053269,PakWheels,Toyota Passo,1 0 G,2006,23.5,147000.0,Automatic,Rawalpindi,Rawalpindi,,,12.0,3d,core,https://www.pakwheels.com/used-cars/toyota-passo-2006-for-sale-in-rawalpindi-12053269,https://cache1.pakwheels.com/ad_pictures/1522/toyota-passo-1-0-g-2006-152273980.jpg,White,Islamabad,Imported,Hatchback,1000.0,3.0,Hatchback,1000-1300cc,2026-09-26,toyota passo|2006|23.5|147000,False,2026-09-26T18:44,False,23.5,,,2350000.0
12054834,PakWheels,Toyota Vitz,1 3 ILL,2006,23.5,100000.0,Automatic,Islamabad,Islamabad,,,6.0,3d,core,https://www.pakwheels.com/used-cars/toyota-vitz-2006-for-sale-in-islamabad-12054834,https://cache3.pakwheels.com/ad_pictures/1522/toyota-vitz-1-3-ill-2006-152296214.jpg,Grey,Lahore,Imported,Hatchback,1300.0,3.0,Hatchback,1000-1300cc,2026-09-26,toyota vitz|2006|23.5|100000,False,2026-09-27T14:38,False,23.5,,,2350000.0
12053004,PakWheels,Suzuki Swift,1 3L DLX,2012,23.5,145000.0,Manual,Rawalpindi,Rawalpindi,,,7.0,3d,core,https://www.pakwheels.com/used-cars/suzuki-swift-2012-for-sale-in-rawalpindi-12053004,https://cache2.pakwheels.com/ad_pictures/1522/suzuki-swift-1-3l-dlx-2012-152267562.jpg,Green,Islamabad,Local,Hatchback,1300.0,3.0,Hatchback,1000-1300cc,2026-09-26,suzuki swift|2012|23.5|145000,False,2026-09-26T18:44,False,23.5,,,2350000.0
11961757,PakWheels,Mitsubishi EK Wagon,G Safety Plus Edition,2013,23.8,100000.0,Automatic,Islamabad,Islamabad,,,14.0,3d,core,https://www.pakwheels.com/used-cars/mitsubishi-ek-wagon-2013-for-sale-in-islamabad-11961757,https://cache2.pakwheels.com/ad_pictures/1508/mitsubishi-ek-wagon-g-safety-plus-edition-2013-150865520.jpg,Black,Islamabad,Imported,Hatchback,660.0,3.0,Hatchback,660cc kei,2026-09-26,mitsubishi ek wagon|2013|23.8|100000,False,2026-09-06T22:36,False,23.8,,,2380000.0
12050264,PakWheels,Suzuki Wagon R,FX Limited,2015,23.8,98000.0,Automatic,Islamabad,Islamabad,,,18.0,3d,core,https://www.pakwheels.com/used-cars/suzuki-wagon-r-2015-for-sale-in-islamabad-12050264,https://cache2.pakwheels.com/ad_pictures/1522/suzuki-wagon-r-fx-limited-2015-152225789.jpg,Black,Islamabad,Imported,Hatchback,660.0,3.0,Tall-boy,660cc kei,2026-09-26,suzuki wagon r|2015|23.8|98000,False,2026-09-26T14:00,False,23.8,,,2380000.0
11981719,PakWheels,Daihatsu Mira ES,,2014,23.9,98000.0,Automatic,Islamabad,Islamabad,,,15.0,3d,core,https://www.pakwheels.com/used-cars/daihatsu-mira-2014-for-sale-in-islamabad-11981719,https://cache3.pakwheels.com/ad_pictures/1511/daihatsu-mira-es-2014-151176903.jpg,Unlisted,Punjab,Imported,Hatchback,660.0,3.0,Hatchback,660cc kei,2026-09-26,daihatsu mira es|2014|23.9|98000,False,2026-09-11T13:28,False,23.9,,,2390000.0
12051671,PakWheels,Suzuki Wagon R,VXR,2017,23.9,98000.0,Manual,Rawalpindi,Rawalpindi,,,7.0,3d,core,https://www.pakwheels.com/used-cars/suzuki-wagon-r-2017-for-sale-in-rawalpindi-12051671,https://cache4.pakwheels.com/ad_pictures/1522/suzuki-wagon-r-vxr-2017-152246191.jpg,White,Punjab,Local,Hatchback,1000.0,3.0,Tall-boy,660cc kei,2026-09-26,suzuki wagon r|2017|23.9|98000,False,2026-09-26T18:44,False,23.9,,,2390000.0
12053063,PakWheels,Mazda Flair,,2014,24.0,129000.0,Automatic,Islamabad,Islamabad,,,15.0,3d,core,https://www.pakwheels.com/used-cars/mazda-flair-2014-for-sale-in-islamabad-12053063,https://cache3.pakwheels.com/ad_pictures/1522/mazda-flair-2014-152270957.jpg,Black,Islamabad,Imported,,660.0,3.0,Tall-boy,660cc kei,2026-09-26,mazda flair|2014|24.0|129000,False,2026-09-26T18:44,False,24.0,,,2400000.0
11926821,PakWheels,Toyota Belta,X 1,2006,24.1,85000.0,Automatic,Islamabad,Islamabad,,,7.0,3d,core,https://www.pakwheels.com/used-cars/toyota-belta-2006-for-sale-in-islamabad-11926821,https://cache2.pakwheels.com/ad_pictures/1503/toyota-belta-x-1-0-2006-150338540.jpg,White,Islamabad,Imported,Sedan,1000.0,3.0,Hatchback,1000-1300cc,2026-09-26,toyota belta|2006|24.1|85000,False,2026-09-26T23:29,False,24.1,,,2410000.0
12054612,PakWheels,Suzuki Wagon R,VXR,2020,24.4,95000.0,Manual,Rawalpindi,Rawalpindi,,,7.0,3d,core,https://www.pakwheels.com/used-cars/suzuki-wagon-r-2020-for-sale-in-rawalpindi-12054612,https://cache3.pakwheels.com/ad_pictures/1522/suzuki-wagon-r-vxr-2020-152292914.jpg,Brown,Islamabad,Local,Hatchback,1000.0,3.0,Tall-boy,660cc kei,2026-09-26,suzuki wagon r|2020|24.4|95000,False,2026-09-27T14:38,False,24.4,,,2440000.0
11918261,PakWheels,Toyota Belta,X 1 3,2006,24.45,135000.0,Automatic,Islamabad,Islamabad,,,14.0,3d,core,https://www.pakwheels.com/used-cars/toyota-belta-2006-for-sale-in-islamabad-11918261,https://cache1.pakwheels.com/ad_pictures/1502/toyota-belta-x-1-3-2-2006-150204970.jpg,White,Islamabad,Imported,Sedan,1300.0,3.0,Hatchback,1000-1300cc,2026-09-26,toyota belta|2006|24.45|135000,False,2026-09-25T14:10,False,24.45,,,2445000.0
1119774834,OLX,Toyota Vitz,2008 imported 14 good condition 1000cc brown dashboard wal,2008,24.75,170000.0,,Rawalpindi,"Peshawar Road, Rawalpindi",,,,3d,core,https://www.olx.com.pk/item/-iid-1119774834,https://images.olx.com.pk/thumbnails/648543144-600x450.jpeg,,,,,,3.0,Hatchback,1000-1300cc,2026-09-26,toyota vitz|2008|24.75|170000,False,2026-09-27T14:38,False,24.75,,,2475000.0
12050812,PakWheels,Suzuki Alto,VXR,2021,25.0,131000.0,Manual,Islamabad,Islamabad,,,9.0,3d,core,https://www.pakwheels.com/used-cars/suzuki-alto-2021-for-sale-in-islamabad-12050812,https://cache1.pakwheels.com/ad_pictures/1522/suzuki-alto-vxr-2-2021-152234589.jpg,White,Islamabad,Local,Hatchback,660.0,3.0,Hatchback,660cc kei,2026-09-26,suzuki alto|2021|25.0|131000,False,2026-09-26T14:00,False,25.0,,,2500000.0
12024891,PakWheels,Suzuki Swift,1 3L DLX,2017,25.0,160559.0,Manual,Islamabad,Islamabad,Managed by PakWheels,7.5,14.0,3d,core,https://www.pakwheels.com/used-cars/suzuki-swift-2017-for-sale-in-islamabad-12024891,https://cache1.pakwheels.com/ad_pictures/1518/suzuki-swift-1-3l-dlx-2017-151843745.jpg,Graphite Grey,Islamabad,Local,Hatchback,1300.0,3.0,Hatchback,1000-1300cc,2026-09-26,suzuki swift|2017|25.0|160559,False,2026-09-20T23:11,False,25.0,,,2500000.0
12033543,PakWheels,Nissan Dayz,Highway Star,2013,25.3,78000.0,Automatic,Islamabad,Islamabad,,,8.0,3d,core,https://www.pakwheels.com/used-cars/nissan-dayz-2013-for-sale-in-islamabad-12033543,https://cache1.pakwheels.com/ad_pictures/1519/nissan-dayz-highway-star-3-2013-151975643.jpg,Black,Islamabad,Imported,Hatchback,660.0,3.0,Hatchback,660cc kei,2026-09-26,nissan dayz|2013|25.3|78000,False,2026-09-22T19:01,False,25.6,0.3,,2530000.0
11981706,PakWheels,Suzuki Wagon R,VXL,2020,25.4,98000.0,Manual,Islamabad,Islamabad,,,13.0,3d,core,https://www.pakwheels.com/used-cars/suzuki-wagon-r-2020-for-sale-in-islamabad-11981706,https://cache1.pakwheels.com/ad_pictures/1511/suzuki-wagon-r-vxl-2020-151176506.jpg,White,Islamabad,Local,Hatchback,1000.0,3.0,Tall-boy,660cc kei,2026-09-26,suzuki wagon r|2020|25.4|98000,False,2026-09-26T23:29,False,25.4,,,2540000.0
11568673,PakWheels,Suzuki Wagon R,J Style,2013,25.5,96000.0,Automatic,Rawalpindi,Rawalpindi,,,12.0,3d,core,https://www.pakwheels.com/used-cars/suzuki-wagon-r-2013-for-sale-in-rawalpindi-11568673,https://cache4.pakwheels.com/ad_pictures/1448/suzuki-wagon-r-j-style-2013-144878252.jpg,Black,Islamabad,Imported,Hatchback,660.0,3.0,Tall-boy,660cc kei,2026-09-26,suzuki wagon r|2013|25.5|96000,False,2026-09-26T14:00,False,25.5,,,2550000.0
12040420,PakWheels,Suzuki Wagon R,VXR,2019,25.5,151000.0,Manual,Rawalpindi,Rawalpindi,,,20.0,3d,core,https://www.pakwheels.com/used-cars/suzuki-wagon-r-2019-for-sale-in-rawalpindi-12040420,https://cache2.pakwheels.com/ad_pictures/1520/suzuki-wagon-r-vxr-2019-152082069.jpg,White,Lahore,Local,Hatchback,1000.0,3.0,Tall-boy,660cc kei,2026-09-26,suzuki wagon r|2019|25.5|151000,False,2026-09-23T23:58,False,25.85,0.35,,2550000.0
12033536,PakWheels,Suzuki Swift,1 3L DLX,2015,25.5,80000.0,Manual,Islamabad,Islamabad,,,11.0,3d,core,https://www.pakwheels.com/used-cars/suzuki-swift-2015-for-sale-in-islamabad-12033536,https://cache1.pakwheels.com/ad_pictures/1519/suzuki-swift-1-3l-dlx-2015-151975524.jpg,Silver,Islamabad,Local,Hatchback,1300.0,3.0,Hatchback,1000-1300cc,2026-09-26,suzuki swift|2015|25.5|80000,False,2026-09-22T19:01,False,25.95,0.45,,2550000.0
1118768513,OLX,Toyota Vitz,2006 import 2012,2006,25.5,187000.0,,Rawalpindi,"Murree Road, Rawalpindi",,,,3d,core,https://www.olx.com.pk/item/-iid-1118768513,https://images.olx.com.pk/thumbnails/642535408-600x450.jpeg,,,,,,3.0,Hatchback,1000-1300cc,2026-09-26,toyota vitz|2006|25.5|187000,False,2026-09-26T14:00,False,25.5,,,2550000.0
12054348,PakWheels,Suzuki Swift,DLX 1 3 Navigation,2017,25.65,85000.0,Manual,Rawalpindi,Rawalpindi,,,16.0,3d,core,https://www.pakwheels.com/used-cars/suzuki-swift-2017-for-sale-in-rawalpindi-12054348,https://cache2.pakwheels.com/ad_pictures/1522/suzuki-swift-dlx-1-3-navigation-2017-152289558.jpg,White,Islamabad,Local,Hatchback,1300.0,3.0,Hatchback,1000-1300cc,2026-09-26,suzuki swift|2017|25.65|85000,False,2026-09-26T23:29,False,25.65,,,2565000.0
1119770561,OLX,Toyota Passo,2010,2010,25.8,250000.0,,Islamabad,"Police Foundation Housing Society, Islamabad",,,,3d,core,https://www.olx.com.pk/item/-iid-1119770561,https://images.olx.com.pk/thumbnails/648516516-600x450.jpeg,,,,,,3.0,Hatchback,1000-1300cc,2026-09-26,toyota passo|2010|25.8|250000,False,2026-09-27T14:38,False,25.8,,,2580000.0
12053888,PakWheels,Suzuki Alto,VX,2022,25.85,54500.0,Manual,Islamabad,Islamabad,,,10.0,3d,core,https://www.pakwheels.com/used-cars/suzuki-alto-2022-for-sale-in-islamabad-12053888,https://cache1.pakwheels.com/ad_pictures/1522/suzuki-alto-vx-14-2022-152283196.jpg,Graphite Grey,Islamabad,Local,Hatchback,1000.0,3.0,Hatchback,660cc kei,2026-09-26,suzuki alto|2022|25.85|54500,False,2026-09-27T21:48,False,25.85,,,2585000.0
12054021,PakWheels,Suzuki Alto,Works Edition,2016,26.0,93000.0,Manual,Islamabad,Islamabad,,,20.0,3d,core,https://www.pakwheels.com/used-cars/suzuki-alto-2016-for-sale-in-islamabad-12054021,https://cache2.pakwheels.com/ad_pictures/1522/suzuki-alto-works-edition-2016-152285455.jpg,Silver,Islamabad,Imported,Hatchback,658.0,3.0,Hatchback,660cc kei,2026-09-26,suzuki alto|2016|26.0|93000,False,2026-09-26T23:29,False,26.0,,,2600000.0
12052883,PakWheels,Nissan Moco,X Idling Stop,2015,26.0,175000.0,Automatic,Rawalpindi,Rawalpindi,,,11.0,3d,core,https://www.pakwheels.com/used-cars/nissan-moco-2015-for-sale-in-rawalpindi-12052883,https://cache4.pakwheels.com/ad_pictures/1522/nissan-moco-x-idling-stop-4-2015-152267207.jpg,White,Punjab,Imported,Hatchback,660.0,3.0,Hatchback,660cc kei,2026-09-26,nissan moco|2015|26.0|175000,False,2026-09-26T18:44,False,26.0,,,2600000.0
11961337,PakWheels,Suzuki Swift,1 3L DLX,2017,26.0,140000.0,Manual,Rawalpindi,Rawalpindi,,,9.0,3d,core,https://www.pakwheels.com/used-cars/suzuki-swift-2017-for-sale-in-rawalpindi-11961337,https://cache1.pakwheels.com/ad_pictures/1508/suzuki-swift-1-3l-dlx-2017-150858566.jpg,White,Islamabad,Local,Hatchback,1300.0,3.0,Hatchback,1000-1300cc,2026-09-26,suzuki swift|2017|26.0|140000,False,2026-09-26T18:44,False,26.0,,,2600000.0
12052603,PakWheels,Subaru Stella,Custom,2016,26.2,76000.0,Automatic,Rawalpindi,Rawalpindi,,,9.0,3d,core,https://www.pakwheels.com/used-cars/subaru-stella-2016-for-sale-in-rawalpindi-12052603,https://cache1.pakwheels.com/ad_pictures/1522/subaru-stella-custom-5-2016-152263667.jpg,Indigo,Punjab,Imported,Hatchback,660.0,3.0,Hatchback,660cc kei,2026-09-26,subaru stella|2016|26.2|76000,False,2026-09-26T18:44,False,26.2,,,2620000.0
12054183,PakWheels,Suzuki Wagon R,FX,2015,26.5,180000.0,Automatic,Islamabad,Islamabad,,,6.0,3d,core,https://www.pakwheels.com/used-cars/suzuki-wagon-r-2015-for-sale-in-islamabad-12054183,https://cache1.pakwheels.com/ad_pictures/1522/suzuki-wagon-r-fx-2-2015-152287271.jpg,Silver,Islamabad,Imported,Hatchback,660.0,3.0,Tall-boy,660cc kei,2026-09-26,suzuki wagon r|2015|26.5|180000,False,2026-09-26T23:29,False,26.5,,,2650000.0
12050592,PakWheels,Daihatsu Move,Custom X,2016,26.5,153000.0,Automatic,Rawalpindi,Rawalpindi,,,8.0,3d,core,https://www.pakwheels.com/used-cars/daihatsu-move-2016-for-sale-in-rawalpindi-12050592,https://cache2.pakwheels.com/ad_pictures/1522/daihatsu-move-custom-x-2016-152230664.jpg,Black,Islamabad,Imported,Hatchback,660.0,3.0,Tall-boy,660cc kei,2026-09-26,daihatsu move|2016|26.5|153000,False,2026-09-26T14:00,False,26.5,,,2650000.0
12052600,PakWheels,Suzuki Swift,1 3L DLX,2017,26.5,108000.0,Manual,Islamabad,Islamabad,,,14.0,3d,core,https://www.pakwheels.com/used-cars/suzuki-swift-2017-for-sale-in-islamabad-12052600,https://cache4.pakwheels.com/ad_pictures/1522/suzuki-swift-1-3l-dlx-2017-152262119.jpg,White,Islamabad,Local,Hatchback,1300.0,3.0,Hatchback,1000-1300cc,2026-09-26,suzuki swift|2017|26.5|108000,False,2026-09-26T18:44,False,26.5,,,2650000.0
12054126,PakWheels,Suzuki Alto,VXL,2020,26.8,65000.0,Automatic,Rawalpindi,Rawalpindi,,,6.0,3d,core,https://www.pakwheels.com/used-cars/suzuki-alto-2020-for-sale-in-rawalpindi-12054126,https://cache1.pakwheels.com/ad_pictures/1522/suzuki-alto-vxl-2-2020-152286997.jpg,White,Islamabad,Local,Hatchback,660.0,3.0,Hatchback,660cc kei,2026-09-26,suzuki alto|2020|26.8|65000,False,2026-09-26T23:29,False,26.8,,,2680000.0
1119757128,OLX,Toyota Passo,2010,2010,26.85,123456.0,,Rawalpindi,"Ghauri Town, Rawalpindi",,,,3d,core,https://www.olx.com.pk/item/-iid-1119757128,https://images.olx.com.pk/thumbnails/648430296-600x450.jpeg,,,,,,3.0,Hatchback,1000-1300cc,2026-09-26,toyota passo|2010|26.85|123456,False,2026-09-26T14:00,False,26.85,,,2685000.0
12050940,PakWheels,Suzuki Alto,VXL,2020,26.9,78000.0,Automatic,Islamabad,Islamabad,,,5.0,3d,core,https://www.pakwheels.com/used-cars/suzuki-alto-2020-for-sale-in-islamabad-12050940,https://cache1.pakwheels.com/ad_pictures/1522/suzuki-alto-vxl-2-2020-152236227.jpg,White,Islamabad,Local,Hatchback,660.0,3.0,Hatchback,660cc kei,2026-09-26,suzuki alto|2020|26.9|78000,False,2026-09-26T14:00,False,26.9,,,2690000.0
11952893,PakWheels,Toyota Passo,Plus Hana,2012,26.95,125000.0,Automatic,Islamabad,Islamabad,,,17.0,3d,core,https://www.pakwheels.com/used-cars/toyota-passo-2012-for-sale-in-islamabad-11952893,https://cache1.pakwheels.com/ad_pictures/1507/toyota-passo-plus-hana-2012-150730293.jpg,Red,Islamabad,Imported,Hatchback,1000.0,3.0,Hatchback,1000-1300cc,2026-09-26,toyota passo|2012|26.95|125000,False,2026-09-04T20:55,False,27.75,0.8,,2695000.0
12051905,PakWheels,Suzuki Alto,VXR,2022,26.95,55130.0,Manual,Islamabad,Islamabad,,,11.0,3d,core,https://www.pakwheels.com/used-cars/suzuki-alto-2022-for-sale-in-islamabad-12051905,https://cache3.pakwheels.com/ad_pictures/1522/suzuki-alto-vxr-2-2022-152251809.jpg,Solid White,Islamabad,Local,Hatchback,660.0,3.0,Hatchback,660cc kei,2026-09-26,suzuki alto|2022|26.95|55130,False,2026-09-26T18:44,False,27.35,0.4,,2695000.0
11899900,PakWheels,Suzuki Swift,1 3L DLX,2017,27.2,97431.0,Manual,Rawalpindi,Rawalpindi,,,10.0,3d,core,https://www.pakwheels.com/used-cars/suzuki-swift-2017-for-sale-in-rawalpindi-11899900,https://cache3.pakwheels.com/ad_pictures/1499/suzuki-swift-1-3l-dlx-2017-149923134.jpg,Maroon,Islamabad,Local,Hatchback,1300.0,3.0,Hatchback,1000-1300cc,2026-09-26,suzuki swift|2017|27.2|97431,False,2026-09-26T18:44,False,27.25,0.05,,2720000.0
1119776838,OLX,Toyota Vitz,2009,2009,27.25,170000.0,,Islamabad,"G-8 Markaz, Islamabad",,,,3d,core,https://www.olx.com.pk/item/-iid-1119776838,https://images.olx.com.pk/thumbnails/648556020-600x450.jpeg,,,,,,3.0,Hatchback,1000-1300cc,2026-09-26,toyota vitz|2009|27.25|170000,False,2026-09-27T14:38,False,27.25,,,2725000.0
12052877,PakWheels,Suzuki Alto,X,2015,27.3,135000.0,Automatic,Islamabad,Islamabad,,,5.0,3d,core,https://www.pakwheels.com/used-cars/suzuki-alto-2015-for-sale-in-islamabad-12052877,https://cache4.pakwheels.com/ad_pictures/1522/suzuki-alto-x-9-2015-152266727.jpg,Red,Islamabad,Imported,Hatchback,660.0,3.0,Hatchback,660cc kei,2026-09-26,suzuki alto|2015|27.3|135000,False,2026-09-26T18:44,False,27.3,,,2730000.0
12050988,PakWheels,Toyota Vitz,,2011,27.4,130000.0,Automatic,Islamabad,Islamabad,,,7.0,3d,core,https://www.pakwheels.com/used-cars/toyota-vitz-2011-for-sale-in-islamabad-12050988,https://cache4.pakwheels.com/ad_pictures/1522/toyota-vitz-2011-152237256.jpg,Grey,Islamabad,Imported,,1000.0,3.0,Hatchback,1000-1300cc,2026-09-26,toyota vitz|2011|27.4|130000,False,2026-09-29T15:11,True,,,,2740000.0
11988618,PakWheels,Suzuki Wagon R,VXL,2021,27.49,149000.0,Manual,Rawalpindi,Rawalpindi,,,6.0,3d,core,https://www.pakwheels.com/used-cars/suzuki-wagon-r-2021-for-sale-in-rawalpindi-11988618,https://cache2.pakwheels.com/ad_pictures/1512/suzuki-wagon-r-vxl-2021-151282969.jpg,Grey,Islamabad,Local,Hatchback,1000.0,3.0,Tall-boy,660cc kei,2026-09-26,suzuki wagon r|2021|27.49|149000,False,2026-09-12T17:49,False,27.79,0.3,,2749000.0
12054308,PakWheels,Honda N Wgn,Custom G Turbo,2014,27.5,186000.0,Automatic,Islamabad,Islamabad,,,8.0,3d,core,https://www.pakwheels.com/used-cars/honda-n-wgn-2014-for-sale-in-islamabad-12054308,https://cache4.pakwheels.com/ad_pictures/1522/honda-n-wgn-custom-g-turbo-2014-152288950.jpg,White,Punjab,Imported,Hatchback,660.0,3.0,Tall-boy,660cc kei,2026-09-26,honda n wgn|2014|27.5|186000,False,2026-09-26T23:29,False,27.5,,,2750000.0
12053323,PakWheels,Suzuki Alto,Works Edition,2020,27.5,122224.0,Automatic,Rawalpindi,Rawalpindi,,,12.0,3d,core,https://www.pakwheels.com/used-cars/suzuki-alto-2020-for-sale-in-rawalpindi-12053323,https://cache3.pakwheels.com/ad_pictures/1522/suzuki-alto-works-edition-2020-152274712.jpg,White,Rawalpindi,Imported,Hatchback,658.0,3.0,Hatchback,660cc kei,2026-09-26,suzuki alto|2020|27.5|122224,False,2026-09-26T18:44,False,28.0,0.5,,2750000.0
12052878,PakWheels,Suzuki Alto,VXR,2021,27.5,62000.0,Manual,Rawalpindi,Rawalpindi,,,3.0,3d,core,https://www.pakwheels.com/used-cars/suzuki-alto-2021-for-sale-in-rawalpindi-12052878,https://cache2.pakwheels.com/ad_pictures/1522/suzuki-alto-vxr-2-2021-152267858.jpg,Grey,Islamabad,Local,Hatchback,660.0,3.0,Hatchback,660cc kei,2026-09-26,suzuki alto|2021|27.5|62000,False,2026-09-26T18:44,False,27.5,,,2750000.0
12051146,PakWheels,Suzuki Hustler,X,2015,27.5,120000.0,Manual,Islamabad,Islamabad,,,15.0,3d,core,https://www.pakwheels.com/used-cars/suzuki-hustler-2015-for-sale-in-islamabad-12051146,https://cache3.pakwheels.com/ad_pictures/1522/suzuki-hustler-x-41-2015-152239681.jpg,Green,Islamabad,Imported,Hatchback,660.0,3.0,Tall-boy,660cc kei,2026-09-26,suzuki hustler|2015|27.5|120000,False,2026-09-26T14:00,False,28.5,1.0,,2750000.0
12050741,PakWheels,Suzuki Wagon R,,2014,27.5,135000.0,Automatic,Islamabad,Islamabad,,,5.0,3d,core,https://www.pakwheels.com/used-cars/suzuki-wagon-r-2014-for-sale-in-islamabad-12050741,https://cache4.pakwheels.com/ad_pictures/1522/suzuki-wagon-r-2014-152232824.jpg,White,Islamabad,Imported,,660.0,3.0,Tall-boy,660cc kei,2026-09-26,suzuki wagon r|2014|27.5|135000,False,2026-09-27T14:38,False,27.5,,,2750000.0
12053545,PakWheels,Suzuki Wagon R,AGS,2020,27.5,60072.0,Automatic,Rawalpindi,Rawalpindi,,,5.0,3d,core,https://www.pakwheels.com/used-cars/suzuki-wagon-r-2020-for-sale-in-rawalpindi-12053545,https://cache4.pakwheels.com/ad_pictures/1522/suzuki-wagon-r-ags-2020-152278008.jpg,White,Islamabad,Local,Hatchback,1000.0,3.0,Tall-boy,660cc kei,2026-09-26,suzuki wagon r|2020|27.5|60072,False,2026-09-26T23:29,False,28.5,1.0,,2750000.0
12053301,PakWheels,Suzuki Alto,VXR,2023,27.85,79000.0,Manual,Rawalpindi,Rawalpindi,,,8.0,3d,core,https://www.pakwheels.com/used-cars/suzuki-alto-2023-for-sale-in-rawalpindi-12053301,https://cache3.pakwheels.com/ad_pictures/1522/suzuki-alto-vxr-2-2023-152274826.jpg,White,Islamabad,Local,Hatchback,1000.0,3.0,Hatchback,660cc kei,2026-09-26,suzuki alto|2023|27.85|79000,False,2026-09-26T18:44,False,27.85,,,2785000.0
1119788650,OLX,Toyota Passo,2016,2016,28.0,200000.0,,Rawalpindi,"Satellite Town - Block D, Rawalpindi",,,,3d,core,https://www.olx.com.pk/item/-iid-1119788650,https://images.olx.com.pk/thumbnails/648624469-600x450.jpeg,,,,,,3.0,Hatchback,1000-1300cc,2026-09-26,toyota passo|2016|28.0|200000,False,2026-09-27T14:38,False,28.0,,,2800000.0
12053136,PakWheels,Suzuki Wagon R,VXL,2022,28.2,53500.0,Manual,Islamabad,Islamabad,,,20.0,3d,core,https://www.pakwheels.com/used-cars/suzuki-wagon-r-2022-for-sale-in-islamabad-12053136,https://cache1.pakwheels.com/ad_pictures/1522/suzuki-wagon-r-vxl-2022-152271601.jpg,White,Islamabad,Local,Hatchback,1000.0,3.0,Tall-boy,660cc kei,2026-09-26,suzuki wagon r|2022|28.2|53500,False,2026-09-26T23:29,False,28.2,,,2820000.0
12054367,PakWheels,Suzuki Wagon R,VXL,2021,28.25,96500.0,Manual,Rawalpindi,Rawalpindi,,,7.0,3d,core,https://www.pakwheels.com/used-cars/suzuki-wagon-r-2021-for-sale-in-rawalpindi-12054367,https://cache4.pakwheels.com/ad_pictures/1522/suzuki-wagon-r-vxl-2021-152289702.jpg,White,Islamabad,Local,Hatchback,1000.0,3.0,Tall-boy,660cc kei,2026-09-26,suzuki wagon r|2021|28.25|96500,False,2026-09-26T23:29,False,28.25,,,2825000.0
12051153,PakWheels,Toyota Vitz,1 0 F,2011,28.4,142000.0,Automatic,Rawalpindi,Rawalpindi,,,20.0,3d,core,https://www.pakwheels.com/used-cars/toyota-vitz-2011-for-sale-in-rawalpindi-12051153,https://cache2.pakwheels.com/ad_pictures/1522/toyota-vitz-1-0-f-2011-152239370.jpg,Silver,Lahore,Imported,Hatchback,1000.0,3.0,Hatchback,1000-1300cc,2026-09-26,toyota vitz|2011|28.4|142000,False,2026-09-26T14:00,False,28.4,,,2840000.0
12053780,PakWheels,Suzuki Alto,VXR AGS,2023,28.5,29000.0,Automatic,Rawalpindi,Rawalpindi,,,5.0,3d,core,https://www.pakwheels.com/used-cars/suzuki-alto-2023-for-sale-in-rawalpindi-12053780,https://cache2.pakwheels.com/ad_pictures/1522/suzuki-alto-vxr-ags-2023-152280827.jpg,White,Punjab,Local,Hatchback,660.0,3.0,Hatchback,660cc kei,2026-09-26,suzuki alto|2023|28.5|29000,False,2026-09-26T23:29,False,28.5,,,2850000.0
12054131,PakWheels,Toyota Vitz,1 0 F,2011,28.5,163000.0,Automatic,Islamabad,Islamabad,,,12.0,3d,core,https://www.pakwheels.com/used-cars/toyota-vitz-2011-for-sale-in-islamabad-12054131,https://cache1.pakwheels.com/ad_pictures/1522/toyota-vitz-1-0-f-2011-152286887.jpg,White,Islamabad,Imported,Hatchback,1000.0,3.0,Hatchback,1000-1300cc,2026-09-26,toyota vitz|2011|28.5|163000,False,2026-09-26T23:29,False,28.5,,,2850000.0
12053224,PakWheels,Toyota Passo,1 0 Plus Hana,2012,28.5,191993.0,Automatic,Rawalpindi,Rawalpindi,Managed by PakWheels,8.3,15.0,3d,core,https://www.pakwheels.com/used-cars/toyota-passo-2012-for-sale-in-rawalpindi-12053224,https://cache1.pakwheels.com/ad_pictures/1522/toyota-passo-1-0-plus-hana-2012-152277571.jpg,White,Islamabad,Imported,Hatchback,1000.0,3.0,Hatchback,1000-1300cc,2026-09-26,toyota passo|2012|28.5|191993,False,2026-09-26T23:29,False,28.5,,,2850000.0
12053648,PakWheels,Suzuki Alto,VXR,2023,28.5,24000.0,Manual,Rawalpindi,Rawalpindi,,,20.0,3d,core,https://www.pakwheels.com/used-cars/suzuki-alto-2023-for-sale-in-rawalpindi-12053648,https://cache4.pakwheels.com/ad_pictures/1522/suzuki-alto-vxr-2-2023-152279702.jpg,White,Islamabad,Local,Hatchback,1000.0,3.0,Hatchback,660cc kei,2026-09-26,suzuki alto|2023|28.5|24000,False,2026-09-26T23:29,False,28.5,,,2850000.0
12052960,PakWheels,Toyota Passo,,2013,28.5,154000.0,Automatic,Rawalpindi,Rawalpindi,,,8.0,3d,core,https://www.pakwheels.com/used-cars/toyota-passo-2013-for-sale-in-rawalpindi-12052960,https://cache2.pakwheels.com/ad_pictures/1522/toyota-passo-2013-152268932.jpg,Silver,Punjab,Imported,,1000.0,3.0,Hatchback,1000-1300cc,2026-09-26,toyota passo|2013|28.5|154000,False,2026-09-26T18:44,False,28.5,,,2850000.0
12051963,PakWheels,Suzuki Swift,DLX 1 3 Navigation,2020,28.5,60000.0,Manual,Rawalpindi,Rawalpindi,,,5.0,3d,core,https://www.pakwheels.com/used-cars/suzuki-swift-2020-for-sale-in-rawalpindi-12051963,https://cache2.pakwheels.com/ad_pictures/1522/suzuki-swift-dlx-1-3-navigation-2020-152252599.jpg,White,Islamabad,Local,Hatchback,1300.0,3.0,Hatchback,1000-1300cc,2026-09-26,suzuki swift|2020|28.5|60000,False,2026-09-26T18:44,False,28.5,,,2850000.0
12050290,PakWheels,Suzuki Alto,Hybrid S,2021,28.6,136000.0,Automatic,Islamabad,Islamabad,,,11.0,3d,core,https://www.pakwheels.com/used-cars/suzuki-alto-2021-for-sale-in-islamabad-12050290,https://cache3.pakwheels.com/ad_pictures/1522/suzuki-alto-hybrid-s-2-2021-152226243.jpg,Burgundy,Islamabad,Local,Hatchback,660.0,3.0,Hatchback,660cc kei,2026-09-26,suzuki alto|2021|28.6|136000,False,2026-09-26T14:00,False,28.6,,,2860000.0
12054660,PakWheels,Suzuki Alto,VXR AGS,2022,28.65,84000.0,Automatic,Rawalpindi,Rawalpindi,,,2.0,3d,core,https://www.pakwheels.com/used-cars/suzuki-alto-2022-for-sale-in-rawalpindi-12054660,https://cache4.pakwheels.com/ad_pictures/1522/suzuki-alto-vxr-ags-2022-152293691.jpg,White,Islamabad,Local,Hatchback,660.0,3.0,Hatchback,660cc kei,2026-09-26,suzuki alto|2022|28.65|84000,False,2026-09-27T14:38,False,28.65,,,2865000.0
12024428,PakWheels,Suzuki Alto,VXL,2023,28.7,60000.0,Automatic,Islamabad,Islamabad,,,19.0,3d,core,https://www.pakwheels.com/used-cars/suzuki-alto-2023-for-sale-in-islamabad-12024428,https://cache3.pakwheels.com/ad_pictures/1518/suzuki-alto-vxl-2-2023-151835533.jpg,White,Islamabad,Local,Hatchback,660.0,3.0,Hatchback,660cc kei,2026-09-26,suzuki alto|2023|28.7|60000,False,2026-09-20T18:34,False,28.8,0.1,,2870000.0
12003049,PakWheels,Suzuki Alto,VXL,2022,28.75,28000.0,Automatic,Islamabad,Islamabad,,,15.0,3d,core,https://www.pakwheels.com/used-cars/suzuki-alto-2022-for-sale-in-islamabad-12003049,https://cache4.pakwheels.com/ad_pictures/1522/suzuki-alto-vxl-2-2022-152271766.jpg,Silver,Islamabad,Local,Hatchback,660.0,3.0,Hatchback,660cc kei,2026-09-26,suzuki alto|2022|28.75|28000,False,2026-09-26T18:44,False,28.75,,,2875000.0
11646406,PakWheels,Suzuki Alto,VXL,2022,28.75,40015.0,Automatic,Rawalpindi,Rawalpindi,Managed by PakWheels,8.9,15.0,3d,core,https://www.pakwheels.com/used-cars/suzuki-alto-2022-for-sale-in-rawalpindi-11646406,https://cache2.pakwheels.com/ad_pictures/1473/suzuki-alto-vxl-2-2022-147382382.jpg,Red,Islamabad,Local,Hatchback,660.0,3.0,Hatchback,660cc kei,2026-09-26,suzuki alto|2022|28.75|40015,False,2026-09-01T00:57,False,28.75,,,2875000.0
12052305,PakWheels,Suzuki Alto,VXR,2024,28.75,1.0,Manual,Islamabad,Islamabad,,,4.0,3d,core,https://www.pakwheels.com/used-cars/suzuki-alto-2024-for-sale-in-islamabad-12052305,https://cache1.pakwheels.com/ad_pictures/1522/suzuki-alto-vxr-2-2024-152258842.jpg,Silver,Islamabad,Local,Hatchback,660.0,3.0,Hatchback,660cc kei,2026-09-26,suzuki alto|2024|28.75|1,False,2026-09-26T18:44,False,28.75,,mileage implausibly low,2875000.0
11851652,PakWheels,Toyota Passo,X L Package,2014,28.75,90000.0,Automatic,Islamabad,Islamabad,,,19.0,3d,core,https://www.pakwheels.com/used-cars/toyota-passo-2014-for-sale-in-islamabad-11851652,https://cache4.pakwheels.com/ad_pictures/1491/toyota-passo-x-l-package-2014-149181609.jpg,Burgundy,Islamabad,Imported,Hatchback,1000.0,3.0,Hatchback,1000-1300cc,2026-09-26,toyota passo|2014|28.75|90000,False,2026-09-26T23:29,False,28.75,,,2875000.0
12054642,PakWheels,Suzuki Alto,VXL,2022,28.8,25000.0,Automatic,Islamabad,Islamabad,,,11.0,3d,core,https://www.pakwheels.com/used-cars/suzuki-alto-2022-for-sale-in-islamabad-12054642,https://cache1.pakwheels.com/ad_pictures/1522/suzuki-alto-vxl-2-2022-152293411.jpg,White,Islamabad,Local,Hatchback,660.0,3.0,Hatchback,660cc kei,2026-09-26,suzuki alto|2022|28.8|25000,False,2026-09-27T14:38,False,28.8,,,2880000.0
1119787377,OLX,Suzuki Alto,2022,2022,28.8,90.0,,Islamabad,"Park Road, Islamabad",,,,3d,core,https://www.olx.com.pk/item/-iid-1119787377,https://images.olx.com.pk/thumbnails/648616778-600x450.jpeg,,,,,,3.0,Hatchback,660cc kei,2026-09-26,suzuki alto|2022|28.8|90,False,2026-09-27T14:38,False,28.8,,mileage implausibly low,2880000.0
1119770763,OLX,Toyota Passo,2015,2015,29.25,106000.0,,Rawalpindi,"Gulraiz Housing Scheme, Rawalpindi",,,,3d,core,https://www.olx.com.pk/item/-iid-1119770763,https://images.olx.com.pk/thumbnails/648518053-600x450.jpeg,,,,,,3.0,Hatchback,1000-1300cc,2026-09-26,toyota passo|2015|29.25|106000,True,2026-09-27T14:38,False,29.25,,duplicate listing,2925000.0
12053335,PakWheels,Honda N Wgn,G,2014,29.5,123000.0,Automatic,Rawalpindi,Rawalpindi,,,19.0,3d,core,https://www.pakwheels.com/used-cars/honda-n-wgn-2014-for-sale-in-rawalpindi-12053335,https://cache2.pakwheels.com/ad_pictures/1522/honda-n-wgn-g-52-2014-152271859.jpg,Crystal Black Pearl,Islamabad,Imported,Hatchback,660.0,3.0,Tall-boy,660cc kei,2026-09-26,honda n wgn|2014|29.5|123000,False,2026-09-26T18:44,False,29.5,,,2950000.0
12016000,PakWheels,Toyota Passo,1 0 X,2015,29.5,157000.0,Automatic,Islamabad,Islamabad,,,15.0,3d,core,https://www.pakwheels.com/used-cars/toyota-passo-2015-for-sale-in-islamabad-12016000,https://cache3.pakwheels.com/ad_pictures/1517/toyota-passo-1-0-x-2015-151705220.jpg,Blue,Islamabad,Imported,Hatchback,1000.0,3.0,Hatchback,1000-1300cc,2026-09-26,toyota passo|2015|29.5|157000,False,2026-09-26T18:44,False,29.5,,,2950000.0
11888649,PakWheels,Suzuki Baleno,JXR,2005,11.4,250000.0,Manual,Rawalpindi,Rawalpindi,,,8.0,4d,core,https://www.pakwheels.com/used-cars/suzuki-baleno-2005-for-sale-in-rawalpindi-11888649,https://cache2.pakwheels.com/ad_pictures/1497/suzuki-baleno-jxr-2005-149747557.jpg,Silver,Punjab,Local,Sedan,1300.0,4.0,Hatchback,1000-1300cc,2026-09-25,suzuki baleno|2005|11.4|250000,False,2026-09-25T19:34,False,11.4,,,1140000.0
1119717548,OLX,Daihatsu Mira,2004 model 2006 import,2004,11.65,123456.0,,Islamabad,"Ghauri Garden, Islamabad",,,,4d,core,https://www.olx.com.pk/item/-iid-1119717548,https://images.olx.com.pk/thumbnails/648191591-600x450.jpeg,,,,,,4.0,Hatchback,660cc kei,2026-09-25,daihatsu mira|2004|11.65|123456,False,2026-09-25T14:10,False,11.65,,,1165000.0
12046312,PakWheels,Suzuki Alto,E,2005,12.9,164000.0,Automatic,Islamabad,Islamabad,,,8.0,4d,core,https://www.pakwheels.com/used-cars/suzuki-alto-2005-for-sale-in-islamabad-12046312,https://cache3.pakwheels.com/ad_pictures/1521/suzuki-alto-e-2005-152166360.jpg,Silver,Islamabad,Imported,Hatchback,660.0,4.0,Hatchback,660cc kei,2026-09-25,suzuki alto|2005|12.9|164000,False,2026-09-25T14:10,False,13.25,0.35,,1290000.0
12049695,PakWheels,Suzuki Alto,,2000,13.5,13456.0,Automatic,Islamabad,Islamabad,,,14.0,4d,core,https://www.pakwheels.com/used-cars/suzuki-alto-2000-for-sale-in-islamabad-12049695,https://cache2.pakwheels.com/ad_pictures/1522/suzuki-alto-2000-152217460.jpg,Blue,Islamabad,Imported,,660.0,4.0,Hatchback,660cc kei,2026-09-25,suzuki alto|2000|13.5|13456,False,2026-09-26T00:13,False,13.5,,,1350000.0
12049644,PakWheels,Mitsubishi Pajero Mini,,1997,13.5,127127.0,Manual,Rawalpindi,Rawalpindi,,,1.0,4d,core,https://www.pakwheels.com/used-cars/mitsubishi-pajero-mini-1997-for-sale-in-rawalpindi-12049644,https://cache4.pakwheels.com/ad_pictures/1522/mitsubishi-pajero-mini-1997-152216961.jpg,Navy,Punjab,Imported,,660.0,4.0,Tall-boy,660cc kei,2026-09-25,mitsubishi pajero mini|1997|13.5|127127,False,2026-09-26T00:13,False,13.5,,,1350000.0
11867241,PakWheels,Daihatsu Mira,L,2007,13.8,140000.0,Automatic,Rawalpindi,Rawalpindi,,,20.0,4d,core,https://www.pakwheels.com/used-cars/daihatsu-mira-2007-for-sale-in-rawalpindi-11867241,https://cache2.pakwheels.com/ad_pictures/1494/daihatsu-mira-l-4-2007-149420621.jpg,White,Islamabad,Imported,Hatchback,660.0,4.0,Hatchback,660cc kei,2026-09-25,daihatsu mira|2007|13.8|140000,False,2026-08-27T13:18,False,13.9,0.1,,1380000.0
11802556,PakWheels,Daihatsu Mira,L,2007,14.5,120000.0,Automatic,Rawalpindi,Rawalpindi,,,15.0,4d,core,https://www.pakwheels.com/used-cars/daihatsu-mira-2007-for-sale-in-rawalpindi-11802556,https://cache4.pakwheels.com/ad_pictures/1484/daihatsu-mira-l-10-2007-148493791.jpg,White,Islamabad,Imported,,660.0,4.0,Hatchback,660cc kei,2026-09-25,daihatsu mira|2007|14.5|120000,False,2026-09-25T19:34,False,14.5,,,1450000.0
11965938,PakWheels,Suzuki Alto,ECO L,2011,14.6,60000.0,Automatic,Islamabad,Islamabad,,,8.0,4d,core,https://www.pakwheels.com/used-cars/suzuki-alto-2011-for-sale-in-islamabad-11965938,https://cache1.pakwheels.com/ad_pictures/1509/suzuki-alto-eco-l-2011-150931917.jpg,Grey,Punjab,Local,Hatchback,660.0,4.0,Hatchback,660cc kei,2026-09-25,suzuki alto|2011|14.6|60000,False,2026-09-07T20:00,False,15.8,1.2,,1460000.0
12047362,PakWheels,Daihatsu Mira,X,2007,14.7,196000.0,Automatic,Rawalpindi,Rawalpindi,,,10.0,4d,core,https://www.pakwheels.com/used-cars/daihatsu-mira-2007-for-sale-in-rawalpindi-12047362,https://cache1.pakwheels.com/ad_pictures/1521/daihatsu-mira-x-8-2007-152182881.jpg,White,Lahore,Imported,Hatchback,660.0,4.0,Hatchback,660cc kei,2026-09-25,daihatsu mira|2007|14.7|196000,False,2026-09-25T19:34,False,14.7,,,1470000.0
12047693,PakWheels,Mitsubishi Pajero Mini,VR,2000,15.5,140000.0,Manual,Rawalpindi,Rawalpindi,,,11.0,4d,core,https://www.pakwheels.com/used-cars/mitsubishi-pajero-mini-2000-for-sale-in-rawalpindi-12047693,https://cache4.pakwheels.com/ad_pictures/1521/mitsubishi-pajero-mini-vr-2000-152188420.jpg,Green,Lahore,Imported,SUV,660.0,4.0,Tall-boy,660cc kei,2026-09-25,mitsubishi pajero mini|2000|15.5|140000,True,2026-09-25T19:34,False,15.5,,duplicate listing,1550000.0
1119729871,OLX,Mitsubishi Pajero Mini,2000 model— 660cc Turbo 4x4 Lahore Registered,2000,15.5,140000.0,,Rawalpindi,"Pir Wadhai, Rawalpindi",,,,4d,core,https://www.olx.com.pk/item/-iid-1119729871,https://images.olx.com.pk/thumbnails/648268412-600x450.jpeg,,,,,,4.0,Tall-boy,660cc kei,2026-09-25,mitsubishi pajero mini|2000|15.5|140000,True,2026-09-26T14:00,False,15.5,,duplicate listing,1550000.0
11865393,PakWheels,Mitsubishi EK Wagon,Limited,2006,15.95,113000.0,Automatic,Rawalpindi,Rawalpindi,,,9.0,4d,core,https://www.pakwheels.com/used-cars/mitsubishi-ek-wagon-2006-for-sale-in-rawalpindi-11865393,https://cache4.pakwheels.com/ad_pictures/1493/mitsubishi-ek-wagon-limited-2-2006-149392660.jpg,Silver,Lahore,Imported,Hatchback,660.0,4.0,Hatchback,660cc kei,2026-09-25,mitsubishi ek wagon|2006|15.95|113000,False,2026-09-25T14:10,False,15.95,,,1595000.0
12045987,PakWheels,Suzuki Alto,GII,2007,18.3,220000.0,Automatic,Rawalpindi,Rawalpindi,,,7.0,4d,core,https://www.pakwheels.com/used-cars/suzuki-alto-2007-for-sale-in-rawalpindi-12045987,https://cache3.pakwheels.com/ad_pictures/1521/suzuki-alto-gii-2007-152161261.jpg,Silver,Islamabad,Imported,Hatchback,660.0,4.0,Hatchback,660cc kei,2026-09-25,suzuki alto|2007|18.3|220000,False,2026-09-25T14:10,False,18.3,,,1830000.0
12046632,PakWheels,Suzuki Wagon R,FX,2007,18.5,195000.0,Automatic,Islamabad,Islamabad,,,9.0,4d,core,https://www.pakwheels.com/used-cars/suzuki-wagon-r-2007-for-sale-in-islamabad-12046632,https://cache1.pakwheels.com/ad_pictures/1521/suzuki-wagon-r-fx-2-2007-152171481.jpg,White,Punjab,Imported,Hatchback,660.0,4.0,Tall-boy,660cc kei,2026-09-25,suzuki wagon r|2007|18.5|195000,False,2026-09-25T14:10,False,18.5,,,1850000.0
12047960,PakWheels,Suzuki Alto,G,2007,18.8,180000.0,Automatic,Islamabad,Islamabad,,,20.0,4d,core,https://www.pakwheels.com/used-cars/suzuki-alto-2007-for-sale-in-islamabad-12047960,https://cache4.pakwheels.com/ad_pictures/1521/suzuki-alto-g-4-2007-152191812.jpg,White,Islamabad,Imported,Hatchback,660.0,4.0,Hatchback,660cc kei,2026-09-25,suzuki alto|2007|18.8|180000,True,2026-09-25T19:34,False,18.8,,duplicate listing,1880000.0
12049763,PakWheels,Suzuki Alto,GII,2007,18.9,124500.0,Automatic,Islamabad,Islamabad,,,7.0,4d,core,https://www.pakwheels.com/used-cars/suzuki-alto-2007-for-sale-in-islamabad-12049763,https://cache1.pakwheels.com/ad_pictures/1522/suzuki-alto-gii-2007-152218542.jpg,White,Islamabad,Imported,Hatchback,660.0,4.0,Hatchback,660cc kei,2026-09-25,suzuki alto|2007|18.9|124500,False,2026-09-26T14:00,False,18.9,,,1890000.0
11863193,PakWheels,Daihatsu Move,Custom G,2011,19.2,140000.0,Automatic,Rawalpindi,Rawalpindi,,,20.0,4d,core,https://www.pakwheels.com/used-cars/daihatsu-move-2011-for-sale-in-rawalpindi-11863193,https://cache2.pakwheels.com/ad_pictures/1493/daihatsu-move-custom-g-2011-149359298.jpg,Silver,Islamabad,Imported,Hatchback,660.0,4.0,Tall-boy,660cc kei,2026-09-25,daihatsu move|2011|19.2|140000,False,2026-08-15T20:37,False,19.9,0.7,,1920000.0
12046798,PakWheels,Nissan Pino,S,2008,19.35,200000.0,Automatic,Islamabad,Islamabad,,,12.0,4d,core,https://www.pakwheels.com/used-cars/nissan-pino-2008-for-sale-in-islamabad-12046798,https://cache1.pakwheels.com/ad_pictures/1521/nissan-pino-s-2008-152174095.jpg,White,Islamabad,Imported,Hatchback,660.0,4.0,Hatchback,660cc kei,2026-09-25,nissan pino|2008|19.35|200000,False,2026-09-25T14:10,False,19.35,,,1935000.0
11754292,PakWheels,Mitsubishi EK Wagon,G Safety Package,2014,19.8,120000.0,Automatic,Islamabad,Islamabad,,,6.0,4d,core,https://www.pakwheels.com/used-cars/mitsubishi-ek-wagon-2014-for-sale-in-islamabad-11754292,https://cache4.pakwheels.com/ad_pictures/1476/mitsubishi-ek-wagon-g-safety-package-2014-147692957.jpg,Silver,Sindh,Imported,Hatchback,660.0,4.0,Hatchback,660cc kei,2026-09-25,mitsubishi ek wagon|2014|19.8|120000,False,2026-09-25T19:34,False,21.5,1.7,,1980000.0
1119522322,OLX,Toyota Passo,2005,2005,19.85,95000.0,,Islamabad,"Islamabad Expressway, Islamabad",,,,4d,core,https://www.olx.com.pk/item/-iid-1119522322,https://images.olx.com.pk/thumbnails/647034601-600x450.jpeg,,,,,,4.0,Hatchback,1000-1300cc,2026-09-25,toyota passo|2005|19.85|95000,False,2026-09-26T14:00,False,20.75,0.9,,1985000.0
1118340787,OLX,Daihatsu Mira,2010,2010,20.0,235000.0,,Islamabad,"Rawat, Islamabad",,,,4d,core,https://www.olx.com.pk/item/-iid-1118340787,https://images.olx.com.pk/thumbnails/639993024-600x450.jpeg,,,,,,4.0,Hatchback,660cc kei,2026-09-25,daihatsu mira|2010|20.0|235000,False,2026-09-26T14:00,False,20.0,,,2000000.0
1119743932,OLX,Toyota Passo,2014,2014,20.5,42000.0,,Islamabad,"DHA Defence, Islamabad",,,,4d,core,https://www.olx.com.pk/item/-iid-1119743932,https://images.olx.com.pk/thumbnails/648352020-600x450.jpeg,,,,,,4.0,Hatchback,1000-1300cc,2026-09-25,toyota passo|2014|20.5|42000,False,2026-09-26T14:00,False,20.5,,,2050000.0
1119740773,OLX,Toyota Vitz,2005,2005,20.5,233000.0,,Islamabad,"Ali Pur, Islamabad",,,,4d,core,https://www.olx.com.pk/item/-iid-1119740773,https://images.olx.com.pk/thumbnails/648333808-600x450.jpeg,,,,,,4.0,Hatchback,1000-1300cc,2026-09-25,toyota vitz|2005|20.5|233000,False,2026-09-26T14:00,False,20.5,,,2050000.0
11530915,PakWheels,Toyota Vitz,1 0 F,2005,20.75,123000.0,Automatic,Islamabad,Islamabad,,,13.0,4d,core,https://www.pakwheels.com/used-cars/toyota-vitz-2005-for-sale-in-islamabad-11530915,https://cache1.pakwheels.com/ad_pictures/1443/toyota-vitz-1-0-f-2008-144316823.jpg,Polar White,Karachi,Imported,Hatchback,1000.0,4.0,Hatchback,1000-1300cc,2026-09-25,toyota vitz|2005|20.75|123000,False,2026-09-25T19:34,False,21.0,0.25,,2075000.0
12035771,PakWheels,Mitsubishi EK Wagon,,2007,21.0,100000.0,Automatic,Rawalpindi,Rawalpindi,,,11.0,4d,core,https://www.pakwheels.com/used-cars/mitsubishi-ek-wagon-2007-for-sale-in-rawalpindi-12035771,https://cache4.pakwheels.com/ad_pictures/1520/mitsubishi-ek-wagon-2007-152011946.jpg,Blue,Punjab,Imported,,660.0,4.0,Hatchback,660cc kei,2026-09-25,mitsubishi ek wagon|2007|21.0|100000,False,2026-09-22T23:42,False,21.0,,,2100000.0
12049778,PakWheels,Suzuki Alto,E Manual,2012,21.5,95000.0,Automatic,Islamabad,Islamabad,,,4.0,4d,core,https://www.pakwheels.com/used-cars/suzuki-alto-2012-for-sale-in-islamabad-12049778,https://cache1.pakwheels.com/ad_pictures/1522/suzuki-alto-e-manual-2012-152218771.jpg,Blue,Islamabad,Imported,Hatchback,660.0,4.0,Hatchback,660cc kei,2026-09-25,suzuki alto|2012|21.5|95000,False,2026-09-26T14:00,False,21.5,,,2150000.0
11858255,PakWheels,Suzuki Alto,ECO L,2011,21.5,114000.0,Automatic,Islamabad,Islamabad,,,13.0,4d,core,https://www.pakwheels.com/used-cars/suzuki-alto-2011-for-sale-in-islamabad-11858255,https://cache1.pakwheels.com/ad_pictures/1492/suzuki-alto-eco-l-2011-149282405.jpg,Beige,Islamabad,Local,Hatchback,660.0,4.0,Hatchback,660cc kei,2026-09-25,suzuki alto|2011|21.5|114000,False,2026-08-14T18:27,False,22.3,0.8,,2150000.0
1119736445,OLX,Toyota Vitz,2006,2006,21.5,399000.0,,Rawalpindi,"Askari 11, Rawalpindi",,,,4d,core,https://www.olx.com.pk/item/-iid-1119736445,https://images.olx.com.pk/thumbnails/648307735-600x450.jpeg,,,,,,4.0,Hatchback,1000-1300cc,2026-09-25,toyota vitz|2006|21.5|399000,False,2026-09-26T14:00,False,21.5,,,2150000.0
12024329,PakWheels,Suzuki Alto,F,2011,21.85,144000.0,Automatic,Rawalpindi,Rawalpindi,,,13.0,4d,core,https://www.pakwheels.com/used-cars/suzuki-alto-2011-for-sale-in-rawalpindi-12024329,https://cache2.pakwheels.com/ad_pictures/1518/suzuki-alto-f-2-2011-151834228.jpg,White,Islamabad,Local,Hatchback,660.0,4.0,Hatchback,660cc kei,2026-09-25,suzuki alto|2011|21.85|144000,False,2026-09-20T18:34,False,21.85,,,2185000.0
11801336,PakWheels,Suzuki Spacia,Custom GS,2015,22.0,163530.0,Automatic,Rawalpindi,Rawalpindi,Managed by PakWheels,5.0,14.0,4d,core,https://www.pakwheels.com/used-cars/suzuki-spacia-2015-for-sale-in-rawalpindi-11801336,https://cache1.pakwheels.com/ad_pictures/1484/suzuki-spacia-custom-gs-2015-148415585.jpg,Turquoise,Islamabad,Imported,Hatchback,660.0,4.0,Tall-boy,660cc kei,2026-09-25,suzuki spacia|2015|22.0|163530,False,2026-08-11T21:17,False,24.5,2.5,,2200000.0
1119738726,OLX,Daihatsu Mira,2019,2019,22.0,132500.0,,Rawalpindi,"Army Officers Colony, Rawalpindi",,,,4d,core,https://www.olx.com.pk/item/-iid-1119738726,https://images.olx.com.pk/thumbnails/648322270-600x450.jpeg,,,,,,4.0,Hatchback,660cc kei,2026-09-25,daihatsu mira|2019|22.0|132500,False,2026-09-26T14:00,False,22.0,,,2200000.0
12047164,PakWheels,Suzuki Swift,1 3 DX,2013,22.2,123.0,Manual,Islamabad,Islamabad,,,13.0,4d,core,https://www.pakwheels.com/used-cars/suzuki-swift-2013-for-sale-in-islamabad-12047164,https://cache1.pakwheels.com/ad_pictures/1521/suzuki-swift-1-3-dx-2013-152180463.jpg,White,Islamabad,Local,Hatchback,1300.0,4.0,Hatchback,1000-1300cc,2026-09-25,suzuki swift|2013|22.2|123,False,2026-09-25T19:34,False,22.2,,mileage implausibly low,2220000.0
1119726528,OLX,Toyota Vitz,2007/2013,2007,22.45,150000.0,,Islamabad,"I-8/2, Islamabad",,,,4d,core,https://www.olx.com.pk/item/-iid-1119726528,https://images.olx.com.pk/thumbnails/648246276-600x450.jpeg,,,,,,4.0,Hatchback,1000-1300cc,2026-09-25,toyota vitz|2007|22.45|150000,False,2026-09-26T14:00,False,22.45,,,2245000.0
12008999,PakWheels,Suzuki Swift,1 3 DLX Automatic,2010,22.5,129000.0,Automatic,Rawalpindi,Rawalpindi,,,15.0,4d,core,https://www.pakwheels.com/used-cars/suzuki-swift-2010-for-sale-in-rawalpindi-12008999,https://cache3.pakwheels.com/ad_pictures/1515/suzuki-swift-1-3-dlx-automatic-2010-151596016.jpg,Grey,Punjab,Local,Hatchback,1300.0,4.0,Hatchback,1000-1300cc,2026-09-25,suzuki swift|2010|22.5|129000,False,2026-09-17T14:04,False,22.5,,,2250000.0
12047190,PakWheels,Suzuki Alto,ECO L,2014,22.7,160000.0,Automatic,Islamabad,Islamabad,,,20.0,4d,core,https://www.pakwheels.com/used-cars/suzuki-alto-2014-for-sale-in-islamabad-12047190,https://cache4.pakwheels.com/ad_pictures/1521/suzuki-alto-eco-l-2014-152180430.jpg,Red,Islamabad,Imported,Hatchback,660.0,4.0,Hatchback,660cc kei,2026-09-25,suzuki alto|2014|22.7|160000,False,2026-09-25T19:34,False,22.7,,,2270000.0
11874672,PakWheels,Daihatsu Mira,,2012,23.5,170.0,Automatic,Rawalpindi,Rawalpindi,,,13.0,4d,core,https://www.pakwheels.com/used-cars/daihatsu-mira-2012-for-sale-in-rawalpindi-11874672,https://cache2.pakwheels.com/ad_pictures/1495/daihatsu-mira-2012-149537579.jpg,White,Punjab,Imported,,660.0,4.0,Hatchback,660cc kei,2026-09-25,daihatsu mira|2012|23.5|170,False,2026-09-26T00:13,False,23.5,,mileage implausibly low,2350000.0
12003329,PakWheels,Suzuki Wagon R,FX Limited,2013,23.5,78000.0,Automatic,Islamabad,Islamabad,,,9.0,4d,core,https://www.pakwheels.com/used-cars/suzuki-wagon-r-2013-for-sale-in-islamabad-12003329,https://cache2.pakwheels.com/ad_pictures/1515/suzuki-wagon-r-fx-limited-2013-151507885.jpg,White,Lahore,Imported,Hatchback,660.0,4.0,Tall-boy,660cc kei,2026-09-25,suzuki wagon r|2013|23.5|78000,False,2026-09-15T23:51,False,23.5,,,2350000.0
1119749271,OLX,Toyota Belta,2006,2006,23.5,290000.0,,Rawalpindi,"Sir Syed Chowk, Rawalpindi",,,,4d,core,https://www.olx.com.pk/item/-iid-1119749271,https://images.olx.com.pk/thumbnails/648382992-600x450.jpeg,,,,,,4.0,Hatchback,1000-1300cc,2026-09-25,toyota belta|2006|23.5|290000,False,2026-09-26T14:00,False,23.5,,,2350000.0
12048470,PakWheels,Suzuki Alto,F,2011,23.7,160000.0,Automatic,Islamabad,Islamabad,,,20.0,4d,core,https://www.pakwheels.com/used-cars/suzuki-alto-2011-for-sale-in-islamabad-12048470,https://cache4.pakwheels.com/ad_pictures/1522/suzuki-alto-f-2-2011-152200527.jpg,White,Islamabad,Local,Hatchback,660.0,4.0,Hatchback,660cc kei,2026-09-25,suzuki alto|2011|23.7|160000,False,2026-09-25T19:34,False,23.7,,,2370000.0
12047070,PakWheels,Suzuki Alto,VX,2020,23.8,100500.0,Manual,Islamabad,Islamabad,,,20.0,4d,core,https://www.pakwheels.com/used-cars/suzuki-alto-2020-for-sale-in-islamabad-12047070,https://cache1.pakwheels.com/ad_pictures/1521/suzuki-alto-vx-14-2020-152178581.jpg,Grey,Islamabad,Local,Hatchback,660.0,4.0,Hatchback,660cc kei,2026-09-25,suzuki alto|2020|23.8|100500,False,2026-09-25T19:34,False,23.8,,,2380000.0
1119730224,OLX,Mazda Carol,2015,2015,23.8,200000.0,,Rawalpindi,"Westridge, Rawalpindi",,,,4d,core,https://www.olx.com.pk/item/-iid-1119730224,https://images.olx.com.pk/thumbnails/648270667-600x450.jpeg,,,,,,4.0,Hatchback,660cc kei,2026-09-25,mazda carol|2015|23.8|200000,True,2026-09-26T14:00,False,23.8,,duplicate listing,2380000.0
11917230,PakWheels,Daihatsu Tanto,Custom X SA,2015,23.9,135000.0,Automatic,Rawalpindi,Rawalpindi,,,7.0,4d,core,https://www.pakwheels.com/used-cars/daihatsu-tanto-2015-for-sale-in-rawalpindi-11917230,https://cache4.pakwheels.com/ad_pictures/1501/daihatsu-tanto-custom-x-sa-2015-150190425.jpg,Silver,Islamabad,Imported,Hatchback,660.0,4.0,Tall-boy,660cc kei,2026-09-25,daihatsu tanto|2015|23.9|135000,False,2026-08-27T19:54,False,26.5,2.6,,2390000.0
12046328,PakWheels,Honda N Box,2 Tone Color Style G L Package,2015,24.0,150000.0,Automatic,Rawalpindi,Rawalpindi,,,13.0,4d,core,https://www.pakwheels.com/used-cars/honda-n-box-2015-for-sale-in-rawalpindi-12046328,https://cache3.pakwheels.com/ad_pictures/1521/honda-n-box-2-tone-color-style-g-l-package-2015-152166623.jpg,Pearl White,Punjab,Imported,Hatchback,660.0,4.0,Tall-boy,660cc kei,2026-09-25,honda n box|2015|24.0|150000,False,2026-09-25T19:34,False,24.0,,,2400000.0
1119734191,OLX,Toyota Vitz,2008,2008,24.0,123456.0,,Islamabad,"G-11/2, Islamabad",,,,4d,core,https://www.olx.com.pk/item/-iid-1119734191,https://images.olx.com.pk/thumbnails/648294307-600x450.jpeg,,,,,,4.0,Hatchback,1000-1300cc,2026-09-25,toyota vitz|2008|24.0|123456,False,2026-09-26T14:00,False,24.0,,,2400000.0
12013312,PakWheels,Suzuki Swift,1 3L DLX,2014,24.9,105000.0,Manual,Islamabad,Islamabad,,,20.0,4d,core,https://www.pakwheels.com/used-cars/suzuki-swift-2014-for-sale-in-islamabad-12013312,https://cache4.pakwheels.com/ad_pictures/1516/suzuki-swift-1-3l-dlx-2014-151663388.jpg,Grey,Islamabad,Local,Hatchback,1300.0,4.0,Hatchback,1000-1300cc,2026-09-25,suzuki swift|2014|24.9|105000,False,2026-09-18T13:37,False,25.25,0.35,,2490000.0
12045912,PakWheels,Suzuki Alto Lapin,X Limited,2014,25.0,217570.0,Automatic,Islamabad,Islamabad,Managed by PakWheels,5.1,14.0,4d,core,https://www.pakwheels.com/used-cars/suzuki-alto-lapin-2014-for-sale-in-islamabad-12045912,https://cache1.pakwheels.com/ad_pictures/1521/suzuki-alto-lapin-x-limited-5-2014-152160286.jpg,Grapes,Islamabad,Imported,Hatchback,660.0,4.0,Hatchback,660cc kei,2026-09-25,suzuki alto lapin|2014|25.0|217570,False,2026-09-25T14:10,False,25.0,,,2500000.0
12048784,PakWheels,Daihatsu Move,Custom RS,2013,25.0,78000.0,Automatic,Islamabad,Islamabad,,,7.0,4d,core,https://www.pakwheels.com/used-cars/daihatsu-move-2013-for-sale-in-islamabad-12048784,https://cache1.pakwheels.com/ad_pictures/1522/daihatsu-move-custom-rs-2013-152204959.jpg,Black,Islamabad,Imported,Hatchback,660.0,4.0,Tall-boy,660cc kei,2026-09-25,daihatsu move|2013|25.0|78000,False,2026-09-26T00:13,False,25.0,,,2500000.0
12048024,PakWheels,Mitsubishi EK Custom,G,2014,25.0,170000.0,Automatic,Rawalpindi,Rawalpindi,,,4.0,4d,core,https://www.pakwheels.com/used-cars/mitsubishi-ek-custom-2014-for-sale-in-rawalpindi-12048024,https://cache3.pakwheels.com/ad_pictures/1521/mitsubishi-ek-custom-g-50-2014-152193574.jpg,Red,Islamabad,Imported,Hatchback,660.0,4.0,Hatchback,660cc kei,2026-09-25,mitsubishi ek custom|2014|25.0|170000,False,2026-09-25T19:34,False,25.0,,,2500000.0
11520607,PakWheels,Suzuki Alto,,2012,25.0,107000.0,Manual,Rawalpindi,Rawalpindi,,,8.0,4d,core,https://www.pakwheels.com/used-cars/suzuki-alto-2012-for-sale-in-rawalpindi-11520607,https://cache3.pakwheels.com/ad_pictures/1441/suzuki-alto-2012-144163359.jpg,White,Islamabad,Imported,,660.0,4.0,Hatchback,660cc kei,2026-09-25,suzuki alto|2012|25.0|107000,False,2026-09-25T19:34,False,25.0,,,2500000.0
12047511,PakWheels,Daihatsu Mira ES,,2013,25.5,195000.0,Automatic,Rawalpindi,Rawalpindi,,,10.0,4d,core,https://www.pakwheels.com/used-cars/daihatsu-mira-2013-for-sale-in-rawalpindi-12047511,https://cache3.pakwheels.com/ad_pictures/1521/daihatsu-mira-es-2013-152185142.jpg,Black,Islamabad,Imported,Hatchback,660.0,4.0,Hatchback,660cc kei,2026-09-25,daihatsu mira es|2013|25.5|195000,False,2026-09-25T19:34,False,25.5,,,2550000.0
11965932,PakWheels,Honda N Wgn,,2014,25.5,145000.0,Automatic,Islamabad,Islamabad,,,10.0,4d,core,https://www.pakwheels.com/used-cars/honda-n-wgn-2014-for-sale-in-islamabad-11965932,https://cache3.pakwheels.com/ad_pictures/1509/honda-n-wgn-2014-150932197.jpg,Black,Punjab,Imported,,660.0,4.0,Tall-boy,660cc kei,2026-09-25,honda n wgn|2014|25.5|145000,False,2026-09-07T20:00,False,25.5,,,2550000.0
1119729153,OLX,Daihatsu Mira,2013/16,2013,25.5,195000.0,,Rawalpindi,"Satellite Town, Rawalpindi",,,,4d,core,https://www.olx.com.pk/item/-iid-1119729153,https://images.olx.com.pk/thumbnails/648264257-600x450.jpeg,,,,,,4.0,Hatchback,660cc kei,2026-09-25,daihatsu mira|2013|25.5|195000,False,2026-09-26T14:00,False,25.5,,,2550000.0
1119723128,OLX,Suzuki Hustler,2014,2014,25.5,113000.0,,Taxila,"Cantt, Taxila",,,,4d,near,https://www.olx.com.pk/item/-iid-1119723128,https://images.olx.com.pk/thumbnails/648224805-600x450.jpeg,,,,,,4.0,Tall-boy,660cc kei,2026-09-25,suzuki hustler|2014|25.5|113000,False,2026-09-25T14:10,False,25.5,,outside city - Wah/Taxila/Attock/Jhelum area,2550000.0
12049980,PakWheels,Suzuki Wagon R,FX,2016,26.0,110000.0,Automatic,Islamabad,Islamabad,,,10.0,4d,core,https://www.pakwheels.com/used-cars/suzuki-wagon-r-2016-for-sale-in-islamabad-12049980,https://cache3.pakwheels.com/ad_pictures/1522/suzuki-wagon-r-fx-2-2016-152221548.jpg,Sky Blue Metallic,Punjab,Imported,Hatchback,660.0,4.0,Tall-boy,660cc kei,2026-09-25,suzuki wagon r|2016|26.0|110000,False,2026-09-26T14:00,False,26.0,,,2600000.0
12019465,PakWheels,Suzuki Wagon R,VXR,2020,26.0,68852.0,Manual,Rawalpindi,Rawalpindi,Managed by PakWheels,7.0,14.0,4d,core,https://www.pakwheels.com/used-cars/suzuki-wagon-r-2020-for-sale-in-rawalpindi-12019465,https://cache1.pakwheels.com/ad_pictures/1517/suzuki-wagon-r-vxr-2020-151757315.jpg,Solid White,Islamabad,Local,Hatchback,1000.0,4.0,Tall-boy,660cc kei,2026-09-25,suzuki wagon r|2020|26.0|68852,False,2026-09-20T13:58,False,26.0,,,2600000.0
12025011,PakWheels,Suzuki Alto,VXR,2022,26.5,97449.0,Manual,Islamabad,Islamabad,Managed by PakWheels,7.6,14.0,4d,core,https://www.pakwheels.com/used-cars/suzuki-alto-2022-for-sale-in-islamabad-12025011,https://cache3.pakwheels.com/ad_pictures/1518/suzuki-alto-vxr-2-2022-151845739.jpg,Solid White,Islamabad,Local,Hatchback,660.0,4.0,Hatchback,660cc kei,2026-09-25,suzuki alto|2022|26.5|97449,False,2026-09-20T18:34,False,26.5,,,2650000.0
11998885,PakWheels,Daihatsu Mira ES,,2013,26.5,123281.0,Automatic,Islamabad,Islamabad,Managed by PakWheels,6.1,14.0,4d,core,https://www.pakwheels.com/used-cars/daihatsu-mira-2013-for-sale-in-islamabad-11998885,https://cache1.pakwheels.com/ad_pictures/1514/daihatsu-mira-es-2013-151440287.jpg,Mica Red Metallic,Islamabad,Imported,Hatchback,660.0,4.0,Hatchback,660cc kei,2026-09-25,daihatsu mira es|2013|26.5|123281,False,2026-09-14T20:51,False,27.0,0.5,,2650000.0
12047175,PakWheels,Suzuki Wagon R,J Style,2014,26.5,125000.0,Automatic,Islamabad,Islamabad,,,15.0,4d,core,https://www.pakwheels.com/used-cars/suzuki-wagon-r-2014-for-sale-in-islamabad-12047175,https://cache2.pakwheels.com/ad_pictures/1521/suzuki-wagon-r-j-style-2014-152180528.jpg,Red Wine,Islamabad,Imported,Hatchback,660.0,4.0,Tall-boy,660cc kei,2026-09-25,suzuki wagon r|2014|26.5|125000,False,2026-09-25T19:34,False,26.5,,,2650000.0
1119718545,OLX,Toyota Vitz,2013 import 2017,2013,26.75,122000.0,,Rawalpindi,"Bahria Town Phase 8, Rawalpindi",,,,4d,core,https://www.olx.com.pk/item/-iid-1119718545,https://images.olx.com.pk/thumbnails/648197201-600x450.jpeg,,,,,,4.0,Hatchback,1000-1300cc,2026-09-25,toyota vitz|2013|26.75|122000,False,2026-09-25T14:10,False,27.0,0.25,,2675000.0
1117034004,OLX,Toyota Passo,2012,2012,26.8,105000.0,,Islamabad,"Soan Garden, Islamabad",,,,4d,core,https://www.olx.com.pk/item/-iid-1117034004,https://images.olx.com.pk/thumbnails/632328532-600x450.jpeg,,,,,,4.0,Hatchback,1000-1300cc,2026-09-25,toyota passo|2012|26.8|105000,False,2026-09-25T14:10,False,26.8,,,2680000.0
11979651,PakWheels,Suzuki Alto,VXL,2019,26.95,80000.0,Automatic,Rawalpindi,Rawalpindi,,,9.0,4d,core,https://www.pakwheels.com/used-cars/suzuki-alto-2019-for-sale-in-rawalpindi-11979651,https://cache2.pakwheels.com/ad_pictures/1511/suzuki-alto-vxl-2-2019-151147202.jpg,White,Islamabad,Local,Hatchback,660.0,4.0,Hatchback,660cc kei,2026-09-25,suzuki alto|2019|26.95|80000,False,2026-09-10T23:16,False,27.25,0.3,,2695000.0
12043691,PakWheels,Suzuki Alto,VXR,2022,26.95,65000.0,Manual,Islamabad,Islamabad,,,11.0,4d,core,https://www.pakwheels.com/used-cars/suzuki-alto-2022-for-sale-in-islamabad-12043691,https://cache4.pakwheels.com/ad_pictures/1521/suzuki-alto-vxr-2-2022-152128977.jpg,White,Islamabad,Local,Hatchback,660.0,4.0,Hatchback,660cc kei,2026-09-25,suzuki alto|2022|26.95|65000,False,2026-09-25T19:34,False,26.95,,,2695000.0
12042150,PakWheels,Subaru Stella,,2016,27.0,187308.0,Automatic,Rawalpindi,Rawalpindi,Managed by PakWheels,7.3,14.0,4d,core,https://www.pakwheels.com/used-cars/subaru-stella-2016-for-sale-in-rawalpindi-12042150,https://cache3.pakwheels.com/ad_pictures/1521/subaru-stella-2016-152104920.jpg,Blue,Islamabad,Imported,Hatchback,660.0,4.0,Hatchback,660cc kei,2026-09-25,subaru stella|2016|27.0|187308,False,2026-09-24T19:10,False,27.0,,,2700000.0
12045722,PakWheels,Suzuki Alto,F,2015,27.4,91000.0,Automatic,Rawalpindi,Rawalpindi,,,13.0,4d,core,https://www.pakwheels.com/used-cars/suzuki-alto-2015-for-sale-in-rawalpindi-12045722,https://cache4.pakwheels.com/ad_pictures/1521/suzuki-alto-f-2-2015-152157540.jpg,White,Islamabad,Imported,Hatchback,660.0,4.0,Hatchback,660cc kei,2026-09-25,suzuki alto|2015|27.4|91000,False,2026-09-25T14:10,False,27.4,,,2740000.0
12049466,PakWheels,Suzuki Wagon R,FX Limited,2014,27.75,165000.0,Automatic,Islamabad,Islamabad,,,13.0,4d,core,https://www.pakwheels.com/used-cars/suzuki-wagon-r-2014-for-sale-in-islamabad-12049466,https://cache4.pakwheels.com/ad_pictures/1522/suzuki-wagon-r-fx-limited-2014-152214671.jpg,White,Islamabad,Imported,Hatchback,660.0,4.0,Tall-boy,660cc kei,2026-09-25,suzuki wagon r|2014|27.75|165000,False,2026-09-26T00:13,False,27.75,,,2775000.0
12046365,PakWheels,Suzuki Alto,VXR,2023,27.8,102000.0,Manual,Islamabad,Islamabad,,,7.0,4d,core,https://www.pakwheels.com/used-cars/suzuki-alto-2023-for-sale-in-islamabad-12046365,https://cache4.pakwheels.com/ad_pictures/1521/suzuki-alto-vxr-2-2023-152167234.jpg,White,Islamabad,Local,Hatchback,660.0,4.0,Hatchback,660cc kei,2026-09-25,suzuki alto|2023|27.8|102000,False,2026-09-25T14:10,False,28.0,0.2,,2780000.0
12047418,PakWheels,Suzuki Alto,VXR,2020,28.0,59700.0,Manual,Rawalpindi,Rawalpindi,,,16.0,4d,core,https://www.pakwheels.com/used-cars/suzuki-alto-2020-for-sale-in-rawalpindi-12047418,https://cache4.pakwheels.com/ad_pictures/1521/suzuki-alto-vxr-2-2020-152184081.jpg,Silky Silver,Islamabad,Local,Hatchback,660.0,4.0,Hatchback,660cc kei,2026-09-25,suzuki alto|2020|28.0|59700,False,2026-09-28T15:06,False,28.0,,,2800000.0
12048168,PakWheels,Daihatsu Move,Custom RS,2015,28.5,123.0,Automatic,Islamabad,Islamabad,,,13.0,4d,core,https://www.pakwheels.com/used-cars/daihatsu-move-2015-for-sale-in-islamabad-12048168,https://cache4.pakwheels.com/ad_pictures/1521/daihatsu-move-custom-rs-2015-152195407.jpg,White,Islamabad,Imported,Hatchback,660.0,4.0,Tall-boy,660cc kei,2026-09-25,daihatsu move|2015|28.5|123,False,2026-09-25T19:34,False,28.5,,mileage implausibly low,2850000.0
12014191,PakWheels,Toyota Vitz,1 0 F,2012,28.7,117000.0,Automatic,Islamabad,Islamabad,,,10.0,4d,core,https://www.pakwheels.com/used-cars/toyota-vitz-2012-for-sale-in-islamabad-12014191,https://cache3.pakwheels.com/ad_pictures/1516/toyota-vitz-1-0-f-2012-151676788.jpg,Silver,Islamabad,Imported,Hatchback,1000.0,4.0,Hatchback,1000-1300cc,2026-09-25,toyota vitz|2012|28.7|117000,False,2026-09-18T18:34,False,28.7,,,2870000.0
12048068,PakWheels,Suzuki Alto,VXR AGS,2022,29.0,44000.0,Automatic,Islamabad,Islamabad,,,10.0,4d,core,https://www.pakwheels.com/used-cars/suzuki-alto-2022-for-sale-in-islamabad-12048068,https://cache3.pakwheels.com/ad_pictures/1521/suzuki-alto-vxr-ags-2022-152194255.jpg,White,Islamabad,Local,Hatchback,660.0,4.0,Hatchback,660cc kei,2026-09-25,suzuki alto|2022|29.0|44000,False,2026-09-25T19:34,False,29.0,,,2900000.0
11979650,PakWheels,Suzuki Alto,VXR AGS,2023,29.0,58000.0,Automatic,Islamabad,Islamabad,,,4.0,4d,core,https://www.pakwheels.com/used-cars/suzuki-alto-2023-for-sale-in-islamabad-11979650,https://cache3.pakwheels.com/ad_pictures/1511/suzuki-alto-vxr-ags-2023-151147165.jpg,White,Islamabad,Local,Hatchback,660.0,4.0,Hatchback,660cc kei,2026-09-25,suzuki alto|2023|29.0|58000,False,2026-09-25T14:10,False,29.0,,,2900000.0
11919142,PakWheels,Toyota Passo,X G Package,2014,29.45,130000.0,Automatic,Islamabad,Islamabad,,,20.0,4d,core,https://www.pakwheels.com/used-cars/toyota-passo-2014-for-sale-in-islamabad-11919142,https://cache2.pakwheels.com/ad_pictures/1502/toyota-passo-x-g-package-2014-150216983.jpg,Black,Lahore,Imported,Hatchback,1000.0,4.0,Hatchback,1000-1300cc,2026-09-25,toyota passo|2014|29.45|130000,False,2026-09-25T19:34,False,29.45,,,2945000.0
12034013,PakWheels,Suzuki Alto,VXR AGS,2024,29.5,31000.0,Automatic,Rawalpindi,Rawalpindi,,,16.0,4d,core,https://www.pakwheels.com/used-cars/suzuki-alto-2024-for-sale-in-rawalpindi-12034013,https://cache2.pakwheels.com/ad_pictures/1519/suzuki-alto-vxr-ags-2024-151984416.jpg,White,Punjab,Local,Hatchback,660.0,4.0,Hatchback,660cc kei,2026-09-25,suzuki alto|2024|29.5|31000,False,2026-09-22T19:01,False,29.5,,,2950000.0
1119739894,OLX,Daihatsu Boon,2013 B2B Genuine,2013,29.75,94000.0,,Islamabad,"Ghauri Town Phase 5, Islamabad",,,,4d,core,https://www.olx.com.pk/item/-iid-1119739894,https://images.olx.com.pk/thumbnails/648329002-600x450.jpeg,,,,,,4.0,Hatchback,1000-1300cc,2026-09-25,daihatsu boon|2013|29.75|94000,False,2026-09-26T14:00,False,29.75,,,2975000.0
12049605,PakWheels,Suzuki Alto,VXL,2023,29.85,56500.0,Automatic,Rawalpindi,Rawalpindi,,,10.0,4d,core,https://www.pakwheels.com/used-cars/suzuki-alto-2023-for-sale-in-rawalpindi-12049605,https://cache2.pakwheels.com/ad_pictures/1522/suzuki-alto-vxl-2-2023-152216653.jpg,White,Islamabad,Local,Hatchback,660.0,4.0,Hatchback,660cc kei,2026-09-25,suzuki alto|2023|29.85|56500,False,2026-09-26T00:13,False,29.85,,,2985000.0
11964575,PakWheels,Toyota Passo,X L Package,2016,30.0,126948.0,Automatic,Rawalpindi,Rawalpindi,Managed by PakWheels,7.5,14.0,4d,core,https://www.pakwheels.com/used-cars/toyota-passo-2016-for-sale-in-rawalpindi-11964575,https://cache3.pakwheels.com/ad_pictures/1509/toyota-passo-x-l-package-2016-150908393.jpg,Blue,Islamabad,Imported,Hatchback,1000.0,4.0,Hatchback,1000-1300cc,2026-09-25,toyota passo|2016|30.0|126948,False,2026-09-07T20:00,False,30.0,,,3000000.0
12045183,PakWheels,Mitsubishi Pajero Mini,VR,1995,11.3,171771.0,Manual,Islamabad,Islamabad,,,11.0,5d,core,https://www.pakwheels.com/used-cars/mitsubishi-pajero-mini-1995-for-sale-in-islamabad-12045183,https://cache2.pakwheels.com/ad_pictures/1521/mitsubishi-pajero-mini-vr-1995-152150372.jpg,Dark Blue Mica,Punjab,Imported,SUV,660.0,5.0,Tall-boy,660cc kei,2026-09-24,mitsubishi pajero mini|1995|11.3|171771,False,2026-09-24T23:58,False,11.3,,,1130000.0
1115740543,OLX,Suzuki Alto,ORIGINAL JAPNES AUTOMATIC 660CC,2002,12.5,285000.0,,Rawalpindi,"Dhok Paracha, Rawalpindi",,,,5d,core,https://www.olx.com.pk/item/-iid-1115740543,https://images.olx.com.pk/thumbnails/624753655-600x450.jpeg,,,,,,5.0,Hatchback,660cc kei,2026-09-24,suzuki alto|2002|12.5|285000,True,2026-09-24T13:49,False,12.5,,duplicate listing,1250000.0
1119708818,OLX,Suzuki Alto,2005,2005,12.9,6000.0,,Rawalpindi,"Satellite Town, Rawalpindi",,,,5d,core,https://www.olx.com.pk/item/-iid-1119708818,https://images.olx.com.pk/thumbnails/648141041-600x450.jpeg,,,,,,5.0,Hatchback,660cc kei,2026-09-24,suzuki alto|2005|12.9|6000,False,2026-09-25T14:10,False,12.9,,,1290000.0
12042191,PakWheels,Suzuki Alto,,2003,13.6,15000.0,Automatic,Islamabad,Islamabad,,,,5d,core,https://www.pakwheels.com/used-cars/suzuki-alto-2003-for-sale-in-islamabad-12042191,,White,Karachi,Imported,Hatchback,660.0,5.0,Hatchback,660cc kei,2026-09-24,suzuki alto|2003|13.6|15000,False,2026-09-24T19:10,False,14.0,0.4,,1360000.0
11040395,PakWheels,Suzuki Alto,E,2006,14.8,125000.0,Automatic,Islamabad,Islamabad,,,11.0,5d,core,https://www.pakwheels.com/used-cars/suzuki-alto-2006-for-sale-in-islamabad-11040395,https://cache4.pakwheels.com/ad_pictures/1365/suzuki-alto-e-2006-136543027.jpg,Silver,Islamabad,Local,Hatchback,660.0,5.0,Hatchback,660cc kei,2026-09-24,suzuki alto|2006|14.8|125000,False,2026-09-24T23:58,False,14.8,,,1480000.0
12043463,PakWheels,Daihatsu Mira,,2005,14.95,125000.0,Automatic,Rawalpindi,Rawalpindi,,,,5d,core,https://www.pakwheels.com/used-cars/daihatsu-mira-2005-for-sale-in-rawalpindi-12043463,,Red,Sindh,Imported,Hatchback,660.0,5.0,Hatchback,660cc kei,2026-09-24,daihatsu mira|2005|14.95|125000,False,2026-09-24T19:10,False,14.95,,,1495000.0
11904564,PakWheels,Suzuki Kei,A,2006,15.0,225833.0,Manual,Rawalpindi,Rawalpindi,Managed by PakWheels,3.7,15.0,5d,core,https://www.pakwheels.com/used-cars/suzuki-kei-2006-for-sale-in-rawalpindi-11904564,https://cache1.pakwheels.com/ad_pictures/1499/suzuki-kei-a-2006-149995731.jpg,Blue,Punjab,Imported,Hatchback,660.0,5.0,Hatchback,660cc kei,2026-09-24,suzuki kei|2006|15.0|225833,False,2026-08-27T13:18,False,15.0,,,1500000.0
11794103,PakWheels,Suzuki Alto,,2007,18.0,173000.0,Manual,Rawalpindi,Rawalpindi,,,6.0,5d,core,https://www.pakwheels.com/used-cars/suzuki-alto-2007-for-sale-in-rawalpindi-11794103,https://cache3.pakwheels.com/ad_pictures/1483/suzuki-alto-2007-148300105.jpg,White,Lahore,Imported,,660.0,5.0,Hatchback,660cc kei,2026-09-24,suzuki alto|2007|18.0|173000,False,2026-08-27T13:18,False,18.0,,,1800000.0
11483899,PakWheels,Mitsubishi EK Wagon,Limited,2009,18.2,171000.0,Automatic,Rawalpindi,Rawalpindi,,,17.0,5d,core,https://www.pakwheels.com/used-cars/mitsubishi-ek-wagon-2009-for-sale-in-rawalpindi-11483899,https://cache4.pakwheels.com/ad_pictures/1457/mitsubishi-ek-wagon-limited-2-2009-145712353.jpg,Unlisted,Punjab,Imported,Hatchback,660.0,5.0,Hatchback,660cc kei,2026-09-24,mitsubishi ek wagon|2009|18.2|171000,False,2026-09-24T19:10,False,18.2,,,1820000.0
12043652,PakWheels,Suzuki Swift,1 3 DX,2012,18.5,167039.0,Manual,Rawalpindi,Rawalpindi,Managed by PakWheels,2.4,14.0,5d,core,https://www.pakwheels.com/used-cars/suzuki-swift-2012-for-sale-in-rawalpindi-12043652,https://cache3.pakwheels.com/ad_pictures/1521/suzuki-swift-1-3-dx-2012-152128607.jpg,Graphite Grey,Punjab,Local,Hatchback,1300.0,5.0,Hatchback,1000-1300cc,2026-09-24,suzuki swift|2012|18.5|167039,False,2026-09-24T19:10,False,18.5,,,1850000.0
1119685013,OLX,Toyota Passo,2006 ISB Num,2006,18.89,123456.0,,Rawalpindi,"Satellite Town - Block D, Rawalpindi",,,,5d,core,https://www.olx.com.pk/item/-iid-1119685013,https://images.olx.com.pk/thumbnails/648001241-600x450.jpeg,,,,,,5.0,Hatchback,1000-1300cc,2026-09-24,toyota passo|2006|18.89|123456,False,2026-09-24T13:49,False,18.89,,,1889000.0
12019436,PakWheels,Toyota Vitz,1 0 F,2000,19.5,284089.0,Manual,Islamabad,Islamabad,Managed by PakWheels,4.2,14.0,5d,core,https://www.pakwheels.com/used-cars/toyota-vitz-2000-for-sale-in-islamabad-12019436,https://cache3.pakwheels.com/ad_pictures/1517/toyota-vitz-1-0-f-2000-151756863.jpg,Polar White,Faisalabad,Imported,Hatchback,1000.0,5.0,Hatchback,1000-1300cc,2026-09-24,toyota vitz|2000|19.5|284089,False,2026-09-19T22:55,False,19.5,,,1950000.0
1119704519,OLX,Toyota Vitz,2000 import 2008,2000,19.75,55000.0,,Islamabad,"G-5, Islamabad",,,,5d,core,https://www.olx.com.pk/item/-iid-1119704519,https://images.olx.com.pk/thumbnails/648117409-600x450.jpeg,,,,,,5.0,Hatchback,1000-1300cc,2026-09-24,toyota vitz|2000|19.75|55000,False,2026-09-25T14:10,False,20.0,0.25,,1975000.0
11852332,PakWheels,Daihatsu Mira,,2014,20.0,200000.0,Automatic,Rawalpindi,Rawalpindi,,,11.0,5d,core,https://www.pakwheels.com/used-cars/daihatsu-mira-2014-for-sale-in-rawalpindi-11852332,https://cache3.pakwheels.com/ad_pictures/1491/daihatsu-mira-2014-149190734.jpg,White,Islamabad,Imported,Hatchback,660.0,5.0,Hatchback,660cc kei,2026-09-24,daihatsu mira|2014|20.0|200000,False,2026-09-24T19:10,False,20.0,,,2000000.0
12042868,PakWheels,Suzuki Wagon R,VXL,2016,20.25,120000.0,Manual,Rawalpindi,Rawalpindi,,,5.0,5d,core,https://www.pakwheels.com/used-cars/suzuki-wagon-r-2016-for-sale-in-rawalpindi-12042868,https://cache2.pakwheels.com/ad_pictures/1521/suzuki-wagon-r-vxl-2016-152116030.jpg,Golden,Islamabad,Local,Hatchback,1000.0,5.0,Tall-boy,660cc kei,2026-09-24,suzuki wagon r|2016|20.25|120000,False,2026-09-24T19:10,False,20.25,,,2025000.0
1119688099,OLX,Toyota Passo,2005,2005,20.9,163000.0,,Rawalpindi,"Bahria Town Phase 8, Rawalpindi",,,,5d,core,https://www.olx.com.pk/item/-iid-1119688099,https://images.olx.com.pk/thumbnails/648019842-600x450.jpeg,,,,,,5.0,Hatchback,1000-1300cc,2026-09-24,toyota passo|2005|20.9|163000,False,2026-09-25T14:10,False,20.9,,,2090000.0
12044942,PakWheels,Suzuki Wagon R,X,2012,20.95,155000.0,Automatic,Islamabad,Islamabad,,,9.0,5d,core,https://www.pakwheels.com/used-cars/suzuki-wagon-r-2012-for-sale-in-islamabad-12044942,https://cache1.pakwheels.com/ad_pictures/1521/suzuki-wagon-r-x-14-2012-152146920.jpg,Maroon,Punjab,Imported,Hatchback,660.0,5.0,Tall-boy,660cc kei,2026-09-24,suzuki wagon r|2012|20.95|155000,False,2026-09-24T23:58,False,20.95,,,2095000.0
11717445,PakWheels,Toyota Belta,X 1,2007,21.9,133000.0,Automatic,Rawalpindi,Rawalpindi,,,7.0,5d,core,https://www.pakwheels.com/used-cars/toyota-belta-2007-for-sale-in-rawalpindi-11717445,https://cache1.pakwheels.com/ad_pictures/1471/toyota-belta-x-1-0-2007-147127385.jpg,White,Islamabad,Imported,Sedan,1000.0,5.0,Hatchback,1000-1300cc,2026-09-24,toyota belta|2007|21.9|133000,False,2026-09-24T19:10,False,21.9,,,2190000.0
11847730,PakWheels,Mitsubishi EK Wagon,G Safety Plus Edition,2018,22.45,70000.0,Automatic,Islamabad,Islamabad,,,17.0,5d,core,https://www.pakwheels.com/used-cars/mitsubishi-ek-wagon-2018-for-sale-in-islamabad-11847730,https://cache4.pakwheels.com/ad_pictures/1491/mitsubishi-ek-wagon-g-safety-plus-edition-2018-149123105.jpg,Maroon,Islamabad,Imported,Hatchback,660.0,5.0,Hatchback,660cc kei,2026-09-24,mitsubishi ek wagon|2018|22.45|70000,False,2026-09-25T14:10,False,22.45,,,2245000.0
12043534,PakWheels,Suzuki Alto,E,2013,22.5,111550.0,Automatic,Rawalpindi,Rawalpindi,,,15.0,5d,core,https://www.pakwheels.com/used-cars/suzuki-alto-2013-for-sale-in-rawalpindi-12043534,https://cache1.pakwheels.com/ad_pictures/1521/suzuki-alto-e-2013-152125885.jpg,Silver,Punjab,Imported,Hatchback,660.0,5.0,Hatchback,660cc kei,2026-09-24,suzuki alto|2013|22.5|111550,True,2026-09-24T19:10,False,22.5,,duplicate listing,2250000.0
1119698776,OLX,Suzuki Alto,Japanese 2013/16 Model – Automatic transmission,2013,22.5,111550.0,,Rawalpindi,"Airport Housing Society, Rawalpindi",,,,5d,core,https://www.olx.com.pk/item/-iid-1119698776,https://images.olx.com.pk/thumbnails/648085305-600x450.jpeg,,,,,,5.0,Hatchback,660cc kei,2026-09-24,suzuki alto|2013|22.5|111550,True,2026-09-25T14:10,False,22.5,,duplicate listing,2250000.0
1119699835,OLX,Nissan Moco,2014 - Excellent Vehicle,2014,22.65,173500.0,,Rawalpindi,"Bahria Town Rawalpindi, Rawalpindi",,,,5d,core,https://www.olx.com.pk/item/-iid-1119699835,https://images.olx.com.pk/thumbnails/648091210-600x450.jpeg,,,,,,5.0,Hatchback,660cc kei,2026-09-24,nissan moco|2014|22.65|173500,False,2026-09-25T14:10,False,22.65,,,2265000.0
12044554,PakWheels,Suzuki Wagon R,Stingray Limited,2011,22.75,200000.0,Automatic,Islamabad,Islamabad,,,10.0,5d,core,https://www.pakwheels.com/used-cars/suzuki-wagon-r-2011-for-sale-in-islamabad-12044554,https://cache2.pakwheels.com/ad_pictures/1521/suzuki-wagon-r-stingray-limited-2011-152141822.jpg,Purple,Punjab,Imported,Hatchback,660.0,5.0,Tall-boy,660cc kei,2026-09-24,suzuki wagon r|2011|22.75|200000,False,2026-09-24T23:58,False,22.75,,,2275000.0
1119683849,OLX,Toyota Vitz,2008,2008,23.0,200000.0,,Rawalpindi,"Saddar, Rawalpindi",,,,5d,core,https://www.olx.com.pk/item/-iid-1119683849,https://images.olx.com.pk/thumbnails/647994049-600x450.jpeg,,,,,,5.0,Hatchback,1000-1300cc,2026-09-24,toyota vitz|2008|23.0|200000,False,2026-09-24T13:49,False,23.0,,,2300000.0
1119703972,OLX,Subaru Pleo,2014,2014,23.3,98600.0,,Rawalpindi,"Range Road, Rawalpindi",,,,5d,core,https://www.olx.com.pk/item/-iid-1119703972,https://images.olx.com.pk/thumbnails/648114604-600x450.jpeg,,,,,,5.0,Hatchback,660cc kei,2026-09-24,subaru pleo|2014|23.3|98600,True,2026-09-25T14:10,False,23.3,,duplicate listing,2330000.0
12044122,PakWheels,Nissan Moco,Dolce G,2012,23.5,95357.0,Automatic,Islamabad,Islamabad,,,11.0,5d,core,https://www.pakwheels.com/used-cars/nissan-moco-2012-for-sale-in-islamabad-12044122,https://cache4.pakwheels.com/ad_pictures/1521/nissan-moco-dolce-g-2012-152135166.jpg,White,Islamabad,Imported,Hatchback,660.0,5.0,Hatchback,660cc kei,2026-09-24,nissan moco|2012|23.5|95357,False,2026-09-24T19:10,False,23.5,,,2350000.0
12043599,PakWheels,Suzuki Swift,1 3 DLX Automatic,2014,24.2,106000.0,Automatic,Rawalpindi,Rawalpindi,,,6.0,5d,core,https://www.pakwheels.com/used-cars/suzuki-swift-2014-for-sale-in-rawalpindi-12043599,https://cache1.pakwheels.com/ad_pictures/1521/suzuki-swift-1-3-dlx-automatic-2014-152127748.jpg,White,Islamabad,Local,Hatchback,1300.0,5.0,Hatchback,1000-1300cc,2026-09-24,suzuki swift|2014|24.2|106000,False,2026-09-24T19:10,False,24.5,0.3,,2420000.0
12042021,PakWheels,Suzuki Wagon R,FX Limited,2014,24.85,89000.0,Automatic,Islamabad,Islamabad,,,15.0,5d,core,https://www.pakwheels.com/used-cars/suzuki-wagon-r-2014-for-sale-in-islamabad-12042021,https://cache4.pakwheels.com/ad_pictures/1521/suzuki-wagon-r-fx-limited-2014-152103013.jpg,Black,Islamabad,Imported,Hatchback,660.0,5.0,Tall-boy,660cc kei,2026-09-24,suzuki wagon r|2014|24.85|89000,False,2026-09-24T13:49,False,25.25,0.4,,2485000.0
12018251,PakWheels,Suzuki Hustler,J Style II,2007,25.0,138199.0,Automatic,Rawalpindi,Rawalpindi,Managed by PakWheels,7.4,15.0,5d,core,https://www.pakwheels.com/used-cars/suzuki-jimny-2007-for-sale-in-rawalpindi-12018251,https://cache2.pakwheels.com/ad_pictures/1517/suzuki-hustler-j-style-ii-2023-151738320.jpg,White,Karachi,Imported,,660.0,5.0,Tall-boy,660cc kei,2026-09-24,suzuki hustler|2007|25.0|138199,False,2026-09-19T18:02,False,25.0,,,2500000.0
12045254,PakWheels,Nissan Dayz,Highway Star,2013,25.0,90000.0,Automatic,Rawalpindi,Rawalpindi,,,9.0,5d,core,https://www.pakwheels.com/used-cars/nissan-dayz-2013-for-sale-in-rawalpindi-12045254,https://cache2.pakwheels.com/ad_pictures/1521/nissan-dayz-highway-star-3-2013-152151212.jpg,Snow White,Islamabad,Imported,Hatchback,660.0,5.0,Hatchback,660cc kei,2026-09-24,nissan dayz|2013|25.0|90000,True,2026-09-24T23:58,False,25.0,,duplicate listing,2500000.0
12044802,PakWheels,Daihatsu Mira ES,,2012,25.0,146000.0,Automatic,Rawalpindi,Rawalpindi,,,4.0,5d,core,https://www.pakwheels.com/used-cars/daihatsu-mira-2012-for-sale-in-rawalpindi-12044802,https://cache4.pakwheels.com/ad_pictures/1521/daihatsu-mira-es-2012-152144511.jpg,Maroon,Lahore,Imported,Hatchback,660.0,5.0,Hatchback,660cc kei,2026-09-24,daihatsu mira es|2012|25.0|146000,False,2026-09-24T23:58,False,25.0,,,2500000.0
1119706825,OLX,Subaru Pleo,2013,2013,25.0,98000.0,,Islamabad,"Karakoram Diplomatic Enclave, Islamabad",,,,5d,core,https://www.olx.com.pk/item/-iid-1119706825,https://images.olx.com.pk/thumbnails/648130123-600x450.jpeg,,,,,,5.0,Hatchback,660cc kei,2026-09-24,subaru pleo|2013|25.0|98000,False,2026-09-28T15:06,False,25.0,,,2500000.0
12044743,PakWheels,Suzuki Alto,,2018,25.5,113000.0,Automatic,Islamabad,Islamabad,,,10.0,5d,core,https://www.pakwheels.com/used-cars/suzuki-alto-2018-for-sale-in-islamabad-12044743,https://cache2.pakwheels.com/ad_pictures/1521/suzuki-alto-2018-152144197.jpg,Black,Islamabad,Imported,,660.0,5.0,Hatchback,660cc kei,2026-09-24,suzuki alto|2018|25.5|113000,False,2026-09-24T23:58,False,25.5,,,2550000.0
12043359,PakWheels,Suzuki Alto,X,2015,25.5,130000.0,Automatic,Rawalpindi,Rawalpindi,,,8.0,5d,core,https://www.pakwheels.com/used-cars/suzuki-alto-2015-for-sale-in-rawalpindi-12043359,https://cache3.pakwheels.com/ad_pictures/1521/suzuki-alto-x-9-2015-152124091.jpg,White,Islamabad,Imported,Hatchback,660.0,5.0,Hatchback,660cc kei,2026-09-24,suzuki alto|2015|25.5|130000,False,2026-09-24T19:10,False,25.9,0.4,,2550000.0
1118461708,OLX,Toyota Passo,hana plus 2012 /2015 import full option,2012,25.5,245000.0,,Islamabad,"DHA Defence Phase 2, Islamabad",,,,5d,core,https://www.olx.com.pk/item/-iid-1118461708,https://images.olx.com.pk/thumbnails/640714126-600x450.jpeg,,,,,,5.0,Hatchback,1000-1300cc,2026-09-24,toyota passo|2012|25.5|245000,False,2026-09-25T14:10,False,25.5,,,2550000.0
1119677141,OLX,Toyota Vitz,2010,2010,26.0,150000.0,,Rawalpindi,"Kohat Road, Rawalpindi",,,,5d,core,https://www.olx.com.pk/item/-iid-1119677141,https://images.olx.com.pk/thumbnails/647952829-600x450.jpeg,,,,,,5.0,Hatchback,1000-1300cc,2026-09-24,toyota vitz|2010|26.0|150000,False,2026-09-24T13:49,False,26.0,,,2600000.0
12043532,PakWheels,Nissan Dayz,J,2016,26.5,103000.0,Automatic,Islamabad,Islamabad,,,9.0,5d,core,https://www.pakwheels.com/used-cars/nissan-dayz-2016-for-sale-in-islamabad-12043532,https://cache1.pakwheels.com/ad_pictures/1521/nissan-dayz-j-2016-152126979.jpg,Silver Metallic,Un-Registered,Imported,Hatchback,660.0,5.0,Hatchback,660cc kei,2026-09-24,nissan dayz|2016|26.5|103000,False,2026-09-24T19:10,False,26.5,,,2650000.0
1119677833,OLX,Toyota Vitz,2012,2012,26.5,140000.0,,Rawalpindi,"Saddar, Rawalpindi",,,,5d,core,https://www.olx.com.pk/item/-iid-1119677833,https://images.olx.com.pk/thumbnails/647956989-600x450.jpeg,,,,,,5.0,Hatchback,1000-1300cc,2026-09-24,toyota vitz|2012|26.5|140000,False,2026-09-24T13:49,False,26.5,,,2650000.0
11860789,PakWheels,Suzuki Alto,VXL,2020,26.75,92293.0,Automatic,Rawalpindi,Rawalpindi,Managed by PakWheels,8.7,14.0,5d,core,https://www.pakwheels.com/used-cars/suzuki-alto-2020-for-sale-in-rawalpindi-11860789,https://cache1.pakwheels.com/ad_pictures/1493/suzuki-alto-vxl-2-2020-149321019.jpg,Solid White,Islamabad,Local,Hatchback,660.0,5.0,Hatchback,660cc kei,2026-09-24,suzuki alto|2020|26.75|92293,False,2026-08-15T11:57,False,26.75,,,2675000.0
1119705321,OLX,Toyota Vitz,2012,2012,26.95,,,Rawalpindi,"Khayaban-e-Sir Syed, Rawalpindi",,,,5d,core,https://www.olx.com.pk/item/-iid-1119705321,https://images.olx.com.pk/thumbnails/648358424-600x450.jpeg,,,,,,5.0,Hatchback,1000-1300cc,2026-09-24,toyota vitz|2012|26.95|-1,False,2026-09-25T14:10,False,26.95,,,2695000.0
11966222,PakWheels,Daihatsu Mira,G Smart Drive Package,2014,27.25,80000.0,Automatic,Islamabad,Islamabad,,,19.0,5d,core,https://www.pakwheels.com/used-cars/daihatsu-mira-2014-for-sale-in-islamabad-11966222,https://cache4.pakwheels.com/ad_pictures/1509/daihatsu-mira-g-smart-drive-package-2014-150935885.jpg,Navy,Lahore,Imported,Hatchback,660.0,5.0,Hatchback,660cc kei,2026-09-24,daihatsu mira|2014|27.25|80000,False,2026-09-07T20:00,False,27.25,,,2725000.0
12045128,PakWheels,Daihatsu Cast,,2018,27.5,93000.0,Automatic,Rawalpindi,Rawalpindi,,,5.0,5d,core,https://www.pakwheels.com/used-cars/daihatsu-cast-2018-for-sale-in-rawalpindi-12045128,https://cache2.pakwheels.com/ad_pictures/1521/daihatsu-cast-2018-152149097.jpg,Maroon,Islamabad,Imported,,660.0,5.0,Tall-boy,660cc kei,2026-09-24,daihatsu cast|2018|27.5|93000,False,2026-09-24T23:58,False,27.5,,,2750000.0
1119696115,OLX,Toyota Passo,2015,2015,28.0,145.0,,Rawalpindi,"New Lalazar, Rawalpindi",,,,5d,core,https://www.olx.com.pk/item/-iid-1119696115,https://images.olx.com.pk/thumbnails/648069656-600x450.jpeg,,,,,,5.0,Hatchback,1000-1300cc,2026-09-24,toyota passo|2015|28.0|145,False,2026-09-25T14:10,False,28.0,,mileage implausibly low,2800000.0
12043132,PakWheels,Suzuki Alto,X,2016,28.5,73000.0,Automatic,Rawalpindi,Rawalpindi,,,15.0,5d,core,https://www.pakwheels.com/used-cars/suzuki-alto-2016-for-sale-in-rawalpindi-12043132,https://cache4.pakwheels.com/ad_pictures/1521/suzuki-alto-x-9-2016-152120174.jpg,White,Islamabad,Imported,Hatchback,660.0,5.0,Hatchback,660cc kei,2026-09-24,suzuki alto|2016|28.5|73000,False,2026-09-24T19:10,False,28.5,,,2850000.0
11907499,PakWheels,Suzuki Swift,DLX Automatic 1 3 Navigation,2017,28.5,76774.0,Automatic,Islamabad,Islamabad,Managed by PakWheels,8.0,15.0,5d,core,https://www.pakwheels.com/used-cars/suzuki-swift-2017-for-sale-in-islamabad-11907499,https://cache2.pakwheels.com/ad_pictures/1500/suzuki-swift-dlx-automatic-1-3-navigation-2017-150039744.jpg,Phoenix Red,Islamabad,Local,Hatchback,1300.0,5.0,Hatchback,1000-1300cc,2026-09-24,suzuki swift|2017|28.5|76774,False,2026-08-27T12:46,False,28.5,,,2850000.0
1119704600,OLX,Toyota Vitz,2013,2013,28.5,162000.0,,Rawalpindi,"Chaklala Scheme, Rawalpindi",,,,5d,core,https://www.olx.com.pk/item/-iid-1119704600,https://images.olx.com.pk/thumbnails/648117905-600x450.jpeg,,,,,,5.0,Hatchback,1000-1300cc,2026-09-24,toyota vitz|2013|28.5|162000,False,2026-09-25T14:10,False,28.5,,,2850000.0
1119684457,OLX,Toyota Vitz,2011,2011,28.75,112854.0,,Islamabad,"Blue Area, Islamabad",,,,5d,core,https://www.olx.com.pk/item/-iid-1119684457,https://images.olx.com.pk/thumbnails/648347987-600x450.jpeg,,,,,,5.0,Hatchback,1000-1300cc,2026-09-24,toyota vitz|2011|28.75|112854,False,2026-09-24T13:49,False,28.75,,,2875000.0
10196976,PakWheels,Toyota Vitz,1 0 F,2014,28.8,106000.0,Automatic,Rawalpindi,Rawalpindi,,,9.0,5d,core,https://www.pakwheels.com/used-cars/toyota-vitz-2014-for-sale-in-rawalpindi-10196976,https://cache4.pakwheels.com/ad_pictures/1233/toyota-vitz-1-0-f-2014-123363415.jpg,Black,Islamabad,Imported,Hatchback,1000.0,5.0,Hatchback,1000-1300cc,2026-09-24,toyota vitz|2014|28.8|106000,False,2026-09-24T19:10,False,28.8,,,2880000.0
1119680123,OLX,Toyota Passo,2012,2012,29.0,170580.0,,Islamabad,"Ghauri Town Phase 5, Islamabad",,,,5d,core,https://www.olx.com.pk/item/-iid-1119680123,https://images.olx.com.pk/thumbnails/647971333-600x450.jpeg,,,,,,5.0,Hatchback,1000-1300cc,2026-09-24,toyota passo|2012|29.0|170580,False,2026-09-24T13:49,False,29.0,,,2900000.0
11997096,PakWheels,Suzuki Wagon R,FX,2015,29.5,112831.0,Automatic,Rawalpindi,Rawalpindi,Managed by PakWheels,7.8,15.0,5d,core,https://www.pakwheels.com/used-cars/suzuki-wagon-r-2015-for-sale-in-rawalpindi-11997096,https://cache4.pakwheels.com/ad_pictures/1514/suzuki-wagon-r-fx-2-2015-151410375.jpg,Superior White,Islamabad,Imported,Hatchback,660.0,5.0,Tall-boy,660cc kei,2026-09-24,suzuki wagon r|2015|29.5|112831,False,2026-09-14T20:51,False,29.5,,,2950000.0
12044269,PakWheels,Suzuki Wagon R,VXL,2022,29.5,141000.0,Manual,Islamabad,Islamabad,,,13.0,5d,core,https://www.pakwheels.com/used-cars/suzuki-wagon-r-2022-for-sale-in-islamabad-12044269,https://cache1.pakwheels.com/ad_pictures/1521/suzuki-wagon-r-vxl-2022-152137020.jpg,White,Islamabad,Local,Hatchback,1000.0,5.0,Tall-boy,660cc kei,2026-09-24,suzuki wagon r|2022|29.5|141000,False,2026-09-24T23:58,False,29.5,,,2950000.0
1119675225,OLX,Toyota Passo,2014,2014,29.5,140000.0,,Rawalpindi,"Bahria Town Rawalpindi, Rawalpindi",,,,5d,core,https://www.olx.com.pk/item/-iid-1119675225,https://images.olx.com.pk/thumbnails/647941557-600x450.jpeg,,,,,,5.0,Hatchback,1000-1300cc,2026-09-24,toyota passo|2014|29.5|140000,False,2026-09-24T13:49,False,29.5,,,2950000.0
12043451,PakWheels,Suzuki Alto,VXL,2022,29.9,45000.0,Automatic,Islamabad,Islamabad,,,8.0,5d,core,https://www.pakwheels.com/used-cars/suzuki-alto-2022-for-sale-in-islamabad-12043451,https://cache2.pakwheels.com/ad_pictures/1522/suzuki-alto-vxl-2-2022-152262294.jpg,White,Islamabad,Local,Hatchback,660.0,5.0,Hatchback,660cc kei,2026-09-24,suzuki alto|2022|29.9|45000,False,2026-09-26T18:44,False,29.9,,,2990000.0
12037567,PakWheels,Suzuki Alto,GII,2005,10.6,30000.0,Automatic,Islamabad,Islamabad,,,4.0,6d,core,https://www.pakwheels.com/used-cars/suzuki-alto-2005-for-sale-in-islamabad-12037567,https://cache4.pakwheels.com/ad_pictures/1520/suzuki-alto-gii-2005-152037470.jpg,Golden,Punjab,Imported,Hatchback,660.0,6.0,Hatchback,660cc kei,2026-09-23,suzuki alto|2005|10.6|30000,True,2026-09-23T19:12,False,10.6,,duplicate listing,1060000.0
11614286,PakWheels,Suzuki Alto,,2002,12.5,285000.0,Automatic,Rawalpindi,Rawalpindi,,,16.0,6d,core,https://www.pakwheels.com/used-cars/suzuki-alto-2002-for-sale-in-rawalpindi-11614286,https://cache3.pakwheels.com/ad_pictures/1455/suzuki-alto-2002-145563696.jpg,White,Rawalpindi,Imported,,660.0,6.0,Hatchback,660cc kei,2026-09-23,suzuki alto|2002|12.5|285000,True,2026-08-27T13:18,False,12.5,,duplicate listing,1250000.0
1118443154,OLX,Suzuki Alto,2011,2011,13.5,140000.0,,Rawalpindi,"Sangar Town, Rawalpindi",,,,6d,core,https://www.olx.com.pk/item/-iid-1118443154,https://images.olx.com.pk/thumbnails/647705971-600x450.jpeg,,,,,,6.0,Hatchback,660cc kei,2026-09-23,suzuki alto|2011|13.5|140000,False,2026-09-23T13:58,False,13.5,,,1350000.0
12032305,PakWheels,Toyota Platz,F 1,2002,13.9,148000.0,Automatic,Islamabad,Islamabad,,,14.0,6d,core,https://www.pakwheels.com/used-cars/toyota-platz-2002-for-sale-in-islamabad-12032305,https://cache2.pakwheels.com/ad_pictures/1519/toyota-platz-f-1-0-2002-151955129.jpg,White,Punjab,Imported,Sedan,1000.0,6.0,Hatchback,1000-1300cc,2026-09-23,toyota platz|2002|13.9|148000,False,2026-09-22T13:57,False,13.9,,,1390000.0
12038085,PakWheels,Daihatsu Mira,G Smart Drive Package,2008,16.9,110000.0,Automatic,Islamabad,Islamabad,,,8.0,6d,core,https://www.pakwheels.com/used-cars/daihatsu-mira-2008-for-sale-in-islamabad-12038085,https://cache3.pakwheels.com/ad_pictures/1520/daihatsu-mira-g-smart-drive-package-2008-152046585.jpg,White,Islamabad,Imported,Hatchback,660.0,6.0,Hatchback,660cc kei,2026-09-23,daihatsu mira|2008|16.9|110000,False,2026-09-23T19:12,False,17.0,0.1,,1690000.0
12037094,PakWheels,Daihatsu Move,Latte Cool Turbo,2008,17.0,652.0,Automatic,Rawalpindi,Rawalpindi,,,6.0,6d,core,https://www.pakwheels.com/used-cars/daihatsu-move-latte-2008-for-sale-in-rawalpindi-12037094,https://cache4.pakwheels.com/ad_pictures/1520/daihatsu-move-latte-cool-turbo-2008-152030922.jpg,White,Punjab,Imported,Hatchback,659.0,6.0,Tall-boy,660cc kei,2026-09-23,daihatsu move|2008|17.0|652,False,2026-09-23T13:58,False,17.0,,mileage implausibly low,1700000.0
1117107750,OLX,Toyota Passo,2007,2007,18.0,100000.0,,Rawalpindi,"Razaq Town, Rawalpindi",,,,6d,core,https://www.olx.com.pk/item/-iid-1117107750,https://images.olx.com.pk/thumbnails/632758565-600x450.jpeg,,,,,,6.0,Hatchback,1000-1300cc,2026-09-23,toyota passo|2007|18.0|100000,False,2026-09-23T13:58,False,18.0,,,1800000.0
1119644606,OLX,Nissan March,2007,2007,18.0,193000.0,,Islamabad,"Tarnol, Islamabad",,,,6d,core,https://www.olx.com.pk/item/-iid-1119644606,https://images.olx.com.pk/thumbnails/647763440-600x450.jpeg,,,,,,6.0,Hatchback,1000-1300cc,2026-09-23,nissan march|2007|18.0|193000,False,2026-09-23T13:58,False,18.0,,,1800000.0
12039803,PakWheels,Suzuki Alto,G,2011,18.5,320000.0,Automatic,Islamabad,Islamabad,,,6.0,6d,core,https://www.pakwheels.com/used-cars/suzuki-alto-2011-for-sale-in-islamabad-12039803,https://cache3.pakwheels.com/ad_pictures/1520/suzuki-alto-g-4-2011-152074414.jpg,Superia White,Islamabad,Imported,Hatchback,660.0,6.0,Hatchback,660cc kei,2026-09-23,suzuki alto|2011|18.5|320000,False,2026-09-23T23:58,False,19.5,1.0,very high mileage,1850000.0
12039664,PakWheels,Suzuki Alto,G,2007,18.8,180000.0,Automatic,Rawalpindi,Rawalpindi,,,7.0,6d,core,https://www.pakwheels.com/used-cars/suzuki-alto-2007-for-sale-in-rawalpindi-12039664,https://cache2.pakwheels.com/ad_pictures/1520/suzuki-alto-g-4-2007-152072125.jpg,White,Islamabad,Imported,Hatchback,660.0,6.0,Hatchback,660cc kei,2026-09-23,suzuki alto|2007|18.8|180000,True,2026-09-23T23:58,False,18.8,,duplicate listing,1880000.0
12039009,PakWheels,Suzuki Alto,G,2006,19.2,212000.0,Automatic,Islamabad,Islamabad,,,12.0,6d,core,https://www.pakwheels.com/used-cars/suzuki-alto-2006-for-sale-in-islamabad-12039009,https://cache2.pakwheels.com/ad_pictures/1520/suzuki-alto-g-4-2006-152061240.jpg,White,Islamabad,Imported,Hatchback,660.0,6.0,Hatchback,660cc kei,2026-09-23,suzuki alto|2006|19.2|212000,False,2026-09-23T19:12,False,19.7,0.5,,1920000.0
1119671024,OLX,Toyota Passo,2008,2008,19.39,230000.0,,Rawalpindi,"Airport Housing Society, Rawalpindi",,,,6d,core,https://www.olx.com.pk/item/-iid-1119671024,https://images.olx.com.pk/thumbnails/647916216-600x450.jpeg,,,,,,6.0,Hatchback,1000-1300cc,2026-09-23,toyota passo|2008|19.39|230000,False,2026-09-24T13:49,False,19.39,,,1939000.0
1118472011,OLX,Daihatsu Mira,2008,2008,20.0,194000.0,,Islamabad,"G-11/3, Islamabad",,,,6d,core,https://www.olx.com.pk/item/-iid-1118472011,https://images.olx.com.pk/thumbnails/648943180-600x450.jpeg,,,,,,6.0,Hatchback,660cc kei,2026-09-23,daihatsu mira|2008|20.0|194000,False,2026-09-24T13:49,False,20.0,,,2000000.0
1119663334,OLX,Toyota Passo,2009,2009,20.0,165000.0,,Rawalpindi,"Liaquat Colony, Rawalpindi",,,,6d,core,https://www.olx.com.pk/item/-iid-1119663334,https://images.olx.com.pk/thumbnails/647873676-600x450.jpeg,,,,,,6.0,Hatchback,1000-1300cc,2026-09-23,toyota passo|2009|20.0|165000,False,2026-09-24T13:49,False,20.0,,,2000000.0
1119646901,OLX,Toyota Vitz,2006,2006,20.0,185000.0,,Islamabad,"F-17, Islamabad",,,,6d,core,https://www.olx.com.pk/item/-iid-1119646901,https://images.olx.com.pk/thumbnails/647777766-600x450.jpeg,,,,,,6.0,Hatchback,1000-1300cc,2026-09-23,toyota vitz|2006|20.0|185000,False,2026-09-24T13:49,False,21.0,1.0,,2000000.0
11895606,PakWheels,Daihatsu Mira,G Smart Drive Package,2013,20.5,165000.0,Automatic,Islamabad,Islamabad,,,7.0,6d,core,https://www.pakwheels.com/used-cars/daihatsu-mira-2013-for-sale-in-islamabad-11895606,https://cache2.pakwheels.com/ad_pictures/1498/daihatsu-mira-g-smart-drive-package-2013-149856573.jpg,White,Sindh,Imported,Hatchback,660.0,6.0,Hatchback,660cc kei,2026-09-23,daihatsu mira|2013|20.5|165000,False,2026-09-23T13:58,False,20.5,,,2050000.0
1119643735,OLX,Toyota Vitz,2005,2005,20.5,,,Islamabad,"B-17, Islamabad",,,,6d,core,https://www.olx.com.pk/item/-iid-1119643735,https://images.olx.com.pk/thumbnails/647758336-600x450.jpeg,,,,,,6.0,Hatchback,1000-1300cc,2026-09-23,toyota vitz|2005|20.5|-1,False,2026-09-23T13:58,False,20.5,,,2050000.0
1117506834,OLX,Toyota Vitz,2005,2005,20.95,98000.0,,Islamabad,"G-8/1, Islamabad",,,,6d,core,https://www.olx.com.pk/item/-iid-1117506834,https://images.olx.com.pk/thumbnails/636100996-600x450.jpeg,,,,,,6.0,Hatchback,1000-1300cc,2026-09-23,toyota vitz|2005|20.95|98000,False,2026-09-24T13:49,False,20.95,,,2095000.0
11978349,PakWheels,Daihatsu Mira ES,,2012,21.0,97000.0,Automatic,Islamabad,Islamabad,,,6.0,6d,core,https://www.pakwheels.com/used-cars/daihatsu-mira-2012-for-sale-in-islamabad-11978349,https://cache1.pakwheels.com/ad_pictures/1511/daihatsu-mira-es-2012-151125521.jpg,Black,Lahore,Imported,Hatchback,660.0,6.0,Hatchback,660cc kei,2026-09-23,daihatsu mira es|2012|21.0|97000,False,2026-09-16T23:49,False,21.5,0.5,,2100000.0
1119668822,OLX,Toyota Passo,2008,2008,21.8,150000.0,,Rawalpindi,"Dheri Hassanabad, Rawalpindi",,,,6d,core,https://www.olx.com.pk/item/-iid-1119668822,https://images.olx.com.pk/thumbnails/647904122-600x450.jpeg,,,,,,6.0,Hatchback,1000-1300cc,2026-09-23,toyota passo|2008|21.8|150000,False,2026-09-24T13:49,False,21.8,,,2180000.0
12040771,PakWheels,Suzuki Alto,E,2011,22.0,124000.0,Automatic,Islamabad,Islamabad,,,10.0,6d,core,https://www.pakwheels.com/used-cars/suzuki-alto-2011-for-sale-in-islamabad-12040771,https://cache2.pakwheels.com/ad_pictures/1520/suzuki-alto-e-2011-152086693.jpg,White,Sindh,Local,Hatchback,660.0,6.0,Hatchback,660cc kei,2026-09-23,suzuki alto|2011|22.0|124000,False,2026-09-24T13:49,False,22.0,,,2200000.0
1119606987,OLX,Daihatsu Boon,2007,2007,22.0,130000.0,,Rawalpindi,"Millat Colony, Rawalpindi",,,,6d,core,https://www.olx.com.pk/item/-iid-1119606987,https://images.olx.com.pk/thumbnails/647786074-600x450.jpeg,,,,,,6.0,Hatchback,1000-1300cc,2026-09-23,daihatsu boon|2007|22.0|130000,False,2026-09-23T13:58,False,22.0,,,2200000.0
1119636261,OLX,Daihatsu Mira,2015,2015,22.5,12345.0,,Rawalpindi,"Snober City, Rawalpindi",,,,6d,core,https://www.olx.com.pk/item/-iid-1119636261,https://images.olx.com.pk/thumbnails/647712506-600x450.jpeg,,,,,,6.0,Hatchback,660cc kei,2026-09-23,daihatsu mira|2015|22.5|12345,False,2026-09-23T13:58,False,22.5,,,2250000.0
12037939,PakWheels,Suzuki Alto,ECO L,2014,22.6,112000.0,Automatic,Rawalpindi,Rawalpindi,,,14.0,6d,core,https://www.pakwheels.com/used-cars/suzuki-alto-2014-for-sale-in-rawalpindi-12037939,https://cache2.pakwheels.com/ad_pictures/1520/suzuki-alto-eco-l-2014-152043526.jpg,Maroon,Islamabad,Imported,Hatchback,660.0,6.0,Hatchback,660cc kei,2026-09-23,suzuki alto|2014|22.6|112000,False,2026-09-23T19:12,False,22.6,,,2260000.0
12037487,PakWheels,Daihatsu Mira,L,2009,23.0,122721.0,Automatic,Islamabad,Islamabad,,,9.0,6d,core,https://www.pakwheels.com/used-cars/daihatsu-mira-2009-for-sale-in-islamabad-12037487,https://cache2.pakwheels.com/ad_pictures/1520/daihatsu-mira-l-4-2009-152036716.jpg,Silver,Islamabad,Imported,Hatchback,660.0,6.0,Hatchback,660cc kei,2026-09-23,daihatsu mira|2009|23.0|122721,False,2026-09-23T19:12,False,23.0,,,2300000.0
11912173,PakWheels,Mazda Flair,,2014,23.0,45000.0,Automatic,Rawalpindi,Rawalpindi,,,15.0,6d,core,https://www.pakwheels.com/used-cars/mazda-flair-2014-for-sale-in-rawalpindi-11912173,https://cache1.pakwheels.com/ad_pictures/1501/mazda-flair-2014-150113029.jpg,White,Islamabad,Imported,,660.0,6.0,Tall-boy,660cc kei,2026-09-23,mazda flair|2014|23.0|45000,False,2026-08-26T18:31,False,23.75,0.75,,2300000.0
12038305,PakWheels,Daihatsu Mira ES,,2012,23.2,140000.0,Automatic,Islamabad,Islamabad,,,20.0,6d,core,https://www.pakwheels.com/used-cars/daihatsu-mira-2012-for-sale-in-islamabad-12038305,https://cache3.pakwheels.com/ad_pictures/1520/daihatsu-mira-es-2012-152050317.jpg,Silver,Sindh,Imported,Hatchback,660.0,6.0,Hatchback,660cc kei,2026-09-23,daihatsu mira es|2012|23.2|140000,False,2026-09-23T19:12,False,23.2,,,2320000.0
12037354,PakWheels,Suzuki Alto,ECO L,2014,23.5,84506.0,Automatic,Rawalpindi,Rawalpindi,,,17.0,6d,core,https://www.pakwheels.com/used-cars/suzuki-alto-2014-for-sale-in-rawalpindi-12037354,https://cache3.pakwheels.com/ad_pictures/1520/suzuki-alto-eco-l-2014-152034588.jpg,White,Islamabad,Imported,Hatchback,660.0,6.0,Hatchback,660cc kei,2026-09-23,suzuki alto|2014|23.5|84506,False,2026-09-23T13:58,False,23.5,,,2350000.0
12038198,PakWheels,Mazda Carol,GS4,2011,23.6,92200.0,Automatic,Islamabad,Islamabad,,,16.0,6d,core,https://www.pakwheels.com/used-cars/mazda-carol-2011-for-sale-in-islamabad-12038198,https://cache4.pakwheels.com/ad_pictures/1520/mazda-carol-gs4-2011-152047620.jpg,Maroon,Islamabad,Imported,Hatchback,660.0,6.0,Hatchback,660cc kei,2026-09-23,mazda carol|2011|23.6|92200,False,2026-09-23T19:12,False,23.6,,,2360000.0
12036600,PakWheels,Suzuki Spacia,X,2014,24.0,152000.0,Automatic,Islamabad,Islamabad,,,4.0,6d,core,https://www.pakwheels.com/used-cars/suzuki-spacia-2014-for-sale-in-islamabad-12036600,https://cache3.pakwheels.com/ad_pictures/1520/suzuki-spacia-x-32-2014-152023063.jpg,Black,Islamabad,Imported,Station Wagon,660.0,6.0,Tall-boy,660cc kei,2026-09-23,suzuki spacia|2014|24.0|152000,False,2026-09-23T13:58,False,24.0,,,2400000.0
12036309,PakWheels,Daihatsu Mira ES,,2013,24.0,138000.0,Automatic,Rawalpindi,Rawalpindi,,,7.0,6d,core,https://www.pakwheels.com/used-cars/daihatsu-mira-2013-for-sale-in-rawalpindi-12036309,https://cache1.pakwheels.com/ad_pictures/1520/daihatsu-mira-es-2013-152018857.jpg,Indigo,Islamabad,Imported,Hatchback,660.0,6.0,Hatchback,660cc kei,2026-09-23,daihatsu mira es|2013|24.0|138000,False,2026-09-23T13:58,False,24.0,,,2400000.0
1118090626,OLX,Toyota Passo,"2011, Exchange possible with 660cc japenese car",2011,24.5,150000.0,,Islamabad,"Gulshan-e-Khudadad, Islamabad",,,,6d,core,https://www.olx.com.pk/item/-iid-1118090626,https://images.olx.com.pk/thumbnails/638516699-600x450.jpeg,,,,,,6.0,Hatchback,1000-1300cc,2026-09-23,toyota passo|2011|24.5|150000,False,2026-09-23T13:58,False,24.5,,,2450000.0
12036447,PakWheels,Suzuki Alto,E,2011,24.75,144000.0,Automatic,Islamabad,Islamabad,,,16.0,6d,core,https://www.pakwheels.com/used-cars/suzuki-alto-2011-for-sale-in-islamabad-12036447,https://cache4.pakwheels.com/ad_pictures/1520/suzuki-alto-e-2011-152020866.jpg,White,Rawalpindi,Imported,Hatchback,660.0,6.0,Hatchback,660cc kei,2026-09-23,suzuki alto|2011|24.75|144000,False,2026-09-23T13:58,False,24.75,,,2475000.0
12040795,PakWheels,Suzuki Alto,VXR,2021,25.0,62000.0,Manual,Rawalpindi,Rawalpindi,,,6.0,6d,core,https://www.pakwheels.com/used-cars/suzuki-alto-2021-for-sale-in-rawalpindi-12040795,https://cache4.pakwheels.com/ad_pictures/1520/suzuki-alto-vxr-2-2021-152086970.jpg,White,Punjab,Imported,Hatchback,660.0,6.0,Hatchback,660cc kei,2026-09-23,suzuki alto|2021|25.0|62000,False,2026-09-24T13:49,False,25.0,,,2500000.0
11603130,PakWheels,Toyota Passo,1 0 X,2009,25.0,121226.0,Automatic,Islamabad,Islamabad,,,11.0,6d,core,https://www.pakwheels.com/used-cars/toyota-passo-2009-for-sale-in-islamabad-11603130,https://cache2.pakwheels.com/ad_pictures/1453/toyota-passo-1-0-x-2009-145397998.jpg,Snow White,Punjab,Imported,Hatchback,1000.0,6.0,Hatchback,1000-1300cc,2026-09-23,toyota passo|2009|25.0|121226,False,2026-09-23T13:58,False,25.0,,,2500000.0
1119656739,OLX,Nissan Dayz,Highway Star 2013,2013,25.0,90000.0,,Rawalpindi,"Faizabad, Rawalpindi",,,,6d,core,https://www.olx.com.pk/item/-iid-1119656739,https://images.olx.com.pk/thumbnails/647836543-600x450.jpeg,,,,,,6.0,Hatchback,660cc kei,2026-09-23,nissan dayz|2013|25.0|90000,True,2026-09-24T13:49,False,25.0,,duplicate listing,2500000.0
12039139,PakWheels,Suzuki Alto,VX,2022,25.2,98000.0,Manual,Rawalpindi,Rawalpindi,,,4.0,6d,core,https://www.pakwheels.com/used-cars/suzuki-alto-2022-for-sale-in-rawalpindi-12039139,https://cache1.pakwheels.com/ad_pictures/1520/suzuki-alto-vx-14-2022-152063826.jpg,Silver,Islamabad,Local,Hatchback,660.0,6.0,Hatchback,660cc kei,2026-09-23,suzuki alto|2022|25.2|98000,False,2026-09-23T19:12,False,25.2,,,2520000.0
11875284,PakWheels,Suzuki Wagon R,FX Limited,2015,25.25,68000.0,Automatic,Islamabad,Islamabad,,,7.0,6d,core,https://www.pakwheels.com/used-cars/suzuki-wagon-r-2015-for-sale-in-islamabad-11875284,https://cache2.pakwheels.com/ad_pictures/1495/suzuki-wagon-r-fx-limited-2015-149547352.jpg,Black,Islamabad,Imported,Hatchback,660.0,6.0,Tall-boy,660cc kei,2026-09-23,suzuki wagon r|2015|25.25|68000,False,2026-09-16T13:58,False,25.25,,,2525000.0
12039395,PakWheels,Suzuki Alto,VXR,2022,25.5,110000.0,Manual,Rawalpindi,Rawalpindi,,,6.0,6d,core,https://www.pakwheels.com/used-cars/suzuki-alto-2022-for-sale-in-rawalpindi-12039395,https://cache3.pakwheels.com/ad_pictures/1520/suzuki-alto-vxr-2-2022-152067120.jpg,White,Punjab,Local,Hatchback,660.0,6.0,Hatchback,660cc kei,2026-09-23,suzuki alto|2022|25.5|110000,False,2026-09-23T23:58,False,25.5,,,2550000.0
12037694,PakWheels,Suzuki Alto,VXR,2022,25.85,65102.0,Manual,Islamabad,Islamabad,,,16.0,6d,core,https://www.pakwheels.com/used-cars/suzuki-alto-2022-for-sale-in-islamabad-12037694,https://cache2.pakwheels.com/ad_pictures/1520/suzuki-alto-vxr-2-2022-152039271.jpg,White,Islamabad,Local,Hatchback,660.0,6.0,Hatchback,660cc kei,2026-09-23,suzuki alto|2022|25.85|65102,False,2026-09-23T19:12,False,26.15,0.3,,2585000.0
12038162,PakWheels,Suzuki Alto,VXL,2019,25.95,113000.0,Automatic,Rawalpindi,Rawalpindi,,,17.0,6d,core,https://www.pakwheels.com/used-cars/suzuki-alto-2019-for-sale-in-rawalpindi-12038162,https://cache3.pakwheels.com/ad_pictures/1520/suzuki-alto-vxl-2-2019-152048041.jpg,Silver,Islamabad,Local,Hatchback,660.0,6.0,Hatchback,660cc kei,2026-09-23,suzuki alto|2019|25.95|113000,False,2026-09-23T19:12,False,26.5,0.55,,2595000.0
1119634814,OLX,Toyota Passo,2011,2011,26.5,165000.0,,Islamabad,"I-16, Islamabad",,,,6d,core,https://www.olx.com.pk/item/-iid-1119634814,https://images.olx.com.pk/thumbnails/647704475-600x450.jpeg,,,,,,6.0,Hatchback,1000-1300cc,2026-09-23,toyota passo|2011|26.5|165000,False,2026-09-23T13:58,False,26.5,,,2650000.0
12036945,PakWheels,Suzuki Alto,VXR,2022,27.0,72000.0,Manual,Islamabad,Islamabad,,,20.0,6d,core,https://www.pakwheels.com/used-cars/suzuki-alto-2022-for-sale-in-islamabad-12036945,https://cache4.pakwheels.com/ad_pictures/1520/suzuki-alto-vxr-2-2022-152027891.jpg,Silver,Punjab,Local,Hatchback,660.0,6.0,Hatchback,660cc kei,2026-09-23,suzuki alto|2022|27.0|72000,False,2026-09-23T19:12,False,27.0,,,2700000.0
1119663616,OLX,Suzuki Alto,2022,2022,27.0,93000.0,,Rawalpindi,"Airport Housing Society, Rawalpindi",,,,6d,core,https://www.olx.com.pk/item/-iid-1119663616,https://images.olx.com.pk/thumbnails/647875249-600x450.jpeg,,,,,,6.0,Hatchback,660cc kei,2026-09-23,suzuki alto|2022|27.0|93000,False,2026-09-24T13:49,False,27.0,,,2700000.0
12039210,PakWheels,Suzuki Alto,VXR,2022,27.25,60000.0,Manual,Islamabad,Islamabad,,,10.0,6d,core,https://www.pakwheels.com/used-cars/suzuki-alto-2022-for-sale-in-islamabad-12039210,https://cache1.pakwheels.com/ad_pictures/1520/suzuki-alto-vxr-2-2022-152065459.jpg,White,Islamabad,Local,Hatchback,660.0,6.0,Hatchback,660cc kei,2026-09-23,suzuki alto|2022|27.25|60000,False,2026-09-23T19:12,False,27.25,,,2725000.0
11840295,PakWheels,Suzuki Alto,F,2017,27.5,105000.0,Automatic,Islamabad,Islamabad,,,17.0,6d,core,https://www.pakwheels.com/used-cars/suzuki-alto-2017-for-sale-in-islamabad-11840295,https://cache1.pakwheels.com/ad_pictures/1490/suzuki-alto-f-2-2017-149013558.jpg,Burgundy,Islamabad,Imported,Hatchback,660.0,6.0,Hatchback,660cc kei,2026-09-23,suzuki alto|2017|27.5|105000,False,2026-09-23T13:58,False,27.5,,,2750000.0
12036962,PakWheels,Suzuki Alto,VXR,2022,27.5,68000.0,Manual,Islamabad,Islamabad,,,5.0,6d,core,https://www.pakwheels.com/used-cars/suzuki-alto-2022-for-sale-in-islamabad-12036962,https://cache4.pakwheels.com/ad_pictures/1520/suzuki-alto-vxr-2-2022-152028478.jpg,White,Islamabad,Local,Hatchback,660.0,6.0,Hatchback,660cc kei,2026-09-23,suzuki alto|2022|27.5|68000,False,2026-09-23T13:58,False,27.5,,,2750000.0
1119636212,OLX,Toyota Passo,(HAANA) 2013,2013,27.95,145000.0,,Islamabad,"F-8, Islamabad",,,,6d,core,https://www.olx.com.pk/item/-iid-1119636212,https://images.olx.com.pk/thumbnails/647712246-600x450.jpeg,,,,,,6.0,Hatchback,1000-1300cc,2026-09-23,toyota passo|2013|27.95|145000,False,2026-09-23T13:58,False,28.2,0.25,,2795000.0
12036701,PakWheels,Suzuki Hustler,X,2017,28.0,65000.0,Automatic,Rawalpindi,Rawalpindi,,,2.0,6d,core,https://www.pakwheels.com/used-cars/suzuki-hustler-2017-for-sale-in-rawalpindi-12036701,https://cache2.pakwheels.com/ad_pictures/1520/suzuki-hustler-x-41-2017-152024874.jpg,Blue,Islamabad,Imported,Hatchback,660.0,6.0,Tall-boy,660cc kei,2026-09-23,suzuki hustler|2017|28.0|65000,True,2026-09-23T13:58,False,28.0,,duplicate listing,2800000.0
12036667,PakWheels,Suzuki Wagon R,VXR,2022,28.0,56000.0,Manual,Islamabad,Islamabad,,,18.0,6d,core,https://www.pakwheels.com/used-cars/suzuki-wagon-r-2022-for-sale-in-islamabad-12036667,https://cache3.pakwheels.com/ad_pictures/1520/suzuki-wagon-r-vxr-2022-152024063.jpg,White,Punjab,Local,Hatchback,1000.0,6.0,Tall-boy,660cc kei,2026-09-23,suzuki wagon r|2022|28.0|56000,False,2026-09-23T13:58,False,28.99,0.99,,2800000.0
1119628424,OLX,Suzuki Hustler,2017,2017,28.0,65000.0,,Rawalpindi,"Bahria Intellectual Village, Rawalpindi",,,,6d,core,https://www.olx.com.pk/item/-iid-1119628424,https://images.olx.com.pk/thumbnails/647665738-600x450.jpeg,,,,,,6.0,Tall-boy,660cc kei,2026-09-23,suzuki hustler|2017|28.0|65000,True,2026-09-23T13:58,False,28.0,,duplicate listing,2800000.0
12035860,PakWheels,Suzuki Wagon R,,2017,28.5,105000.0,Automatic,Islamabad,Islamabad,,,20.0,6d,core,https://www.pakwheels.com/used-cars/suzuki-wagon-r-2017-for-sale-in-islamabad-12035860,https://cache4.pakwheels.com/ad_pictures/1520/suzuki-wagon-r-2017-152013129.jpg,Burgundy,Islamabad,Imported,,660.0,6.0,Tall-boy,660cc kei,2026-09-23,suzuki wagon r|2017|28.5|105000,False,2026-09-23T13:58,False,28.5,,,2850000.0
12038284,PakWheels,Suzuki Alto,VXR,2023,28.7,50000.0,Manual,Rawalpindi,Rawalpindi,,,12.0,6d,core,https://www.pakwheels.com/used-cars/suzuki-alto-2023-for-sale-in-rawalpindi-12038284,https://cache3.pakwheels.com/ad_pictures/1520/suzuki-alto-vxr-2-2023-152050502.jpg,White,Islamabad,Local,Hatchback,660.0,6.0,Hatchback,660cc kei,2026-09-23,suzuki alto|2023|28.7|50000,False,2026-09-23T19:12,False,28.7,,,2870000.0
12039767,PakWheels,Suzuki Alto,VXL,2022,29.4,50000.0,Automatic,Islamabad,Islamabad,,,4.0,6d,core,https://www.pakwheels.com/used-cars/suzuki-alto-2022-for-sale-in-islamabad-12039767,https://cache2.pakwheels.com/ad_pictures/1520/suzuki-alto-vxl-2-2022-152073713.jpg,White,Islamabad,Local,Hatchback,660.0,6.0,Hatchback,660cc kei,2026-09-23,suzuki alto|2022|29.4|50000,False,2026-09-23T23:58,False,29.4,,,2940000.0
12039292,PakWheels,Suzuki Wagon R,T,2014,29.5,188686.0,Automatic,Islamabad,Islamabad,,,9.0,6d,core,https://www.pakwheels.com/used-cars/suzuki-wagon-r-2014-for-sale-in-islamabad-12039292,https://cache1.pakwheels.com/ad_pictures/1520/suzuki-wagon-r-t-4-2014-152066263.jpg,White,Islamabad,Imported,Hatchback,660.0,6.0,Tall-boy,660cc kei,2026-09-23,suzuki wagon r|2014|29.5|188686,False,2026-09-23T23:58,False,29.5,,,2950000.0
12039448,PakWheels,Suzuki Swift,DLX Automatic 1 3 Navigation,2018,29.5,130000.0,Automatic,Islamabad,Islamabad,,,10.0,6d,core,https://www.pakwheels.com/used-cars/suzuki-swift-2018-for-sale-in-islamabad-12039448,https://cache3.pakwheels.com/ad_pictures/1520/suzuki-swift-dlx-automatic-1-3-navigation-2018-152069312.jpg,White,Islamabad,Local,Hatchback,1300.0,6.0,Hatchback,1000-1300cc,2026-09-23,suzuki swift|2018|29.5|130000,False,2026-09-23T23:58,False,29.5,,,2950000.0
12007492,PakWheels,Suzuki Wagon R,VXL,2022,29.99,36142.0,Manual,Rawalpindi,Rawalpindi,,9.5,8.0,6d,core,https://www.pakwheels.com/used-cars/suzuki-wagon-r-2022-for-sale-in-rawalpindi-12007492,https://cache2.pakwheels.com/ad_pictures/1515/suzuki-wagon-r-vxl-2022-151574368.jpg,White,Islamabad,Local,Hatchback,1000.0,6.0,Tall-boy,660cc kei,2026-09-23,suzuki wagon r|2022|29.99|36142,False,2026-09-25T19:34,False,29.99,,,2999000.0
12039203,PakWheels,Honda N One,G,2016,30.0,160000.0,Automatic,Islamabad,Islamabad,,,2.0,6d,core,https://www.pakwheels.com/used-cars/honda-n-one-2016-for-sale-in-islamabad-12039203,https://cache3.pakwheels.com/ad_pictures/1520/honda-none-g-2016-152065414.jpg,Turquoise,Abbottabad,Imported,Hatchback,660.0,6.0,Tall-boy,660cc kei,2026-09-23,honda n one|2016|30.0|160000,False,2026-09-23T19:12,False,30.0,,,3000000.0
12033895,PakWheels,Suzuki Alto,,1993,6.8,156000.0,Manual,Islamabad,Islamabad,,,13.0,7d,core,https://www.pakwheels.com/used-cars/suzuki-alto-1993-for-sale-in-islamabad-12033895,https://cache1.pakwheels.com/ad_pictures/1519/suzuki-alto-1993-151981597.jpg,Grey,Sindh,Local,,660.0,7.0,Hatchback,660cc kei,2026-09-22,suzuki alto|1993|6.8|156000,False,2026-09-22T19:01,False,6.8,,,680000.0
1119632856,OLX,Daihatsu Mira,L500,2000,9.0,120000.0,,Islamabad,"I-10/2, Islamabad",,,,1w,core,https://www.olx.com.pk/item/-iid-1119632856,https://images.olx.com.pk/thumbnails/647692585-600x450.jpeg,,,,,,7.0,Hatchback,660cc kei,2026-09-22,daihatsu mira|2000|9.0|120000,False,2026-09-23T13:58,False,9.0,,,900000.0
12034194,PakWheels,Honda Life,,1999,12.0,195000.0,Manual,Islamabad,Islamabad,,,10.0,7d,core,https://www.pakwheels.com/used-cars/honda-life-1999-for-sale-in-islamabad-12034194,https://cache3.pakwheels.com/ad_pictures/1519/honda-life-1999-151987246.jpg,White,Islamabad,Local,,660.0,7.0,Hatchback,660cc kei,2026-09-22,honda life|1999|12.0|195000,False,2026-09-22T19:01,False,12.0,,,1200000.0
12032091,PakWheels,Suzuki Alto,VXR,2012,12.2,178000.0,Manual,Islamabad,Islamabad,,,7.0,7d,core,https://www.pakwheels.com/used-cars/suzuki-alto-2012-for-sale-in-islamabad-12032091,https://cache2.pakwheels.com/ad_pictures/1519/suzuki-alto-vxr-2-2012-151951440.jpg,Silver,Punjab,Local,Hatchback,1000.0,7.0,Hatchback,660cc kei,2026-09-22,suzuki alto|2012|12.2|178000,False,2026-09-22T13:57,False,12.2,,,1220000.0
12036220,PakWheels,Suzuki Alto,GII,2007,12.5,300000.0,Automatic,Islamabad,Islamabad,,,5.0,7d,core,https://www.pakwheels.com/used-cars/suzuki-alto-2007-for-sale-in-islamabad-12036220,https://cache2.pakwheels.com/ad_pictures/1520/suzuki-alto-gii-2007-152017608.jpg,Red,Peshawar,Imported,Hatchback,660.0,7.0,Hatchback,660cc kei,2026-09-22,suzuki alto|2007|12.5|300000,False,2026-09-23T13:58,False,12.5,,,1250000.0
1100887735,OLX,Daihatsu Mira,1999,1999,13.0,1234.0,,Islamabad,"Ibn-e-Sina Road, Islamabad",,,,1w,core,https://www.olx.com.pk/item/-iid-1100887735,https://images.olx.com.pk/thumbnails/535616179-600x450.jpeg,,,,,,7.0,Hatchback,660cc kei,2026-09-22,daihatsu mira|1999|13.0|1234,False,2026-09-21T14:18,False,13.0,,mileage implausibly low,1300000.0
11660476,PakWheels,Suzuki Alto,X,2006,13.15,66000.0,Automatic,Islamabad,Islamabad,,,20.0,7d,core,https://www.pakwheels.com/used-cars/suzuki-alto-2006-for-sale-in-islamabad-11660476,https://cache4.pakwheels.com/ad_pictures/1462/suzuki-alto-x-9-2006-146252710.jpg,White,Punjab,Imported,Hatchback,660.0,7.0,Hatchback,660cc kei,2026-09-22,suzuki alto|2006|13.15|66000,False,2026-08-27T13:18,False,13.15,,,1315000.0
11988670,PakWheels,Suzuki Kei,,2002,15.5,130000.0,Manual,Islamabad,Islamabad,,,11.0,7d,core,https://www.pakwheels.com/used-cars/suzuki-kei-2002-for-sale-in-islamabad-11988670,https://cache3.pakwheels.com/ad_pictures/1512/suzuki-kei-2002-151283738.jpg,Black,Punjab,Imported,,660.0,7.0,Hatchback,660cc kei,2026-09-22,suzuki kei|2002|15.5|130000,True,2026-09-12T17:49,False,15.5,,duplicate listing,1550000.0
12034856,PakWheels,Suzuki Alto,Lepo,2000,15.5,51000.0,Automatic,Islamabad,Islamabad,,,6.0,7d,core,https://www.pakwheels.com/used-cars/suzuki-alto-2000-for-sale-in-islamabad-12034856,https://cache2.pakwheels.com/ad_pictures/1519/suzuki-alto-lepo-2000-151998749.jpg,Grey,Islamabad,Imported,Hatchback,660.0,7.0,Hatchback,660cc kei,2026-09-22,suzuki alto|2000|15.5|51000,False,2026-09-22T23:42,False,15.5,,,1550000.0
1117299262,OLX,Nissan March,2006,2006,15.5,180000.0,,Islamabad,"G-8 Markaz, Islamabad",,,,1w,core,https://www.olx.com.pk/item/-iid-1117299262,https://images.olx.com.pk/thumbnails/633893531-600x450.jpeg,,,,,,7.0,Hatchback,1000-1300cc,2026-09-22,nissan march|2006|15.5|180000,False,2026-09-21T14:18,False,15.5,,,1550000.0
1119555981,OLX,Daihatsu Mira,2008,2008,16.89,102000.0,,Rawalpindi,"Khayaban-e-Sir Syed, Rawalpindi",,,,1w,core,https://www.olx.com.pk/item/-iid-1119555981,https://images.olx.com.pk/thumbnails/647232454-600x450.jpeg,,,,,,7.0,Hatchback,660cc kei,2026-09-22,daihatsu mira|2008|16.89|102000,False,2026-09-21T14:18,False,16.89,,,1689000.0
12035242,PakWheels,Mitsubishi i,G,2008,16.9,100000.0,Automatic,Islamabad,Islamabad,,,11.0,7d,core,https://www.pakwheels.com/used-cars/mitsubishi-i-2008-for-sale-in-islamabad-12035242,https://cache3.pakwheels.com/ad_pictures/1520/mitsubishi-i-g-49-2008-152004589.jpg,Red,Islamabad,Imported,Hatchback,660.0,7.0,Hatchback,660cc kei,2026-09-22,mitsubishi i|2008|16.9|100000,False,2026-09-22T23:42,False,16.9,,,1690000.0
1119295953,OLX,Daihatsu Mira,Mira 2008/2010,2008,17.3,170000.0,,Islamabad,"E-8, Islamabad",,,,1w,core,https://www.olx.com.pk/item/-iid-1119295953,https://images.olx.com.pk/thumbnails/645684194-600x450.jpeg,,,,,,7.0,Hatchback,660cc kei,2026-09-22,daihatsu mira|2008|17.3|170000,False,2026-09-23T13:58,False,17.3,,,1730000.0
1119516664,OLX,Daihatsu Tanto,2007,2007,18.25,200000.0,,Islamabad,"I-10, Islamabad",,,,1w,core,https://www.olx.com.pk/item/-iid-1119516664,https://images.olx.com.pk/thumbnails/647001232-600x450.jpeg,,,,,,7.0,Tall-boy,660cc kei,2026-09-22,daihatsu tanto|2007|18.25|200000,True,2026-09-20T13:58,False,18.25,,duplicate listing,1825000.0
12034650,PakWheels,Mazda Carol,GII,2008,18.5,180000.0,Automatic,Islamabad,Islamabad,,,7.0,7d,core,https://www.pakwheels.com/used-cars/mazda-carol-2008-for-sale-in-islamabad-12034650,https://cache2.pakwheels.com/ad_pictures/1519/mazda-carol-gii-2-2008-151994689.jpg,White,Islamabad,Imported,Hatchback,660.0,7.0,Hatchback,660cc kei,2026-09-22,mazda carol|2008|18.5|180000,False,2026-09-22T19:01,False,19.0,0.5,,1850000.0
12032382,PakWheels,Daihatsu Mira,L,2007,18.5,228000.0,Automatic,Islamabad,Islamabad,,,5.0,7d,core,https://www.pakwheels.com/used-cars/daihatsu-mira-2007-for-sale-in-islamabad-12032382,https://cache4.pakwheels.com/ad_pictures/1519/daihatsu-mira-l-10-2007-151955853.jpg,White,Punjab,Imported,Hatchback,660.0,7.0,Hatchback,660cc kei,2026-09-22,daihatsu mira|2007|18.5|228000,False,2026-09-22T13:57,False,18.5,,,1850000.0
11991492,PakWheels,Suzuki Alto,EII,2008,19.5,137000.0,Automatic,Islamabad,Islamabad,,,16.0,7d,core,https://www.pakwheels.com/used-cars/suzuki-alto-2008-for-sale-in-islamabad-11991492,https://cache4.pakwheels.com/ad_pictures/1513/suzuki-alto-eii-2008-151325424.jpg,White,Islamabad,Imported,Hatchback,660.0,7.0,Hatchback,660cc kei,2026-09-22,suzuki alto|2008|19.5|137000,False,2026-09-13T13:42,False,19.75,0.25,,1950000.0
12033266,PakWheels,Suzuki Palette,SW Limited,2012,19.8,900000.0,Automatic,Islamabad,Islamabad,,,17.0,7d,core,https://www.pakwheels.com/used-cars/suzuki-palette-2012-for-sale-in-islamabad-12033266,https://cache4.pakwheels.com/ad_pictures/1519/suzuki-palette-sw-limited-2012-151970979.jpg,Black,Lahore,Imported,Hatchback,660.0,7.0,Tall-boy,660cc kei,2026-09-22,suzuki palette|2012|19.8|900000,False,2026-09-22T19:01,False,19.8,,very high mileage,1980000.0
1119480979,OLX,Honda Life,for sale,2013,20.0,200000.0,,Islamabad,"Ghauri Town Phase 5, Islamabad",,,,1w,core,https://www.olx.com.pk/item/-iid-1119480979,https://images.olx.com.pk/thumbnails/646784333-600x450.jpeg,,,,,,7.0,Hatchback,660cc kei,2026-09-22,honda life|2013|20.0|200000,False,2026-09-19T13:27,False,20.0,,,2000000.0
1119631789,OLX,Toyota Passo,2009,2009,20.35,90000.0,,Islamabad,"British Homes Colony, Islamabad",,,,1w,core,https://www.olx.com.pk/item/-iid-1119631789,https://images.olx.com.pk/thumbnails/647686052-600x450.jpeg,,,,,,7.0,Hatchback,1000-1300cc,2026-09-22,toyota passo|2009|20.35|90000,False,2026-09-23T13:58,False,20.35,,,2035000.0
1119623494,OLX,Suzuki Jimny,2009,2009,21.0,,,Attock,"Kamra, Attock",,,,1w,near,https://www.olx.com.pk/item/-iid-1119623494,https://images.olx.com.pk/thumbnails/647637361-600x450.jpeg,,,,,,7.0,Hatchback,660cc kei,2026-09-22,suzuki jimny|2009|21.0|-1,False,2026-09-23T13:58,False,21.0,,outside city - Wah/Taxila/Attock/Jhelum area,2100000.0
1119625798,OLX,Toyota Vitz,2004,2004,21.0,140000.0,,Islamabad,"Ghauri Town, Islamabad",,,,1w,core,https://www.olx.com.pk/item/-iid-1119625798,https://images.olx.com.pk/thumbnails/647650740-600x450.jpeg,,,,,,7.0,Hatchback,1000-1300cc,2026-09-22,toyota vitz|2004|21.0|140000,False,2026-09-23T13:58,False,21.0,,,2100000.0
11988615,PakWheels,Daihatsu Mira ES,,2012,21.5,125000.0,Automatic,Islamabad,Islamabad,,,15.0,7d,core,https://www.pakwheels.com/used-cars/daihatsu-mira-2012-for-sale-in-islamabad-11988615,https://cache3.pakwheels.com/ad_pictures/1512/daihatsu-mira-es-2012-151282831.jpg,Silver,Rawalpindi,Imported,Hatchback,660.0,7.0,Hatchback,660cc kei,2026-09-22,daihatsu mira es|2012|21.5|125000,False,2026-09-12T17:49,False,22.5,1.0,,2150000.0
11969738,PakWheels,Nissan Moco,X Idling Stop,2013,21.8,100000.0,Automatic,Islamabad,Islamabad,,,8.0,7d,core,https://www.pakwheels.com/used-cars/nissan-moco-2013-for-sale-in-islamabad-11969738,https://cache3.pakwheels.com/ad_pictures/1509/nissan-moco-x-idling-stop-4-2013-150990226.jpg,White,Islamabad,Imported,Hatchback,660.0,7.0,Hatchback,660cc kei,2026-09-22,nissan moco|2013|21.8|100000,False,2026-09-08T18:29,False,22.0,0.2,,2180000.0
1119488525,OLX,Daihatsu Mira,2014,2014,22.5,178000.0,,Rawalpindi,"Sadiqabad, Rawalpindi",,,,1w,core,https://www.olx.com.pk/item/-iid-1119488525,https://images.olx.com.pk/thumbnails/646831092-600x450.jpeg,,,,,,7.0,Hatchback,660cc kei,2026-09-22,daihatsu mira|2014|22.5|178000,True,2026-09-20T13:58,False,22.5,,duplicate listing,2250000.0
12034239,PakWheels,Subaru Pleo,,2012,22.8,88000.0,Automatic,Islamabad,Islamabad,,,10.0,7d,core,https://www.pakwheels.com/used-cars/subaru-pleo-2012-for-sale-in-islamabad-12034239,https://cache1.pakwheels.com/ad_pictures/1519/subaru-pleo-2012-151987284.jpg,White,Punjab,Imported,,660.0,7.0,Hatchback,660cc kei,2026-09-22,subaru pleo|2012|22.8|88000,False,2026-09-22T19:01,False,22.8,,,2280000.0
1119528123,OLX,Nissan Dayz,2014 Import 2017,2014,23.0,100000.0,,Islamabad,"Airport Avenue Housing Society, Islamabad",,,,1w,core,https://www.olx.com.pk/item/-iid-1119528123,https://images.olx.com.pk/thumbnails/647070061-600x450.jpeg,,,,,,7.0,Hatchback,660cc kei,2026-09-22,nissan dayz|2014|23.0|100000,True,2026-09-21T14:18,False,23.0,,duplicate listing,2300000.0
12032993,PakWheels,Suzuki Wagon R,VXL,2016,23.5,86000.0,Manual,Islamabad,Islamabad,,,7.0,7d,core,https://www.pakwheels.com/used-cars/suzuki-wagon-r-2016-for-sale-in-islamabad-12032993,https://cache4.pakwheels.com/ad_pictures/1519/suzuki-wagon-r-vxl-2016-151966111.jpg,Gold,Islamabad,Local,Hatchback,1000.0,7.0,Tall-boy,660cc kei,2026-09-22,suzuki wagon r|2016|23.5|86000,False,2026-09-22T19:01,False,23.5,,,2350000.0
1118129242,OLX,Daihatsu Mira,2012,2012,23.5,113000.0,,Rawalpindi,"Janjua Town, Rawalpindi",,,,1w,core,https://www.olx.com.pk/item/-iid-1118129242,https://images.olx.com.pk/thumbnails/638740522-600x450.jpeg,,,,,,7.0,Hatchback,660cc kei,2026-09-22,daihatsu mira|2012|23.5|113000,False,2026-09-20T13:58,False,23.5,,,2350000.0
12034281,PakWheels,Suzuki Wagon R,,2011,23.6,180000.0,Automatic,Rawalpindi,Rawalpindi,,,8.0,7d,core,https://www.pakwheels.com/used-cars/suzuki-wagon-r-2011-for-sale-in-rawalpindi-12034281,https://cache4.pakwheels.com/ad_pictures/1519/suzuki-wagon-r-2011-151987999.jpg,White,Islamabad,Imported,,660.0,7.0,Tall-boy,660cc kei,2026-09-22,suzuki wagon r|2011|23.6|180000,False,2026-09-22T19:01,False,23.6,,,2360000.0
1119488290,OLX,Daihatsu Mira,,2011,23.75,82369.0,,Rawalpindi,"KRL Road, Rawalpindi",,,,1w,core,https://www.olx.com.pk/item/-iid-1119488290,https://images.olx.com.pk/thumbnails/648151102-600x450.jpeg,,,,,,7.0,Hatchback,660cc kei,2026-09-22,daihatsu mira|2011|23.75|82369,False,2026-09-20T13:58,False,24.2,0.45,,2375000.0
1117103093,OLX,Nissan Dayz,highway star 2018 registered,2014,24.0,140000.0,,Attock,"Attock Road, Attock",,,,1w,near,https://www.olx.com.pk/item/-iid-1117103093,https://images.olx.com.pk/thumbnails/632731636-600x450.jpeg,,,,,,7.0,Hatchback,660cc kei,2026-09-22,nissan dayz|2014|24.0|140000,False,2026-09-22T13:57,False,24.0,,outside city - Wah/Taxila/Attock/Jhelum area,2400000.0
1119498986,OLX,Nissan Dayz,2013,2013,24.1,104000.0,,Islamabad,"I-14, Islamabad",,,,1w,core,https://www.olx.com.pk/item/-iid-1119498986,https://images.olx.com.pk/thumbnails/646898055-600x450.jpeg,,,,,,7.0,Hatchback,660cc kei,2026-09-22,nissan dayz|2013|24.1|104000,False,2026-09-20T13:58,False,24.1,,,2410000.0
12033233,PakWheels,Suzuki Wagon R,FA,2013,24.5,100000.0,Automatic,Islamabad,Islamabad,,,5.0,7d,core,https://www.pakwheels.com/used-cars/suzuki-wagon-r-2013-for-sale-in-islamabad-12033233,https://cache1.pakwheels.com/ad_pictures/1519/suzuki-wagon-r-fa-2013-151969439.jpg,Pink,Islamabad,Imported,Hatchback,660.0,7.0,Tall-boy,660cc kei,2026-09-22,suzuki wagon r|2013|24.5|100000,False,2026-09-22T19:01,False,24.5,,,2450000.0
1119526632,OLX,Nissan Dayz,Highway Star 2013,2013,24.7,88000.0,,Islamabad,"Marwa Town - Block C, Islamabad",,,,1w,core,https://www.olx.com.pk/item/-iid-1119526632,https://images.olx.com.pk/thumbnails/647061366-600x450.jpeg,,,,,,7.0,Hatchback,660cc kei,2026-09-22,nissan dayz|2013|24.7|88000,True,2026-09-21T14:18,False,24.7,,duplicate listing,2470000.0
1119500497,OLX,Toyota Belta,2007,2007,24.95,132000.0,,Rawalpindi,"Bahria Town Phase 8, Rawalpindi",,,,1w,core,https://www.olx.com.pk/item/-iid-1119500497,https://images.olx.com.pk/thumbnails/646906533-600x450.jpeg,,,,,,7.0,Hatchback,1000-1300cc,2026-09-22,toyota belta|2007|24.95|132000,False,2026-09-20T13:58,False,24.95,,,2495000.0
1119499625,OLX,Toyota Belta,2006,2006,25.0,230000.0,,Islamabad,"H-17, Islamabad",,,,1w,core,https://www.olx.com.pk/item/-iid-1119499625,https://images.olx.com.pk/thumbnails/646901764-600x450.jpeg,,,,,,7.0,Hatchback,1000-1300cc,2026-09-22,toyota belta|2006|25.0|230000,False,2026-09-20T13:58,False,25.0,,,2500000.0
1119552672,OLX,Daihatsu Mira,2012,2012,25.5,68000.0,,Rawalpindi,"Sadiqabad, Rawalpindi",,,,1w,core,https://www.olx.com.pk/item/-iid-1119552672,https://images.olx.com.pk/thumbnails/647213053-600x450.jpeg,,,,,,7.0,Hatchback,660cc kei,2026-09-22,daihatsu mira|2012|25.5|68000,True,2026-09-21T14:18,False,25.5,,duplicate listing,2550000.0
1119561416,OLX,Toyota Pixis,Epoch 2013,2013,25.95,153000.0,,Rawalpindi,"Morgah, Rawalpindi",,,,1w,core,https://www.olx.com.pk/item/-iid-1119561416,https://images.olx.com.pk/thumbnails/647268835-600x450.jpeg,,,,,,7.0,Hatchback,660cc kei,2026-09-22,toyota pixis|2013|25.95|153000,True,2026-09-21T14:18,False,25.95,,duplicate listing,2595000.0
12034205,PakWheels,Nissan Dayz,J,2016,26.0,98000.0,Automatic,Rawalpindi,Rawalpindi,,,8.0,7d,core,https://www.pakwheels.com/used-cars/nissan-dayz-2016-for-sale-in-rawalpindi-12034205,https://cache1.pakwheels.com/ad_pictures/1519/nissan-dayz-j-2016-151987320.jpg,Grey,Islamabad,Imported,Hatchback,660.0,7.0,Hatchback,660cc kei,2026-09-22,nissan dayz|2016|26.0|98000,True,2026-09-22T19:01,False,26.0,,duplicate listing,2600000.0
1119616414,OLX,Nissan Dayz,660 cc,2016,26.0,98000.0,,Rawalpindi,"Bahria Town Phase 8, Rawalpindi",,,,1w,core,https://www.olx.com.pk/item/-iid-1119616414,https://images.olx.com.pk/thumbnails/647594722-600x450.jpeg,,,,,,7.0,Hatchback,660cc kei,2026-09-22,nissan dayz|2016|26.0|98000,True,2026-09-23T13:58,False,26.0,,duplicate listing,2600000.0
11284955,PakWheels,Suzuki Alto,L,2019,26.5,140000.0,Automatic,Islamabad,Islamabad,,,17.0,7d,core,https://www.pakwheels.com/used-cars/suzuki-alto-2019-for-sale-in-islamabad-11284955,https://cache3.pakwheels.com/ad_pictures/1404/suzuki-alto-l-27-2019-140458944.jpg,White,Islamabad,Local,Hatchback,660.0,7.0,Hatchback,660cc kei,2026-09-22,suzuki alto|2019|26.5|140000,False,2026-09-22T13:57,False,26.5,,,2650000.0
1119577785,OLX,Toyota Passo,2016,2016,26.7,123458.0,,Rawalpindi,"Liaquat Bagh, Rawalpindi",,,,1w,core,https://www.olx.com.pk/item/-iid-1119577785,https://images.olx.com.pk/thumbnails/647367223-600x450.jpeg,,,,,,7.0,Hatchback,1000-1300cc,2026-09-22,toyota passo|2016|26.7|123458,False,2026-09-22T13:57,False,26.7,,,2670000.0
1119623064,OLX,Nissan Dayz,2017,2017,26.75,145000.0,,Islamabad,"G-11/3, Islamabad",,,,1w,core,https://www.olx.com.pk/item/-iid-1119623064,https://images.olx.com.pk/thumbnails/647634985-600x450.jpeg,,,,,,7.0,Hatchback,660cc kei,2026-09-22,nissan dayz|2017|26.75|145000,False,2026-09-23T13:58,False,26.75,,,2675000.0
1119572605,OLX,Suzuki Hustler,2015,2015,26.9,165000.0,,Islamabad,"G-12, Islamabad",,,,1w,core,https://www.olx.com.pk/item/-iid-1119572605,https://images.olx.com.pk/thumbnails/647335308-600x450.jpeg,,,,,,7.0,Tall-boy,660cc kei,2026-09-22,suzuki hustler|2015|26.9|165000,False,2026-09-22T13:57,False,26.9,,,2690000.0
12035071,PakWheels,Suzuki Hustler,X,2014,27.25,185000.0,Automatic,Rawalpindi,Rawalpindi,,,10.0,7d,core,https://www.pakwheels.com/used-cars/suzuki-hustler-2014-for-sale-in-rawalpindi-12035071,https://cache1.pakwheels.com/ad_pictures/1519/suzuki-hustler-x-41-2014-151998031.jpg,Blue,Islamabad,Imported,Hatchback,660.0,7.0,Tall-boy,660cc kei,2026-09-22,suzuki hustler|2014|27.25|185000,True,2026-09-22T23:42,False,27.25,,duplicate listing,2725000.0
1119574769,OLX,Suzuki Hustler,2014,2014,27.25,185000.0,,Rawalpindi,"Murree Road, Rawalpindi",,,,1w,core,https://www.olx.com.pk/item/-iid-1119574769,https://images.olx.com.pk/thumbnails/647347856-600x450.jpeg,,,,,,7.0,Tall-boy,660cc kei,2026-09-22,suzuki hustler|2014|27.25|185000,True,2026-09-22T13:57,False,27.25,,duplicate listing,2725000.0
12031191,PakWheels,Daihatsu Mira,G Smart Drive Package,2016,27.5,140000.0,Automatic,Islamabad,Islamabad,,,17.0,7d,core,https://www.pakwheels.com/used-cars/daihatsu-mira-2016-for-sale-in-islamabad-12031191,https://cache2.pakwheels.com/ad_pictures/1519/daihatsu-mira-g-smart-drive-package-2016-151938873.jpg,White,Lahore,Imported,Hatchback,660.0,7.0,Hatchback,660cc kei,2026-09-22,daihatsu mira|2016|27.5|140000,False,2026-09-22T13:57,False,27.5,,,2750000.0
1119586365,OLX,Daihatsu Mira,2016,2016,27.5,,,Islamabad,"F-11/1, Islamabad",,,,1w,core,https://www.olx.com.pk/item/-iid-1119586365,https://images.olx.com.pk/thumbnails/647415160-600x450.jpeg,,,,,,7.0,Hatchback,660cc kei,2026-09-22,daihatsu mira|2016|27.5|-1,False,2026-09-22T13:57,False,27.5,,,2750000.0
1119602258,OLX,Suzuki Hustler,2016,2016,27.9,114000.0,,Islamabad,"G-9, Islamabad",,,,1w,core,https://www.olx.com.pk/item/-iid-1119602258,https://images.olx.com.pk/thumbnails/647507878-600x450.jpeg,,,,,,7.0,Tall-boy,660cc kei,2026-09-22,suzuki hustler|2016|27.9|114000,False,2026-09-22T13:57,False,27.9,,,2790000.0
12036187,PakWheels,Suzuki Alto,VX,2021,28.0,63422.0,Manual,Rawalpindi,Rawalpindi,,,5.0,7d,core,https://www.pakwheels.com/used-cars/suzuki-alto-2021-for-sale-in-rawalpindi-12036187,https://cache2.pakwheels.com/ad_pictures/1520/suzuki-alto-vx-14-2021-152017158.jpg,White,Islamabad,Local,Hatchback,660.0,7.0,Hatchback,660cc kei,2026-09-22,suzuki alto|2021|28.0|63422,False,2026-09-23T13:58,False,28.0,,,2800000.0
1119620251,OLX,Toyota Vitz,2010,2010,28.3,110000.0,,Islamabad,"G-13, Islamabad",,,,1w,core,https://www.olx.com.pk/item/-iid-1119620251,https://images.olx.com.pk/thumbnails/647619314-600x450.jpeg,,,,,,7.0,Hatchback,1000-1300cc,2026-09-22,toyota vitz|2010|28.3|110000,False,2026-09-23T13:58,False,28.3,,,2830000.0
1119522013,OLX,Nissan Dayz,2015,2015,28.5,141000.0,,Rawalpindi,"Range Road, Rawalpindi",,,,1w,core,https://www.olx.com.pk/item/-iid-1119522013,https://images.olx.com.pk/thumbnails/647032878-600x450.jpeg,,,,,,7.0,Hatchback,660cc kei,2026-09-22,nissan dayz|2015|28.5|141000,False,2026-09-20T13:58,False,28.5,,,2850000.0
12020595,PakWheels,Suzuki Alto,VXR,2024,28.7,46000.0,Manual,Rawalpindi,Rawalpindi,,,12.0,7d,core,https://www.pakwheels.com/used-cars/suzuki-alto-2024-for-sale-in-rawalpindi-12020595,https://cache1.pakwheels.com/ad_pictures/1517/suzuki-alto-vxr-2-2024-151777388.jpg,White,Islamabad,Local,Hatchback,660.0,7.0,Hatchback,660cc kei,2026-09-22,suzuki alto|2024|28.7|46000,False,2026-09-19T22:55,False,28.7,,,2870000.0
12034299,PakWheels,Suzuki Alto,X,2013,29.0,140000.0,Automatic,Rawalpindi,Rawalpindi,,,7.0,7d,core,https://www.pakwheels.com/used-cars/suzuki-alto-2013-for-sale-in-rawalpindi-12034299,https://cache2.pakwheels.com/ad_pictures/1519/suzuki-alto-x-9-2013-151981417.jpg,Superia White,Punjab,Local,Hatchback,660.0,7.0,Hatchback,660cc kei,2026-09-22,suzuki alto|2013|29.0|140000,False,2026-09-22T19:01,False,29.0,,,2900000.0
1115111132,OLX,Suzuki Hustler,2016,2016,29.0,200000.0,,Rawalpindi,"Kallar Syedan, Rawalpindi",,,,1w,core,https://www.olx.com.pk/item/-iid-1115111132,https://images.olx.com.pk/thumbnails/621021740-600x450.jpeg,,,,,,7.0,Tall-boy,660cc kei,2026-09-22,suzuki hustler|2016|29.0|200000,False,2026-09-20T13:58,False,29.0,,,2900000.0
1119526581,OLX,Toyota Passo,2013/2017,2013,29.5,169000.0,,Islamabad,"PWD Housing Scheme, Islamabad",,,,1w,core,https://www.olx.com.pk/item/-iid-1119526581,https://images.olx.com.pk/thumbnails/647061089-600x450.jpeg,,,,,,7.0,Hatchback,1000-1300cc,2026-09-22,toyota passo|2013|29.5|169000,True,2026-09-21T14:18,False,29.5,,duplicate listing,2950000.0
12035073,PakWheels,Suzuki Alto,VXR,2025,29.8,35000.0,Manual,Rawalpindi,Rawalpindi,,,8.0,7d,core,https://www.pakwheels.com/used-cars/suzuki-alto-2025-for-sale-in-rawalpindi-12035073,https://cache4.pakwheels.com/ad_pictures/1520/suzuki-alto-vxr-2-2025-152002267.jpg,White,Islamabad,Local,Hatchback,660.0,7.0,Hatchback,660cc kei,2026-09-22,suzuki alto|2025|29.8|35000,False,2026-09-22T23:42,False,29.8,,,2980000.0
11890448,PakWheels,Suzuki Alto,VXR,2004,9.4,150000.0,Manual,Islamabad,Islamabad,,,11.0,8d,core,https://www.pakwheels.com/used-cars/suzuki-alto-2004-for-sale-in-islamabad-11890448,https://cache3.pakwheels.com/ad_pictures/1497/suzuki-alto-vxr-2-2004-149776284.jpg,White,Islamabad,Imported,Hatchback,660.0,8.0,Hatchback,660cc kei,2026-09-21,suzuki alto|2004|9.4|150000,False,2026-09-21T20:51,False,9.8,0.4,,940000.0
12031592,PakWheels,Suzuki Alto,,2008,10.0,95000.0,Automatic,Islamabad,Islamabad,,,3.0,8d,core,https://www.pakwheels.com/used-cars/suzuki-alto-2008-for-sale-in-islamabad-12031592,https://cache3.pakwheels.com/ad_pictures/1519/suzuki-alto-2008-151944667.jpg,Silver,Punjab,Local,,660.0,8.0,Hatchback,660cc kei,2026-09-21,suzuki alto|2008|10.0|95000,False,2026-09-22T02:54,False,10.0,,,1000000.0
12031293,PakWheels,Mitsubishi Pajero Mini,,1995,10.5,256953.0,Automatic,Rawalpindi,Rawalpindi,,,6.0,8d,core,https://www.pakwheels.com/used-cars/mitsubishi-pajero-mini-1995-for-sale-in-rawalpindi-12031293,https://cache1.pakwheels.com/ad_pictures/1519/mitsubishi-pajero-mini-1995-151940215.jpg,Navy,Karachi,Imported,,660.0,8.0,Tall-boy,660cc kei,2026-09-21,mitsubishi pajero mini|1995|10.5|256953,False,2026-09-22T02:54,False,10.5,,,1050000.0
12029977,PakWheels,Mitsubishi Pajero Mini,,1996,12.2,169602.0,Manual,Islamabad,Islamabad,,,10.0,8d,core,https://www.pakwheels.com/used-cars/mitsubishi-pajero-mini-1996-for-sale-in-islamabad-12029977,https://cache3.pakwheels.com/ad_pictures/1519/mitsubishi-pajero-mini-1996-151921045.jpg,White,Islamabad,Imported,,660.0,8.0,Tall-boy,660cc kei,2026-09-21,mitsubishi pajero mini|1996|12.2|169602,False,2026-09-21T20:51,False,12.2,,,1220000.0
11974697,PakWheels,Suzuki Baleno,JXR,2005,13.9,115000.0,Manual,Islamabad,Islamabad,,,10.0,8d,core,https://www.pakwheels.com/used-cars/suzuki-baleno-2005-for-sale-in-islamabad-11974697,https://cache1.pakwheels.com/ad_pictures/1510/suzuki-baleno-jxr-2005-151069452.jpg,White,Punjab,Local,Sedan,1300.0,8.0,Hatchback,1000-1300cc,2026-09-21,suzuki baleno|2005|13.9|115000,False,2026-09-17T23:56,False,14.5,0.6,,1390000.0
11679254,PakWheels,Suzuki Alto,,2005,14.6,250000.0,Automatic,Islamabad,Islamabad,,,14.0,8d,core,https://www.pakwheels.com/used-cars/suzuki-alto-2005-for-sale-in-islamabad-11679254,https://cache2.pakwheels.com/ad_pictures/1465/suzuki-alto-2005-146538274.jpg,Silver,Punjab,Imported,,660.0,8.0,Hatchback,660cc kei,2026-09-21,suzuki alto|2005|14.6|250000,False,2026-09-21T20:51,False,14.6,,,1460000.0
12027853,PakWheels,Suzuki Alto,VP,2012,15.0,1690.0,Manual,Rawalpindi,Rawalpindi,,,1.0,8d,core,https://www.pakwheels.com/used-cars/suzuki-alto-2012-for-sale-in-rawalpindi-12027853,https://cache3.pakwheels.com/ad_pictures/1518/suzuki-alto-vp-2012-151887314.jpg,White,Punjab,Local,Hatchback,660.0,8.0,Hatchback,660cc kei,2026-09-21,suzuki alto|2012|15.0|1690,False,2026-09-21T14:18,False,15.0,,mileage implausibly low,1500000.0
12031482,PakWheels,Nissan Otti,RS,2007,18.0,175550.0,Automatic,Rawalpindi,Rawalpindi,,,14.0,8d,core,https://www.pakwheels.com/used-cars/nissan-otti-2007-for-sale-in-rawalpindi-12031482,https://cache2.pakwheels.com/ad_pictures/1519/nissan-otti-rs-3-2007-151943005.jpg,Burgundy,Punjab,Imported,Hatchback,660.0,8.0,Hatchback,660cc kei,2026-09-21,nissan otti|2007|18.0|175550,False,2026-09-22T02:54,False,18.0,,,1800000.0
12031326,PakWheels,Daihatsu Move,Custom R,2007,18.0,90000.0,Automatic,Islamabad,Islamabad,,,7.0,8d,core,https://www.pakwheels.com/used-cars/daihatsu-move-2007-for-sale-in-islamabad-12031326,https://cache3.pakwheels.com/ad_pictures/1519/daihatsu-move-custom-r-2007-151940697.jpg,White,Islamabad,Imported,Hatchback,660.0,8.0,Tall-boy,660cc kei,2026-09-21,daihatsu move|2007|18.0|90000,False,2026-09-22T02:54,False,18.0,,,1800000.0
11931020,PakWheels,Daihatsu Mira,X,2010,18.25,115000.0,Automatic,Rawalpindi,Rawalpindi,,,16.0,8d,core,https://www.pakwheels.com/used-cars/daihatsu-mira-2010-for-sale-in-rawalpindi-11931020,https://cache1.pakwheels.com/ad_pictures/1503/daihatsu-mira-x-8-2010-150399168.jpg,White,Islamabad,Imported,Hatchback,660.0,8.0,Hatchback,660cc kei,2026-09-21,daihatsu mira|2010|18.25|115000,False,2026-09-21T20:51,False,18.25,,,1825000.0
11730820,PakWheels,Nissan Moco,S,2012,21.0,217000.0,Automatic,Islamabad,Islamabad,,,12.0,8d,core,https://www.pakwheels.com/used-cars/nissan-moco-2012-for-sale-in-islamabad-11730820,https://cache1.pakwheels.com/ad_pictures/1480/nissan-moco-s-8-2012-148063333.jpg,Beige,Islamabad,Imported,Hatchback,660.0,8.0,Hatchback,660cc kei,2026-09-21,nissan moco|2012|21.0|217000,False,2026-09-21T14:18,False,21.0,,,2100000.0
11988708,PakWheels,Toyota Vitz,1 0 FL,1999,21.5,97000.0,Automatic,Islamabad,Islamabad,,,20.0,8d,core,https://www.pakwheels.com/used-cars/toyota-vitz-1999-for-sale-in-islamabad-11988708,https://cache3.pakwheels.com/ad_pictures/1512/toyota-vitz-1-0-fl-1999-151284386.jpg,Blue,Islamabad,Imported,Hatchback,1000.0,8.0,Hatchback,1000-1300cc,2026-09-21,toyota vitz|1999|21.5|97000,False,2026-09-21T20:51,False,21.5,,,2150000.0
12027098,PakWheels,Suzuki Alto,,2010,22.5,965882.0,Automatic,Rawalpindi,Rawalpindi,,,3.0,8d,core,https://www.pakwheels.com/used-cars/suzuki-alto-2010-for-sale-in-rawalpindi-12027098,https://cache4.pakwheels.com/ad_pictures/1518/suzuki-alto-2010-151875260.jpg,Burgundy,Islamabad,Local,Hatchback,660.0,8.0,Hatchback,660cc kei,2026-09-21,suzuki alto|2010|22.5|965882,False,2026-09-21T14:18,False,22.5,,very high mileage,2250000.0
12027279,PakWheels,Suzuki Alto,ECO S,2013,23.75,150000.0,Automatic,Islamabad,Islamabad,,,12.0,8d,core,https://www.pakwheels.com/used-cars/suzuki-alto-2013-for-sale-in-islamabad-12027279,https://cache3.pakwheels.com/ad_pictures/1518/suzuki-alto-eco-s-2013-151877900.jpg,Brown,Islamabad,Imported,Hatchback,660.0,8.0,Hatchback,660cc kei,2026-09-21,suzuki alto|2013|23.75|150000,False,2026-09-21T14:18,False,23.75,,,2375000.0
12028537,PakWheels,Nissan Moco,X Idling Stop,2014,23.8,182000.0,Automatic,Rawalpindi,Rawalpindi,,,6.0,8d,core,https://www.pakwheels.com/used-cars/nissan-moco-2014-for-sale-in-rawalpindi-12028537,https://cache1.pakwheels.com/ad_pictures/1518/nissan-moco-x-idling-stop-4-2014-151897491.jpg,White,Islamabad,Imported,Hatchback,660.0,8.0,Hatchback,660cc kei,2026-09-21,nissan moco|2014|23.8|182000,False,2026-09-21T20:51,False,23.8,,,2380000.0
12028406,PakWheels,Suzuki Alto,ECO S,2014,24.9,129000.0,Automatic,Islamabad,Islamabad,,,20.0,8d,core,https://www.pakwheels.com/used-cars/suzuki-alto-2014-for-sale-in-islamabad-12028406,https://cache2.pakwheels.com/ad_pictures/1518/suzuki-alto-eco-s-2014-151896044.jpg,Unlisted,Islamabad,Imported,Hatchback,660.0,8.0,Hatchback,660cc kei,2026-09-21,suzuki alto|2014|24.9|129000,False,2026-09-21T20:51,False,24.9,,,2490000.0
12027951,PakWheels,Nissan Dayz,X,2015,25.0,107000.0,Automatic,Islamabad,Islamabad,,,9.0,8d,core,https://www.pakwheels.com/used-cars/nissan-dayz-2015-for-sale-in-islamabad-12027951,https://cache4.pakwheels.com/ad_pictures/1518/nissan-dayz-x-40-2015-151888646.jpg,Blue,Islamabad,Imported,Hatchback,660.0,8.0,Hatchback,660cc kei,2026-09-21,nissan dayz|2015|25.0|107000,False,2026-09-21T14:18,False,25.0,,,2500000.0
12028590,PakWheels,Daihatsu Mira,X,2012,25.5,68000.0,Automatic,Rawalpindi,Rawalpindi,,,17.0,8d,core,https://www.pakwheels.com/used-cars/daihatsu-mira-2012-for-sale-in-rawalpindi-12028590,https://cache1.pakwheels.com/ad_pictures/1518/daihatsu-mira-x-8-2012-151899116.jpg,Silver,Lahore,Imported,Hatchback,660.0,8.0,Hatchback,660cc kei,2026-09-21,daihatsu mira|2012|25.5|68000,True,2026-09-21T20:51,False,25.5,,duplicate listing,2550000.0
12028643,PakWheels,Daihatsu Mira,,2012,25.55,68000.0,Automatic,Rawalpindi,Rawalpindi,,,16.0,8d,core,https://www.pakwheels.com/used-cars/daihatsu-mira-2012-for-sale-in-rawalpindi-12028643,https://cache1.pakwheels.com/ad_pictures/1518/daihatsu-mira-2012-151899804.jpg,Silver,Lahore,Imported,,660.0,8.0,Hatchback,660cc kei,2026-09-21,daihatsu mira|2012|25.55|68000,False,2026-09-21T20:51,False,25.55,,,2555000.0
11997935,PakWheels,Suzuki Alto,ECO L,2013,25.8,96000.0,Automatic,Rawalpindi,Rawalpindi,,,19.0,8d,core,https://www.pakwheels.com/used-cars/suzuki-alto-2013-for-sale-in-rawalpindi-11997935,https://cache4.pakwheels.com/ad_pictures/1514/suzuki-alto-eco-l-2013-151423918.jpg,White,Islamabad,Imported,Hatchback,660.0,8.0,Hatchback,660cc kei,2026-09-21,suzuki alto|2013|25.8|96000,False,2026-09-14T20:51,False,26.5,0.7,,2580000.0
11988060,PakWheels,Mitsubishi EK Wagon,G Safety Package,2015,25.85,114000.0,Automatic,Islamabad,Islamabad,,,14.0,8d,core,https://www.pakwheels.com/used-cars/mitsubishi-ek-wagon-2015-for-sale-in-islamabad-11988060,https://cache3.pakwheels.com/ad_pictures/1512/mitsubishi-ek-wagon-g-safety-package-2015-151273332.jpg,Silver,Islamabad,Imported,Hatchback,660.0,8.0,Hatchback,660cc kei,2026-09-21,mitsubishi ek wagon|2015|25.85|114000,False,2026-09-12T17:49,False,25.85,,,2585000.0
12028044,PakWheels,Toyota Pixis,,2013,25.95,153000.0,Automatic,Rawalpindi,Rawalpindi,,,11.0,8d,core,https://www.pakwheels.com/used-cars/toyota-pixis-epoch-2013-for-sale-in-rawalpindi-12028044,https://cache4.pakwheels.com/ad_pictures/1518/toyota-pixis-2013-151890306.jpg,Magenta,Islamabad,Imported,,660.0,8.0,Hatchback,660cc kei,2026-09-21,toyota pixis|2013|25.95|153000,True,2026-09-21T14:18,False,25.95,,duplicate listing,2595000.0
12029317,PakWheels,Suzuki Hustler,X,2015,26.9,71500.0,Automatic,Islamabad,Islamabad,,,12.0,8d,core,https://www.pakwheels.com/used-cars/suzuki-hustler-2015-for-sale-in-islamabad-12029317,https://cache2.pakwheels.com/ad_pictures/1519/suzuki-hustler-x-41-2015-151911022.jpg,Orange,Islamabad,Imported,Hatchback,660.0,8.0,Tall-boy,660cc kei,2026-09-21,suzuki hustler|2015|26.9|71500,False,2026-09-21T20:51,False,26.9,,,2690000.0
11922748,PakWheels,Suzuki Alto,S Package,2020,27.0,53000.0,Automatic,Islamabad,Islamabad,,,18.0,8d,core,https://www.pakwheels.com/used-cars/suzuki-alto-2020-for-sale-in-islamabad-11922748,https://cache3.pakwheels.com/ad_pictures/1502/suzuki-alto-s-package-2-2020-150274230.jpg,White,Islamabad,Local,Hatchback,660.0,8.0,Hatchback,660cc kei,2026-09-21,suzuki alto|2020|27.0|53000,False,2026-09-21T20:51,False,27.0,,,2700000.0
12027364,PakWheels,Suzuki Alto,VXR,2024,27.0,100000.0,Manual,Islamabad,Islamabad,,,8.0,8d,core,https://www.pakwheels.com/used-cars/suzuki-alto-2024-for-sale-in-islamabad-12027364,https://cache4.pakwheels.com/ad_pictures/1518/suzuki-alto-vxr-2-2024-151879220.jpg,Grey,Punjab,Local,Hatchback,660.0,8.0,Hatchback,660cc kei,2026-09-21,suzuki alto|2024|27.0|100000,False,2026-09-21T14:18,False,27.0,,,2700000.0
11587345,PakWheels,Suzuki Alto,,2021,28.0,79000.0,Automatic,Rawalpindi,Rawalpindi,,,14.0,8d,core,https://www.pakwheels.com/used-cars/suzuki-alto-2021-for-sale-in-rawalpindi-11587345,https://cache4.pakwheels.com/ad_pictures/1451/suzuki-alto-2021-145156521.jpg,White,Islamabad,Local,Hatchback,660.0,8.0,Hatchback,660cc kei,2026-09-21,suzuki alto|2021|28.0|79000,False,2026-09-21T20:51,False,28.0,,,2800000.0
12027413,PakWheels,Suzuki Alto,VXR,2025,30.0,70000.0,Manual,Islamabad,Islamabad,,,6.0,8d,core,https://www.pakwheels.com/used-cars/suzuki-alto-2025-for-sale-in-islamabad-12027413,https://cache4.pakwheels.com/ad_pictures/1518/suzuki-alto-vxr-2-2025-151879969.jpg,White,Islamabad,Local,Hatchback,660.0,8.0,Hatchback,660cc kei,2026-09-21,suzuki alto|2025|30.0|70000,False,2026-09-21T14:18,False,30.0,,,3000000.0
12025383,PakWheels,Suzuki Alto,E,2007,11.4,13000.0,Automatic,Islamabad,Islamabad,,,11.0,9d,core,https://www.pakwheels.com/used-cars/suzuki-alto-2007-for-sale-in-islamabad-12025383,https://cache3.pakwheels.com/ad_pictures/1518/suzuki-alto-e-2007-151851557.jpg,Blue,Sindh,Local,Hatchback,660.0,9.0,Hatchback,660cc kei,2026-09-20,suzuki alto|2007|11.4|13000,False,2026-09-20T23:11,False,11.4,,,1140000.0
12025371,PakWheels,Suzuki Alto,,2005,12.9,79000.0,Manual,Rawalpindi,Rawalpindi,,,8.0,9d,core,https://www.pakwheels.com/used-cars/suzuki-alto-2005-for-sale-in-rawalpindi-12025371,https://cache2.pakwheels.com/ad_pictures/1518/suzuki-alto-2005-151850934.jpg,Gold,Punjab,Local,,660.0,9.0,Hatchback,660cc kei,2026-09-20,suzuki alto|2005|12.9|79000,False,2026-09-20T23:11,False,12.9,,,1290000.0
12022300,PakWheels,Mitsubishi EK Wagon,GS,2006,16.6,150000.0,Automatic,Islamabad,Islamabad,,,5.0,9d,core,https://www.pakwheels.com/used-cars/mitsubishi-ek-wagon-2006-for-sale-in-islamabad-12022300,https://cache4.pakwheels.com/ad_pictures/1518/mitsubishi-ek-wagon-gs-2006-151801835.jpg,Silver,Punjab,Imported,Hatchback,660.0,9.0,Hatchback,660cc kei,2026-09-20,mitsubishi ek wagon|2006|16.6|150000,False,2026-09-20T13:58,False,16.6,,,1660000.0
12026578,PakWheels,Daihatsu Mira,TL 4WD,2007,17.49,154000.0,Manual,Islamabad,Islamabad,,,2.0,9d,core,https://www.pakwheels.com/used-cars/daihatsu-mira-2007-for-sale-in-islamabad-12026578,https://cache4.pakwheels.com/ad_pictures/1518/daihatsu-mira-tl-4wd-2007-151868167.jpg,Golden,Punjab,Imported,Hatchback,660.0,9.0,Hatchback,660cc kei,2026-09-20,daihatsu mira|2007|17.49|154000,False,2026-09-21T14:18,False,17.49,,,1749000.0
12025642,PakWheels,Mitsubishi EK Wagon,Limited,2007,17.5,240000.0,Automatic,Rawalpindi,Rawalpindi,,,19.0,9d,core,https://www.pakwheels.com/used-cars/mitsubishi-ek-wagon-2007-for-sale-in-rawalpindi-12025642,https://cache2.pakwheels.com/ad_pictures/1518/mitsubishi-ek-wagon-limited-2-2007-151855151.jpg,Blue,Punjab,Imported,Hatchback,660.0,9.0,Hatchback,660cc kei,2026-09-20,mitsubishi ek wagon|2007|17.5|240000,False,2026-09-20T23:11,False,18.0,0.5,,1750000.0
11899026,PakWheels,Daihatsu Mira,TL 4WD,2009,17.5,138000.0,Manual,Islamabad,Islamabad,,,14.0,9d,core,https://www.pakwheels.com/used-cars/daihatsu-mira-2009-for-sale-in-islamabad-11899026,https://cache2.pakwheels.com/ad_pictures/1499/daihatsu-mira-tl-4wd-2009-149908380.jpg,White,Karachi,Imported,Hatchback,660.0,9.0,Hatchback,660cc kei,2026-09-20,daihatsu mira|2009|17.5|138000,False,2026-09-20T18:34,False,17.5,,,1750000.0
12025436,PakWheels,Suzuki Wagon R,X,2004,17.5,140000.0,Automatic,Islamabad,Islamabad,,,5.0,9d,core,https://www.pakwheels.com/used-cars/suzuki-wagon-r-2004-for-sale-in-islamabad-12025436,https://cache4.pakwheels.com/ad_pictures/1518/suzuki-wagon-r-x-14-2004-151852428.jpg,Black,Islamabad,Imported,Hatchback,660.0,9.0,Tall-boy,660cc kei,2026-09-20,suzuki wagon r|2004|17.5|140000,False,2026-09-20T23:11,False,17.5,,,1750000.0
12025350,PakWheels,Suzuki Alto,G,2007,17.5,176000.0,Automatic,Islamabad,Islamabad,,,5.0,9d,core,https://www.pakwheels.com/used-cars/suzuki-alto-2007-for-sale-in-islamabad-12025350,https://cache3.pakwheels.com/ad_pictures/1518/suzuki-alto-g-4-2007-151851505.jpg,White,Islamabad,Imported,Hatchback,660.0,9.0,Hatchback,660cc kei,2026-09-20,suzuki alto|2007|17.5|176000,False,2026-09-20T23:11,False,17.5,,,1750000.0
12022530,PakWheels,Suzuki Alto,,2007,17.8,167000.0,Automatic,Islamabad,Islamabad,,,3.0,9d,core,https://www.pakwheels.com/used-cars/suzuki-alto-2007-for-sale-in-islamabad-12022530,https://cache2.pakwheels.com/ad_pictures/1518/suzuki-alto-2007-151805131.jpg,White,Islamabad,Imported,,660.0,9.0,Hatchback,660cc kei,2026-09-20,suzuki alto|2007|17.8|167000,False,2026-09-20T13:58,False,17.8,,,1780000.0
12025339,PakWheels,Daihatsu Mira,L,2007,17.9,110000.0,Automatic,Islamabad,Islamabad,,,8.0,9d,core,https://www.pakwheels.com/used-cars/daihatsu-mira-2007-for-sale-in-islamabad-12025339,https://cache4.pakwheels.com/ad_pictures/1518/daihatsu-mira-l-4-2007-151851135.jpg,White,Sindh,Imported,Hatchback,660.0,9.0,Hatchback,660cc kei,2026-09-20,daihatsu mira|2007|17.9|110000,False,2026-09-20T23:11,False,19.0,1.1,,1790000.0
12025990,PakWheels,Suzuki Alto,G,2012,18.5,100000.0,Automatic,Rawalpindi,Rawalpindi,,,7.0,9d,core,https://www.pakwheels.com/used-cars/suzuki-alto-2012-for-sale-in-rawalpindi-12025990,https://cache3.pakwheels.com/ad_pictures/1518/suzuki-alto-g-4-2012-151859886.jpg,White,Islamabad,Local,Hatchback,660.0,9.0,Hatchback,660cc kei,2026-09-20,suzuki alto|2012|18.5|100000,False,2026-09-20T23:11,False,18.5,,,1850000.0
11651077,PakWheels,Daihatsu Mira,,2011,18.5,100000.0,Manual,Rawalpindi,Rawalpindi,,,7.0,9d,core,https://www.pakwheels.com/used-cars/daihatsu-mira-2011-for-sale-in-rawalpindi-11651077,https://cache1.pakwheels.com/ad_pictures/1461/daihatsu-mira-2011-146116606.jpg,Silver,Islamabad,Imported,,660.0,9.0,Hatchback,660cc kei,2026-09-20,daihatsu mira|2011|18.5|100000,False,2026-09-20T13:58,False,18.5,,,1850000.0
12024390,PakWheels,Daihatsu Mira,,2009,19.0,170000.0,Automatic,Islamabad,Islamabad,,,9.0,9d,core,https://www.pakwheels.com/used-cars/daihatsu-mira-2009-for-sale-in-islamabad-12024390,https://cache3.pakwheels.com/ad_pictures/1518/daihatsu-mira-2009-151835427.jpg,White,Sindh,Imported,,660.0,9.0,Hatchback,660cc kei,2026-09-20,daihatsu mira|2009|19.0|170000,False,2026-09-20T18:34,False,19.0,,,1900000.0
12018763,PakWheels,Honda Life,G,2008,19.0,180000.0,Automatic,Islamabad,Islamabad,,,16.0,9d,core,https://www.pakwheels.com/used-cars/honda-life-2008-for-sale-in-islamabad-12018763,https://cache2.pakwheels.com/ad_pictures/1517/honda-life-g-2008-151745638.jpg,Black,Islamabad,Imported,Hatchback,660.0,9.0,Hatchback,660cc kei,2026-09-20,honda life|2008|19.0|180000,False,2026-09-20T18:34,False,19.5,0.5,,1900000.0
12024612,PakWheels,Nissan Pino,S,2007,19.5,100000.0,Automatic,Rawalpindi,Rawalpindi,,,7.0,9d,core,https://www.pakwheels.com/used-cars/nissan-pino-2007-for-sale-in-rawalpindi-12024612,https://cache4.pakwheels.com/ad_pictures/1518/nissan-pino-s-2007-151839040.jpg,Silver,Islamabad,Imported,Hatchback,660.0,9.0,Hatchback,660cc kei,2026-09-20,nissan pino|2007|19.5|100000,False,2026-09-20T18:34,False,19.5,,,1950000.0
12024508,PakWheels,Mitsubishi EK Wagon,G,2013,19.5,178500.0,Automatic,Rawalpindi,Rawalpindi,,,7.0,9d,core,https://www.pakwheels.com/used-cars/mitsubishi-ek-wagon-2013-for-sale-in-rawalpindi-12024508,https://cache3.pakwheels.com/ad_pictures/1518/mitsubishi-ek-wagon-g-3-2013-151837449.jpg,Blue,Islamabad,Imported,Hatchback,660.0,9.0,Hatchback,660cc kei,2026-09-20,mitsubishi ek wagon|2013|19.5|178500,False,2026-09-20T18:34,False,19.5,,,1950000.0
12025478,PakWheels,Honda Life,F,2007,19.8,105000.0,Automatic,Rawalpindi,Rawalpindi,,,7.0,9d,core,https://www.pakwheels.com/used-cars/honda-life-2007-for-sale-in-rawalpindi-12025478,https://cache4.pakwheels.com/ad_pictures/1518/honda-life-f-2007-151849725.jpg,Brown,Islamabad,Imported,Hatchback,660.0,9.0,Hatchback,660cc kei,2026-09-20,honda life|2007|19.8|105000,False,2026-09-20T23:11,False,19.8,,,1980000.0
12024247,PakWheels,Suzuki Alto,GII,2008,19.8,95000.0,Automatic,Islamabad,Islamabad,,,20.0,9d,core,https://www.pakwheels.com/used-cars/suzuki-alto-2008-for-sale-in-islamabad-12024247,https://cache1.pakwheels.com/ad_pictures/1518/suzuki-alto-gii-2008-151832993.jpg,White,Islamabad,Imported,Hatchback,660.0,9.0,Hatchback,660cc kei,2026-09-20,suzuki alto|2008|19.8|95000,False,2026-09-20T18:34,False,19.8,,,1980000.0
11621273,PakWheels,Mitsubishi EK Wagon,GS,2011,19.8,102537.0,Automatic,Islamabad,Islamabad,,,6.0,9d,core,https://www.pakwheels.com/used-cars/mitsubishi-ek-wagon-2011-for-sale-in-islamabad-11621273,https://cache4.pakwheels.com/ad_pictures/1459/mitsubishi-ek-wagon-gs-2011-145926782.jpg,Mica Black,Islamabad,Imported,Hatchback,660.0,9.0,Hatchback,660cc kei,2026-09-20,mitsubishi ek wagon|2011|19.8|102537,False,2026-09-20T13:58,False,19.8,,,1980000.0
12026876,PakWheels,Subaru Pleo,F Special,2012,22.5,186000.0,Manual,Islamabad,Islamabad,,,10.0,9d,core,https://www.pakwheels.com/used-cars/subaru-pleo-2012-for-sale-in-islamabad-12026876,https://cache4.pakwheels.com/ad_pictures/1518/subaru-pleo-f-special-2012-151872625.jpg,White,Punjab,Imported,Hatchback,660.0,9.0,Hatchback,660cc kei,2026-09-20,subaru pleo|2012|22.5|186000,False,2026-09-21T14:18,False,22.5,,,2250000.0
12026490,PakWheels,Suzuki Alto,ECO L,2013,23.0,960000.0,Automatic,Islamabad,Islamabad,,,13.0,9d,core,https://www.pakwheels.com/used-cars/suzuki-alto-2013-for-sale-in-islamabad-12026490,https://cache1.pakwheels.com/ad_pictures/1518/suzuki-alto-eco-l-2013-151867137.jpg,Silky Silver Metallic,Islamabad,Imported,Hatchback,660.0,9.0,Hatchback,660cc kei,2026-09-20,suzuki alto|2013|23.0|960000,False,2026-09-21T14:18,False,23.8,0.8,very high mileage,2300000.0
12024942,PakWheels,Nissan Dayz,X,2014,23.0,100000.0,Automatic,Islamabad,Islamabad,,,8.0,9d,core,https://www.pakwheels.com/used-cars/nissan-dayz-2014-for-sale-in-islamabad-12024942,https://cache1.pakwheels.com/ad_pictures/1518/nissan-dayz-x-40-2014-151844567.jpg,Brown,Abbottabad,Imported,Hatchback,660.0,9.0,Hatchback,660cc kei,2026-09-20,nissan dayz|2014|23.0|100000,True,2026-09-20T18:34,False,23.0,,duplicate listing,2300000.0
11712678,PakWheels,Suzuki Alto,L,2015,23.5,250000.0,Automatic,Islamabad,Islamabad,,,13.0,9d,core,https://www.pakwheels.com/used-cars/suzuki-alto-2015-for-sale-in-islamabad-11712678,https://cache1.pakwheels.com/ad_pictures/1470/suzuki-alto-l-27-2015-147050966.jpg,Maroon,Islamabad,Imported,Hatchback,660.0,9.0,Hatchback,660cc kei,2026-09-20,suzuki alto|2015|23.5|250000,False,2026-09-20T23:11,False,23.5,,,2350000.0
12024215,PakWheels,Suzuki Alto,ECO L,2013,23.5,20010.0,Automatic,Islamabad,Islamabad,,,14.0,9d,core,https://www.pakwheels.com/used-cars/suzuki-alto-2013-for-sale-in-islamabad-12024215,https://cache4.pakwheels.com/ad_pictures/1518/suzuki-alto-eco-l-2013-151832479.jpg,White,Punjab,Imported,Hatchback,660.0,9.0,Hatchback,660cc kei,2026-09-20,suzuki alto|2013|23.5|20010,False,2026-09-20T18:34,False,23.5,,,2350000.0
12026738,PakWheels,Nissan Dayz,Rider Autech,2014,24.0,128000.0,Automatic,Islamabad,Islamabad,,,5.0,9d,core,https://www.pakwheels.com/used-cars/nissan-dayz-2014-for-sale-in-islamabad-12026738,https://cache2.pakwheels.com/ad_pictures/1518/nissan-dayz-rider-autech-2014-151870572.jpg,White,Islamabad,Imported,Hatchback,660.0,9.0,Hatchback,660cc kei,2026-09-20,nissan dayz|2014|24.0|128000,False,2026-09-21T14:18,False,24.0,,,2400000.0
12022540,PakWheels,Daihatsu Move,L SA,2014,24.25,150000.0,Automatic,Islamabad,Islamabad,,,8.0,9d,core,https://www.pakwheels.com/used-cars/daihatsu-move-2014-for-sale-in-islamabad-12022540,https://cache1.pakwheels.com/ad_pictures/1518/daihatsu-move-l-sa-3-2014-151805501.jpg,Maroon,Islamabad,Local,Hatchback,658.0,9.0,Tall-boy,660cc kei,2026-09-20,daihatsu move|2014|24.25|150000,False,2026-09-20T13:58,False,24.25,,,2425000.0
12026016,PakWheels,Suzuki Hustler,G,2014,24.5,115000.0,Automatic,Islamabad,Islamabad,,,8.0,9d,core,https://www.pakwheels.com/used-cars/suzuki-hustler-2014-for-sale-in-islamabad-12026016,https://cache3.pakwheels.com/ad_pictures/1518/suzuki-hustler-g-54-2014-151860083.jpg,Red,Sindh,Imported,Hatchback,660.0,9.0,Tall-boy,660cc kei,2026-09-20,suzuki hustler|2014|24.5|115000,False,2026-09-20T23:11,False,24.5,,,2450000.0
12023819,PakWheels,Nissan Dayz,Highway Star,2013,24.7,88000.0,Automatic,Islamabad,Islamabad,,,16.0,9d,core,https://www.pakwheels.com/used-cars/nissan-dayz-2013-for-sale-in-islamabad-12023819,https://cache3.pakwheels.com/ad_pictures/1518/nissan-dayz-highway-star-3-2013-151825986.jpg,Purple,Punjab,Imported,Hatchback,660.0,9.0,Hatchback,660cc kei,2026-09-20,nissan dayz|2013|24.7|88000,True,2026-09-20T18:34,False,24.7,,duplicate listing,2470000.0
12023293,PakWheels,Suzuki Alto,VXR,2019,24.8,71000.0,Manual,Rawalpindi,Rawalpindi,,,8.0,9d,core,https://www.pakwheels.com/used-cars/suzuki-alto-2019-for-sale-in-rawalpindi-12023293,https://cache2.pakwheels.com/ad_pictures/1518/suzuki-alto-vxr-2-2019-151817767.jpg,White,Islamabad,Local,Hatchback,660.0,9.0,Hatchback,660cc kei,2026-09-20,suzuki alto|2019|24.8|71000,False,2026-09-20T13:58,False,25.0,0.2,,2480000.0
12023086,PakWheels,Daihatsu Mira,,2017,24.9,85000.0,Automatic,Rawalpindi,Rawalpindi,,,3.0,9d,core,https://www.pakwheels.com/used-cars/daihatsu-mira-2017-for-sale-in-rawalpindi-12023086,https://cache4.pakwheels.com/ad_pictures/1518/daihatsu-mira-2017-151814495.jpg,Burgundy,Islamabad,Imported,,660.0,9.0,Hatchback,660cc kei,2026-09-20,daihatsu mira|2017|24.9|85000,False,2026-09-20T13:58,False,24.9,,,2490000.0
12026372,PakWheels,Daihatsu Move,X,2008,24.95,100000.0,Automatic,Islamabad,Islamabad,,,6.0,9d,core,https://www.pakwheels.com/used-cars/daihatsu-move-2008-for-sale-in-islamabad-12026372,https://cache3.pakwheels.com/ad_pictures/1518/daihatsu-move-x-5-2008-151865337.jpg,Silver,Islamabad,Local,Hatchback,660.0,9.0,Tall-boy,660cc kei,2026-09-20,daihatsu move|2008|24.95|100000,False,2026-09-20T23:11,False,24.95,,,2495000.0
12026927,PakWheels,Suzuki Alto,VX,2022,25.95,27584.0,Manual,Rawalpindi,Rawalpindi,,,12.0,9d,core,https://www.pakwheels.com/used-cars/suzuki-alto-2022-for-sale-in-rawalpindi-12026927,https://cache2.pakwheels.com/ad_pictures/1518/suzuki-alto-vx-14-2022-151873186.jpg,White,Islamabad,Local,Hatchback,660.0,9.0,Hatchback,660cc kei,2026-09-20,suzuki alto|2022|25.95|27584,False,2026-09-21T14:18,False,25.95,,,2595000.0
12023446,PakWheels,Suzuki Alto,VXR,2022,25.98,64000.0,Manual,Rawalpindi,Rawalpindi,,,3.0,9d,core,https://www.pakwheels.com/used-cars/suzuki-alto-2022-for-sale-in-rawalpindi-12023446,https://cache2.pakwheels.com/ad_pictures/1518/suzuki-alto-vxr-2-2022-151820008.jpg,White,Islamabad,Local,Hatchback,660.0,9.0,Hatchback,660cc kei,2026-09-20,suzuki alto|2022|25.98|64000,False,2026-09-20T18:34,False,25.98,,,2598000.0
12026157,PakWheels,Suzuki Hustler,G,2015,26.0,100000.0,Automatic,Rawalpindi,Rawalpindi,,,15.0,9d,core,https://www.pakwheels.com/used-cars/suzuki-hustler-2015-for-sale-in-rawalpindi-12026157,https://cache4.pakwheels.com/ad_pictures/1518/suzuki-hustler-g-54-2015-151863329.jpg,White,Islamabad,Imported,Hatchback,660.0,9.0,Tall-boy,660cc kei,2026-09-20,suzuki hustler|2015|26.0|100000,False,2026-09-20T23:11,False,26.0,,,2600000.0
12025093,PakWheels,Suzuki Wagon R,,2015,26.5,80000.0,Automatic,Islamabad,Islamabad,,,10.0,9d,core,https://www.pakwheels.com/used-cars/suzuki-wagon-r-2015-for-sale-in-islamabad-12025093,https://cache1.pakwheels.com/ad_pictures/1518/suzuki-wagon-r-2015-151845809.jpg,White,Punjab,Imported,,660.0,9.0,Tall-boy,660cc kei,2026-09-20,suzuki wagon r|2015|26.5|80000,False,2026-09-20T18:34,False,26.5,,,2650000.0
12024160,PakWheels,Nissan Dayz,Highway Star,2015,28.25,114000.0,Automatic,Rawalpindi,Rawalpindi,,,20.0,9d,core,https://www.pakwheels.com/used-cars/nissan-dayz-2015-for-sale-in-rawalpindi-12024160,https://cache4.pakwheels.com/ad_pictures/1518/nissan-dayz-highway-star-3-2015-151831108.jpg,Silver,Islamabad,Imported,Hatchback,660.0,9.0,Hatchback,660cc kei,2026-09-20,nissan dayz|2015|28.25|114000,False,2026-09-20T18:34,False,28.25,,,2825000.0
12022427,PakWheels,Suzuki Alto,L,2015,28.5,137.0,Automatic,Islamabad,Islamabad,,,9.0,9d,core,https://www.pakwheels.com/used-cars/suzuki-alto-2015-for-sale-in-islamabad-12022427,https://cache1.pakwheels.com/ad_pictures/1518/suzuki-alto-l-27-2015-151803547.jpg,Pure Red,Islamabad,Imported,Hatchback,660.0,9.0,Hatchback,660cc kei,2026-09-20,suzuki alto|2015|28.5|137,False,2026-09-20T13:58,False,28.5,,mileage implausibly low,2850000.0
12024902,PakWheels,Suzuki Alto,VXL,2022,28.6,25000.0,Automatic,Rawalpindi,Rawalpindi,,,6.0,9d,core,https://www.pakwheels.com/used-cars/suzuki-alto-2022-for-sale-in-rawalpindi-12024902,https://cache3.pakwheels.com/ad_pictures/1518/suzuki-alto-vxl-2-2022-151843388.jpg,White,Islamabad,Local,Hatchback,660.0,9.0,Hatchback,660cc kei,2026-09-20,suzuki alto|2022|28.6|25000,False,2026-09-20T18:34,False,30.0,1.4,,2860000.0
12026260,PakWheels,Suzuki Alto,VXR,2024,28.95,29200.0,Manual,Islamabad,Islamabad,,,13.0,9d,core,https://www.pakwheels.com/used-cars/suzuki-alto-2024-for-sale-in-islamabad-12026260,https://cache1.pakwheels.com/ad_pictures/1518/suzuki-alto-vxr-2-2024-151863986.jpg,White,Islamabad,Local,Hatchback,660.0,9.0,Hatchback,660cc kei,2026-09-20,suzuki alto|2024|28.95|29200,False,2026-09-20T23:11,False,28.95,,,2895000.0
12025844,PakWheels,Suzuki Alto,VXL,2022,29.0,65000.0,Automatic,Rawalpindi,Rawalpindi,,,10.0,9d,core,https://www.pakwheels.com/used-cars/suzuki-alto-2022-for-sale-in-rawalpindi-12025844,https://cache1.pakwheels.com/ad_pictures/1518/suzuki-alto-vxl-2-2022-151858112.jpg,White,Islamabad,Local,Hatchback,660.0,9.0,Hatchback,660cc kei,2026-09-20,suzuki alto|2022|29.0|65000,False,2026-09-20T23:11,False,29.8,0.8,,2900000.0
12024341,PakWheels,Suzuki Alto,VXL,2022,29.0,45000.0,Automatic,Rawalpindi,Rawalpindi,,,16.0,9d,core,https://www.pakwheels.com/used-cars/suzuki-alto-2022-for-sale-in-rawalpindi-12024341,https://cache4.pakwheels.com/ad_pictures/1518/suzuki-alto-vxl-2-2024-151834185.jpg,White,Islamabad,Local,Hatchback,660.0,9.0,Hatchback,660cc kei,2026-09-20,suzuki alto|2022|29.0|45000,False,2026-09-20T18:34,False,29.5,0.5,,2900000.0
12025521,PakWheels,Honda N Wgn,,2017,29.5,120000.0,Automatic,Rawalpindi,Rawalpindi,,,16.0,9d,core,https://www.pakwheels.com/used-cars/honda-n-wgn-2017-for-sale-in-rawalpindi-12025521,https://cache1.pakwheels.com/ad_pictures/1518/honda-n-wgn-2017-151853169.jpg,Silver,Punjab,Imported,,660.0,9.0,Tall-boy,660cc kei,2026-09-20,honda n wgn|2017|29.5|120000,False,2026-09-20T23:11,False,29.5,,,2950000.0
12024274,PakWheels,Daihatsu Move,X,2015,29.75,100000.0,Automatic,Islamabad,Islamabad,,,6.0,9d,core,https://www.pakwheels.com/used-cars/daihatsu-move-2015-for-sale-in-islamabad-12024274,https://cache4.pakwheels.com/ad_pictures/1518/daihatsu-move-x-5-2015-151833432.jpg,Red,Lahore,Imported,Hatchback,660.0,9.0,Tall-boy,660cc kei,2026-09-20,daihatsu move|2015|29.75|100000,False,2026-09-20T18:34,False,29.75,,,2975000.0
12017866,PakWheels,Daihatsu Mira,L,2006,13.4,110000.0,Automatic,Islamabad,Islamabad,,,8.0,10d,core,https://www.pakwheels.com/used-cars/daihatsu-mira-2006-for-sale-in-islamabad-12017866,https://cache4.pakwheels.com/ad_pictures/1517/daihatsu-mira-l-10-2006-151731861.jpg,Pearl White,Punjab,Imported,Hatchback,660.0,10.0,Hatchback,660cc kei,2026-09-19,daihatsu mira|2006|13.4|110000,False,2026-09-19T13:27,False,13.5,0.1,,1340000.0
12019855,PakWheels,Suzuki Alto,X,2008,13.5,5000.0,Automatic,Rawalpindi,Rawalpindi,,,14.0,10d,core,https://www.pakwheels.com/used-cars/suzuki-alto-2008-for-sale-in-rawalpindi-12019855,https://cache1.pakwheels.com/ad_pictures/1517/suzuki-alto-x-9-2008-151764377.jpg,Blue,Punjab,Local,Hatchback,660.0,10.0,Hatchback,660cc kei,2026-09-19,suzuki alto|2008|13.5|5000,False,2026-09-19T18:02,False,13.5,,,1350000.0
12021485,PakWheels,Mitsubishi Pajero Mini,,1999,14.5,168000.0,Manual,Rawalpindi,Rawalpindi,,,8.0,10d,core,https://www.pakwheels.com/used-cars/mitsubishi-pajero-mini-1999-for-sale-in-rawalpindi-12021485,https://cache2.pakwheels.com/ad_pictures/1517/mitsubishi-pajero-mini-1999-151790365.jpg,Navy,Sindh,Imported,,660.0,10.0,Tall-boy,660cc kei,2026-09-19,mitsubishi pajero mini|1999|14.5|168000,False,2026-09-19T22:55,False,15.0,0.5,,1450000.0
11906956,PakWheels,Suzuki Alto,G,2006,15.35,152000.0,Automatic,Islamabad,Islamabad,,,16.0,10d,core,https://www.pakwheels.com/used-cars/suzuki-alto-2006-for-sale-in-islamabad-11906956,https://cache4.pakwheels.com/ad_pictures/1500/suzuki-alto-g-4-2006-150030121.jpg,White,Islamabad,Local,Hatchback,660.0,10.0,Hatchback,660cc kei,2026-09-19,suzuki alto|2006|15.35|152000,False,2026-09-19T13:27,False,15.95,0.6,,1535000.0
11895114,PakWheels,Mitsubishi i,,2013,16.2,181000.0,Automatic,Islamabad,Islamabad,,,6.0,10d,core,https://www.pakwheels.com/used-cars/mitsubishi-i-2013-for-sale-in-islamabad-11895114,https://cache2.pakwheels.com/ad_pictures/1498/mitsubishi-i-2013-149847656.jpg,Maroon,Islamabad,Imported,Hatchback,660.0,10.0,Hatchback,660cc kei,2026-09-19,mitsubishi i|2013|16.2|181000,False,2026-09-19T22:55,False,16.2,,,1620000.0
12017727,PakWheels,Suzuki Alto,GII,2007,16.5,155000.0,Automatic,Islamabad,Islamabad,,,4.0,10d,core,https://www.pakwheels.com/used-cars/suzuki-alto-2007-for-sale-in-islamabad-12017727,https://cache1.pakwheels.com/ad_pictures/1517/suzuki-alto-gii-2007-151729832.jpg,Pink,Karachi,Imported,Hatchback,660.0,10.0,Hatchback,660cc kei,2026-09-19,suzuki alto|2007|16.5|155000,False,2026-09-19T13:27,False,16.5,,,1650000.0
12019048,PakWheels,Suzuki Wagon R,X,2007,17.89,221000.0,Automatic,Islamabad,Islamabad,,,16.0,10d,core,https://www.pakwheels.com/used-cars/suzuki-wagon-r-2007-for-sale-in-islamabad-12019048,https://cache2.pakwheels.com/ad_pictures/1517/suzuki-wagon-r-x-14-2007-151749038.jpg,White,Islamabad,Imported,Hatchback,660.0,10.0,Tall-boy,660cc kei,2026-09-19,suzuki wagon r|2007|17.89|221000,False,2026-09-19T18:02,False,17.89,,,1789000.0
11895436,PakWheels,Suzuki Alto,GII,2006,18.2,14129.0,Automatic,Islamabad,Islamabad,,,8.0,10d,core,https://www.pakwheels.com/used-cars/suzuki-alto-2006-for-sale-in-islamabad-11895436,https://cache3.pakwheels.com/ad_pictures/1498/suzuki-alto-gii-2006-149854427.jpg,White,Islamabad,Imported,Hatchback,660.0,10.0,Hatchback,660cc kei,2026-09-19,suzuki alto|2006|18.2|14129,False,2026-08-27T13:18,False,18.2,,,1820000.0
12020175,PakWheels,Daihatsu Tanto,X Special,2007,18.25,200000.0,Automatic,Islamabad,Islamabad,,,9.0,10d,core,https://www.pakwheels.com/used-cars/daihatsu-tanto-2007-for-sale-in-islamabad-12020175,https://cache2.pakwheels.com/ad_pictures/1517/daihatsu-tanto-x-special-7-2007-151770071.jpg,Silver,Punjab,Imported,Hatchback,660.0,10.0,Tall-boy,660cc kei,2026-09-19,daihatsu tanto|2007|18.25|200000,True,2026-09-19T18:02,False,18.25,,duplicate listing,1825000.0
12020312,PakWheels,Daihatsu Mira,X Limited Smart Drive Package,2006,18.3,150000.0,Automatic,Islamabad,Islamabad,,,11.0,10d,core,https://www.pakwheels.com/used-cars/daihatsu-mira-2006-for-sale-in-islamabad-12020312,https://cache4.pakwheels.com/ad_pictures/1517/daihatsu-mira-x-limited-smart-drive-package-2006-151771946.jpg,Green,Islamabad,Imported,Hatchback,660.0,10.0,Hatchback,660cc kei,2026-09-19,daihatsu mira|2006|18.3|150000,False,2026-09-19T18:02,False,18.3,,,1830000.0
12021819,PakWheels,Suzuki Alto,GII,2007,18.5,132300.0,Automatic,Islamabad,Islamabad,,,9.0,10d,core,https://www.pakwheels.com/used-cars/suzuki-alto-2007-for-sale-in-islamabad-12021819,https://cache4.pakwheels.com/ad_pictures/1517/suzuki-alto-gii-2007-151795226.jpg,Silver,Islamabad,Imported,Hatchback,660.0,10.0,Hatchback,660cc kei,2026-09-19,suzuki alto|2007|18.5|132300,False,2026-09-20T01:24,False,18.5,,,1850000.0
12022121,PakWheels,Suzuki Alto,GII,2006,18.75,135000.0,Automatic,Rawalpindi,Rawalpindi,,,13.0,10d,core,https://www.pakwheels.com/used-cars/suzuki-alto-2006-for-sale-in-rawalpindi-12022121,https://cache3.pakwheels.com/ad_pictures/1517/suzuki-alto-gii-2006-151799558.jpg,White,Islamabad,Imported,Hatchback,660.0,10.0,Hatchback,660cc kei,2026-09-19,suzuki alto|2006|18.75|135000,False,2026-09-20T13:58,False,18.75,,,1875000.0
12021034,PakWheels,Suzuki Alto,GII,2007,18.75,123445.0,Automatic,Rawalpindi,Rawalpindi,,,9.0,10d,core,https://www.pakwheels.com/used-cars/suzuki-alto-2007-for-sale-in-rawalpindi-12021034,https://cache3.pakwheels.com/ad_pictures/1517/suzuki-alto-gii-2007-151783679.jpg,Silver,Lahore,Imported,Hatchback,660.0,10.0,Hatchback,660cc kei,2026-09-19,suzuki alto|2007|18.75|123445,False,2026-09-19T22:55,False,18.75,,,1875000.0
12019141,PakWheels,Suzuki Alto,GII,2006,18.8,200000.0,Automatic,Rawalpindi,Rawalpindi,,,7.0,10d,core,https://www.pakwheels.com/used-cars/suzuki-alto-2006-for-sale-in-rawalpindi-12019141,https://cache3.pakwheels.com/ad_pictures/1517/suzuki-alto-gii-2006-151751699.jpg,White,Punjab,Imported,Hatchback,660.0,10.0,Hatchback,660cc kei,2026-09-19,suzuki alto|2006|18.8|200000,False,2026-09-19T18:02,False,19.0,0.2,,1880000.0
12017829,PakWheels,Mitsubishi EK Wagon,Limited,2011,18.85,100000.0,Automatic,Islamabad,Islamabad,,,5.0,10d,core,https://www.pakwheels.com/used-cars/mitsubishi-ek-wagon-2011-for-sale-in-islamabad-12017829,https://cache2.pakwheels.com/ad_pictures/1517/mitsubishi-ek-wagon-limited-2-2011-151731205.jpg,Black,Lahore,Imported,Hatchback,660.0,10.0,Hatchback,660cc kei,2026-09-19,mitsubishi ek wagon|2011|18.85|100000,False,2026-09-19T13:27,False,18.85,,,1885000.0
12018978,PakWheels,Suzuki Alto,G,2010,19.25,115000.0,Automatic,Rawalpindi,Rawalpindi,,,8.0,10d,core,https://www.pakwheels.com/used-cars/suzuki-alto-2010-for-sale-in-rawalpindi-12018978,https://cache2.pakwheels.com/ad_pictures/1517/suzuki-alto-g-4-2010-151748980.jpg,Superia White,Islamabad,Local,Hatchback,660.0,10.0,Hatchback,660cc kei,2026-09-19,suzuki alto|2010|19.25|115000,False,2026-09-19T18:02,False,19.25,,,1925000.0
12020692,PakWheels,Suzuki Alto,G,2007,19.8,76848.0,Automatic,Rawalpindi,Rawalpindi,,,19.0,10d,core,https://www.pakwheels.com/used-cars/suzuki-alto-2007-for-sale-in-rawalpindi-12020692,https://cache3.pakwheels.com/ad_pictures/1517/suzuki-alto-g-4-2007-151778941.jpg,White,Islamabad,Imported,Hatchback,660.0,10.0,Hatchback,660cc kei,2026-09-19,suzuki alto|2007|19.8|76848,False,2026-09-19T22:55,False,20.35,0.55,,1980000.0
11727094,PakWheels,Daihatsu Mira,,2014,19.9,192000.0,Manual,Islamabad,Islamabad,,,13.0,10d,core,https://www.pakwheels.com/used-cars/daihatsu-mira-2014-for-sale-in-islamabad-11727094,https://cache4.pakwheels.com/ad_pictures/1472/daihatsu-mira-2014-147273698.jpg,White,Karachi,Imported,Hatchback,660.0,10.0,Hatchback,660cc kei,2026-09-19,daihatsu mira|2014|19.9|192000,False,2026-09-19T22:55,False,19.9,,,1990000.0
12019796,PakWheels,Honda Life,G,2008,20.0,200000.0,Automatic,Islamabad,Islamabad,,,8.0,10d,core,https://www.pakwheels.com/used-cars/honda-life-2008-for-sale-in-islamabad-12019796,https://cache3.pakwheels.com/ad_pictures/1517/honda-life-g-2013-151763295.jpg,Black,Islamabad,Imported,Hatchback,660.0,10.0,Hatchback,660cc kei,2026-09-19,honda life|2008|20.0|200000,False,2026-09-19T18:02,False,20.0,,,2000000.0
12019160,PakWheels,Subaru Pleo,,2011,21.75,150000.0,Automatic,Islamabad,Islamabad,,,13.0,10d,core,https://www.pakwheels.com/used-cars/subaru-pleo-2011-for-sale-in-islamabad-12019160,https://cache1.pakwheels.com/ad_pictures/1517/subaru-pleo-2011-151752091.jpg,Black,Lahore,Imported,,660.0,10.0,Hatchback,660cc kei,2026-09-19,subaru pleo|2011|21.75|150000,False,2026-09-19T18:02,False,21.75,,,2175000.0
12019003,PakWheels,Mitsubishi EK Wagon,G,2013,22.4,1.0,Automatic,Islamabad,Islamabad,,,4.0,10d,core,https://www.pakwheels.com/used-cars/mitsubishi-ek-wagon-2013-for-sale-in-islamabad-12019003,https://cache1.pakwheels.com/ad_pictures/1517/mitsubishi-ek-wagon-g-3-2013-151757362.jpg,Pink,Punjab,Imported,Hatchback,660.0,10.0,Hatchback,660cc kei,2026-09-19,mitsubishi ek wagon|2013|22.4|1,False,2026-09-19T18:02,False,22.4,,mileage implausibly low,2240000.0
12021354,PakWheels,Nissan Dayz,Highway Star,2013,23.7,104000.0,Automatic,Islamabad,Islamabad,,,10.0,10d,core,https://www.pakwheels.com/used-cars/nissan-dayz-2013-for-sale-in-islamabad-12021354,https://cache1.pakwheels.com/ad_pictures/1517/nissan-dayz-highway-star-3-2013-151788698.jpg,White,Lahore,Imported,Hatchback,660.0,10.0,Hatchback,660cc kei,2026-09-19,nissan dayz|2013|23.7|104000,False,2026-09-19T22:55,False,23.7,,,2370000.0
12017627,PakWheels,Mazda Carol,GX,2016,23.95,143500.0,Automatic,Islamabad,Islamabad,,,7.0,10d,core,https://www.pakwheels.com/used-cars/mazda-carol-2016-for-sale-in-islamabad-12017627,https://cache2.pakwheels.com/ad_pictures/1517/mazda-carol-gx-2-2016-151728224.jpg,White,Islamabad,Imported,Hatchback,660.0,10.0,Hatchback,660cc kei,2026-09-19,mazda carol|2016|23.95|143500,True,2026-09-19T13:27,False,23.95,,duplicate listing,2395000.0
12018751,PakWheels,Suzuki Wagon R,FX Limited,2013,24.0,200000.0,Automatic,Islamabad,Islamabad,,,3.0,10d,core,https://www.pakwheels.com/used-cars/suzuki-wagon-r-2013-for-sale-in-islamabad-12018751,https://cache3.pakwheels.com/ad_pictures/1517/suzuki-wagon-r-fx-limited-2013-151745324.jpg,Silver,Islamabad,Imported,Hatchback,660.0,10.0,Tall-boy,660cc kei,2026-09-19,suzuki wagon r|2013|24.0|200000,False,2026-09-19T18:02,False,24.0,,,2400000.0
11886380,PakWheels,Mitsubishi Pajero Mini,Limited,2012,25.0,115000.0,Automatic,Islamabad,Islamabad,,,6.0,10d,core,https://www.pakwheels.com/used-cars/mitsubishi-pajero-mini-2012-for-sale-in-islamabad-11886380,https://cache4.pakwheels.com/ad_pictures/1497/mitsubishi-pajero-mini-limited-2012-149713388.jpg,Black,Islamabad,Imported,SUV,660.0,10.0,Tall-boy,660cc kei,2026-09-19,mitsubishi pajero mini|2012|25.0|115000,False,2026-09-19T18:02,False,25.0,,,2500000.0
12018819,PakWheels,Suzuki Wagon R,T,2012,25.0,168000.0,Automatic,Islamabad,Islamabad,,,11.0,10d,core,https://www.pakwheels.com/used-cars/suzuki-wagon-r-2012-for-sale-in-islamabad-12018819,https://cache2.pakwheels.com/ad_pictures/1517/suzuki-wagon-r-t-4-2012-151746292.jpg,Black,Islamabad,Imported,Hatchback,660.0,10.0,Tall-boy,660cc kei,2026-09-19,suzuki wagon r|2012|25.0|168000,False,2026-09-19T18:02,False,25.9,0.9,,2500000.0
12020031,PakWheels,Suzuki Alto,VXR,2021,25.25,135000.0,Manual,Rawalpindi,Rawalpindi,,,20.0,10d,core,https://www.pakwheels.com/used-cars/suzuki-alto-2021-for-sale-in-rawalpindi-12020031,https://cache2.pakwheels.com/ad_pictures/1517/suzuki-alto-vxr-2-2021-151767431.jpg,White,Islamabad,Local,Hatchback,660.0,10.0,Hatchback,660cc kei,2026-09-19,suzuki alto|2021|25.25|135000,False,2026-09-19T18:02,False,25.25,,,2525000.0
11972100,PakWheels,Suzuki Swift,,2014,25.4,72000.0,Automatic,Islamabad,Islamabad,,,17.0,10d,core,https://www.pakwheels.com/used-cars/suzuki-swift-2014-for-sale-in-islamabad-11972100,https://cache3.pakwheels.com/ad_pictures/1510/suzuki-swift-2014-151027442.jpg,White,Islamabad,Local,,1300.0,10.0,Hatchback,1000-1300cc,2026-09-19,suzuki swift|2014|25.4|72000,False,2026-09-19T22:55,False,26.0,0.6,,2540000.0
12018090,PakWheels,Suzuki Swift,1 3L DLX,2013,25.5,97520.0,Manual,Islamabad,Islamabad,,,14.0,10d,core,https://www.pakwheels.com/used-cars/suzuki-swift-2013-for-sale-in-islamabad-12018090,https://cache3.pakwheels.com/ad_pictures/1517/suzuki-swift-1-3l-dlx-2013-151735386.jpg,Silver,Islamabad,Local,Hatchback,1300.0,10.0,Hatchback,1000-1300cc,2026-09-19,suzuki swift|2013|25.5|97520,False,2026-09-19T13:27,False,25.5,,,2550000.0
12021999,PakWheels,Suzuki Alto,F,2021,26.25,95000.0,Automatic,Rawalpindi,Rawalpindi,,,13.0,10d,core,https://www.pakwheels.com/used-cars/suzuki-alto-2021-for-sale-in-rawalpindi-12021999,https://cache2.pakwheels.com/ad_pictures/1517/suzuki-alto-f-2-2021-151797689.jpg,Silver,Islamabad,Local,Hatchback,660.0,10.0,Hatchback,660cc kei,2026-09-19,suzuki alto|2021|26.25|95000,False,2026-09-20T01:24,False,26.25,,,2625000.0
12021787,PakWheels,Suzuki Alto,VXR,2022,26.7,72000.0,Manual,Rawalpindi,Rawalpindi,,,6.0,10d,core,https://www.pakwheels.com/used-cars/suzuki-alto-2022-for-sale-in-rawalpindi-12021787,https://cache4.pakwheels.com/ad_pictures/1517/suzuki-alto-vxr-2-2022-151794775.jpg,White,Punjab,Local,Hatchback,660.0,10.0,Hatchback,660cc kei,2026-09-19,suzuki alto|2022|26.7|72000,False,2026-09-20T01:24,False,26.7,,,2670000.0
7238130,PakWheels,Suzuki Hustler,G,2016,26.9,114000.0,Automatic,Islamabad,Islamabad,,,8.0,10d,core,https://www.pakwheels.com/used-cars/suzuki-hustler-2016-for-sale-in-islamabad-7238130,https://cache1.pakwheels.com/ad_pictures/1517/suzuki-hustler-g-54-2016-151785674.jpg,Green,Islamabad,Imported,Hatchback,660.0,10.0,Tall-boy,660cc kei,2026-09-19,suzuki hustler|2016|26.9|114000,False,2026-09-19T22:55,False,27.9,1.0,,2690000.0
12019279,PakWheels,Suzuki Alto,VXR,2022,26.95,42580.0,Manual,Islamabad,Islamabad,,,15.0,10d,core,https://www.pakwheels.com/used-cars/suzuki-alto-2022-for-sale-in-islamabad-12019279,https://cache1.pakwheels.com/ad_pictures/1517/suzuki-alto-vxr-2-2022-151753667.jpg,White,Islamabad,Local,Hatchback,660.0,10.0,Hatchback,660cc kei,2026-09-19,suzuki alto|2022|26.95|42580,False,2026-09-19T18:02,False,26.95,,,2695000.0
12021035,PakWheels,Daihatsu Mira,L,2017,27.5,180000.0,Automatic,Islamabad,Islamabad,,,15.0,10d,core,https://www.pakwheels.com/used-cars/daihatsu-mira-2017-for-sale-in-islamabad-12021035,https://cache2.pakwheels.com/ad_pictures/1517/daihatsu-mira-l-10-2017-151784064.jpg,White,Islamabad,Imported,Hatchback,660.0,10.0,Hatchback,660cc kei,2026-09-19,daihatsu mira|2017|27.5|180000,False,2026-09-19T22:55,False,28.5,1.0,,2750000.0
12019183,PakWheels,Suzuki Wagon R,T,2015,27.5,105000.0,Automatic,Islamabad,Islamabad,,,10.0,10d,core,https://www.pakwheels.com/used-cars/suzuki-wagon-r-2015-for-sale-in-islamabad-12019183,https://cache3.pakwheels.com/ad_pictures/1517/suzuki-wagon-r-t-4-2015-151751877.jpg,Black,Islamabad,Imported,Hatchback,660.0,10.0,Tall-boy,660cc kei,2026-09-19,suzuki wagon r|2015|27.5|105000,False,2026-09-19T18:02,False,27.5,,,2750000.0
12020053,PakWheels,Suzuki Alto,VXL,2021,27.75,109908.0,Automatic,Islamabad,Islamabad,,,25.0,10d,core,https://www.pakwheels.com/used-cars/suzuki-alto-2021-for-sale-in-islamabad-12020053,https://cache1.pakwheels.com/ad_pictures/1517/suzuki-alto-vxl-2-2021-151767172.jpg,Grey,Islamabad,Local,Hatchback,660.0,10.0,Hatchback,660cc kei,2026-09-19,suzuki alto|2021|27.75|109908,False,2026-09-19T18:02,False,28.5,0.75,,2775000.0
12018216,PakWheels,Suzuki Alto,VXR,2024,29.0,42000.0,Manual,Islamabad,Islamabad,,,6.0,10d,core,https://www.pakwheels.com/used-cars/suzuki-alto-2024-for-sale-in-islamabad-12018216,https://cache1.pakwheels.com/ad_pictures/1517/suzuki-alto-vxr-2-2024-151736654.jpg,White,Islamabad,Local,Hatchback,660.0,10.0,Hatchback,660cc kei,2026-09-19,suzuki alto|2024|29.0|42000,False,2026-09-19T13:27,False,29.0,,,2900000.0
11916160,PakWheels,Suzuki Alto,VXR AGS,2023,30.0,35000.0,Automatic,Islamabad,Islamabad,,,8.0,10d,core,https://www.pakwheels.com/used-cars/suzuki-alto-2023-for-sale-in-islamabad-11916160,https://cache1.pakwheels.com/ad_pictures/1501/suzuki-alto-vxr-ags-2023-150172819.jpg,White,Islamabad,Local,Hatchback,660.0,10.0,Hatchback,660cc kei,2026-09-19,suzuki alto|2023|30.0|35000,True,2026-09-25T14:10,False,30.0,,duplicate listing,3000000.0
12017797,PakWheels,Suzuki Alto,VXL,2023,30.0,35000.0,Automatic,Rawalpindi,Rawalpindi,,,13.0,10d,core,https://www.pakwheels.com/used-cars/suzuki-alto-2023-for-sale-in-rawalpindi-12017797,https://cache2.pakwheels.com/ad_pictures/1517/suzuki-alto-vxl-2-2023-151730682.jpg,White,Punjab,Local,Hatchback,660.0,10.0,Hatchback,660cc kei,2026-09-19,suzuki alto|2023|30.0|35000,True,2026-09-19T13:27,False,30.0,,duplicate listing,3000000.0
12014886,PakWheels,Suzuki Baleno,Sports,2005,9.95,140000.0,Manual,Islamabad,Islamabad,,,17.0,11d,core,https://www.pakwheels.com/used-cars/suzuki-baleno-2005-for-sale-in-islamabad-12014886,https://cache2.pakwheels.com/ad_pictures/1516/suzuki-baleno-sports-2-2005-151688200.jpg,Black,Sindh,Local,Sedan,1300.0,11.0,Hatchback,1000-1300cc,2026-09-18,suzuki baleno|2005|9.95|140000,False,2026-09-18T18:34,False,10.95,1.0,,995000.0
11591321,PakWheels,Suzuki Kei,A,1999,13.0,200000.0,Manual,Islamabad,Islamabad,,,12.0,11d,core,https://www.pakwheels.com/used-cars/suzuki-kei-1999-for-sale-in-islamabad-11591321,https://cache3.pakwheels.com/ad_pictures/1452/suzuki-kei-a-1999-145217504.jpg,Silky Silver Metallic,Punjab,Imported,Hatchback,660.0,11.0,Hatchback,660cc kei,2026-09-18,suzuki kei|1999|13.0|200000,False,2026-09-18T18:34,False,13.0,,,1300000.0
12015932,PakWheels,Daihatsu Mira,X,2007,15.0,234761.0,Automatic,Rawalpindi,Rawalpindi,,,10.0,11d,core,https://www.pakwheels.com/used-cars/daihatsu-mira-2007-for-sale-in-rawalpindi-12015932,https://cache4.pakwheels.com/ad_pictures/1517/daihatsu-mira-x-8-2007-151702249.jpg,White,Rawalpindi,Imported,Hatchback,660.0,11.0,Hatchback,660cc kei,2026-09-18,daihatsu mira|2007|15.0|234761,False,2026-09-18T23:16,False,15.0,,,1500000.0
12011858,PakWheels,Daihatsu Esse,X,2007,15.0,160000.0,Automatic,Rawalpindi,Rawalpindi,,,7.0,11d,core,https://www.pakwheels.com/used-cars/daihatsu-esse-2007-for-sale-in-rawalpindi-12011858,https://cache2.pakwheels.com/ad_pictures/1516/daihatsu-esse-x-7-2007-151642703.jpg,White,Islamabad,Imported,Hatchback,660.0,11.0,Hatchback,660cc kei,2026-09-18,daihatsu esse|2007|15.0|160000,False,2026-09-18T13:37,False,15.0,,,1500000.0
12013201,PakWheels,Mitsubishi EK Wagon,G,2006,17.4,150000.0,Automatic,Islamabad,Islamabad,,,11.0,11d,core,https://www.pakwheels.com/used-cars/mitsubishi-ek-wagon-2006-for-sale-in-islamabad-12013201,https://cache4.pakwheels.com/ad_pictures/1516/mitsubishi-ek-wagon-g-3-2006-151661849.jpg,Silver,Punjab,Imported,Hatchback,660.0,11.0,Hatchback,660cc kei,2026-09-18,mitsubishi ek wagon|2006|17.4|150000,False,2026-09-18T13:37,False,17.4,,,1740000.0
10848311,PakWheels,Nissan Moco,G,2008,17.4,817880.0,Automatic,Islamabad,Islamabad,,,15.0,11d,core,https://www.pakwheels.com/used-cars/nissan-moco-2008-for-sale-in-islamabad-10848311,https://cache2.pakwheels.com/ad_pictures/1334/nissan-moco-g-24-2008-133478945.jpg,Pale Blue Metallic,Islamabad,Imported,Hatchback,660.0,11.0,Hatchback,660cc kei,2026-09-18,nissan moco|2008|17.4|817880,False,2026-09-18T18:34,False,17.4,,very high mileage,1740000.0
12015719,PakWheels,Suzuki Alto,G,2012,18.0,119300.0,Automatic,Islamabad,Islamabad,,,11.0,11d,core,https://www.pakwheels.com/used-cars/suzuki-alto-2012-for-sale-in-islamabad-12015719,https://cache2.pakwheels.com/ad_pictures/1517/suzuki-alto-g-4-2012-151700778.jpg,White,Islamabad,Local,Hatchback,660.0,11.0,Hatchback,660cc kei,2026-09-18,suzuki alto|2012|18.0|119300,False,2026-09-18T18:34,False,18.0,,,1800000.0
12013322,PakWheels,Nissan Roox,E,2010,18.0,100000.0,Automatic,Islamabad,Islamabad,,,20.0,11d,core,https://www.pakwheels.com/used-cars/nissan-roox-2010-for-sale-in-islamabad-12013322,https://cache1.pakwheels.com/ad_pictures/1516/nissan-roox-e-5-2010-151663333.jpg,Golden,Punjab,Imported,Hatchback,658.0,11.0,Tall-boy,660cc kei,2026-09-18,nissan roox|2010|18.0|100000,False,2026-09-18T13:37,False,18.0,,,1800000.0
12014378,PakWheels,Suzuki Wagon R,FT Limited,2004,18.5,10000.0,Automatic,Islamabad,Islamabad,,,9.0,11d,core,https://www.pakwheels.com/used-cars/suzuki-wagon-r-2004-for-sale-in-islamabad-12014378,https://cache2.pakwheels.com/ad_pictures/1516/suzuki-wagon-r-ft-limited-2009-151679910.jpg,White,Islamabad,Imported,Hatchback,660.0,11.0,Tall-boy,660cc kei,2026-09-18,suzuki wagon r|2004|18.5|10000,False,2026-09-18T18:34,False,18.5,,,1850000.0
11890603,PakWheels,Suzuki Alto,GII,2007,19.0,171000.0,Automatic,Islamabad,Islamabad,,,13.0,11d,core,https://www.pakwheels.com/used-cars/suzuki-alto-2007-for-sale-in-islamabad-11890603,https://cache2.pakwheels.com/ad_pictures/1497/suzuki-alto-gii-2007-149778586.jpg,White,Punjab,Imported,Hatchback,660.0,11.0,Hatchback,660cc kei,2026-09-18,suzuki alto|2007|19.0|171000,False,2026-08-27T13:18,False,20.0,1.0,,1900000.0
12016359,PakWheels,Nissan Otti,,2006,20.0,200000.0,Automatic,Rawalpindi,Rawalpindi,,,11.0,11d,core,https://www.pakwheels.com/used-cars/nissan-otti-2006-for-sale-in-rawalpindi-12016359,https://cache1.pakwheels.com/ad_pictures/1517/nissan-otti-2006-151710932.jpg,Black,Islamabad,Imported,,660.0,11.0,Hatchback,660cc kei,2026-09-18,nissan otti|2006|20.0|200000,False,2026-09-18T23:16,False,20.0,,,2000000.0
12017350,PakWheels,Suzuki Wagon R,FX Limited,2013,22.5,112000.0,Automatic,Rawalpindi,Rawalpindi,,,8.0,11d,core,https://www.pakwheels.com/used-cars/suzuki-wagon-r-2013-for-sale-in-rawalpindi-12017350,https://cache2.pakwheels.com/ad_pictures/1517/suzuki-wagon-r-fx-limited-2013-151724226.jpg,Red wine,Islamabad,Imported,Hatchback,660.0,11.0,Tall-boy,660cc kei,2026-09-18,suzuki wagon r|2013|22.5|112000,False,2026-09-19T13:27,False,23.5,1.0,,2250000.0
12016523,PakWheels,Daihatsu Mira,X,2014,22.5,178000.0,Automatic,Islamabad,Islamabad,,,4.0,11d,core,https://www.pakwheels.com/used-cars/daihatsu-mira-2014-for-sale-in-islamabad-12016523,https://cache1.pakwheels.com/ad_pictures/1517/daihatsu-mira-x-8-2014-151713364.jpg,Grey,Punjab,Imported,Hatchback,660.0,11.0,Hatchback,660cc kei,2026-09-18,daihatsu mira|2014|22.5|178000,True,2026-09-18T23:16,False,22.5,,duplicate listing,2250000.0
12016448,PakWheels,Daihatsu Mira,X,2015,23.5,65000.0,Automatic,Islamabad,Islamabad,,,18.0,11d,core,https://www.pakwheels.com/used-cars/daihatsu-mira-2015-for-sale-in-islamabad-12016448,https://cache1.pakwheels.com/ad_pictures/1517/daihatsu-mira-x-8-2015-151712199.jpg,Silver,Lahore,Imported,Hatchback,660.0,11.0,Hatchback,660cc kei,2026-09-18,daihatsu mira|2015|23.5|65000,False,2026-09-18T23:16,False,23.5,,,2350000.0
12016381,PakWheels,Daihatsu Mira ES,,2011,23.75,82369.0,Automatic,Rawalpindi,Rawalpindi,,,20.0,11d,core,https://www.pakwheels.com/used-cars/daihatsu-mira-2011-for-sale-in-rawalpindi-12016381,https://cache4.pakwheels.com/ad_pictures/1517/daihatsu-mira-es-2011-151710546.jpg,Silver,Islamabad,Imported,Hatchback,660.0,11.0,Hatchback,660cc kei,2026-09-18,daihatsu mira es|2011|23.75|82369,False,2026-09-19T13:27,False,24.2,0.45,,2375000.0
12014504,PakWheels,Suzuki Alto,ECO S,2011,23.75,96000.0,Automatic,Islamabad,Islamabad,,,13.0,11d,core,https://www.pakwheels.com/used-cars/suzuki-alto-2011-for-sale-in-islamabad-12014504,https://cache3.pakwheels.com/ad_pictures/1516/suzuki-alto-eco-s-2011-151681540.jpg,White,Islamabad,Local,Hatchback,660.0,11.0,Hatchback,660cc kei,2026-09-18,suzuki alto|2011|23.75|96000,False,2026-09-18T18:34,False,23.75,,,2375000.0
12016835,PakWheels,Mazda Carol,GX,2015,23.8,200000.0,Automatic,Rawalpindi,Rawalpindi,,,13.0,11d,core,https://www.pakwheels.com/used-cars/mazda-carol-2015-for-sale-in-rawalpindi-12016835,https://cache4.pakwheels.com/ad_pictures/1517/mazda-carol-gx-2-2015-151717472.jpg,Turquoise,Islamabad,Imported,Hatchback,660.0,11.0,Hatchback,660cc kei,2026-09-18,mazda carol|2015|23.8|200000,True,2026-09-18T23:16,False,23.8,,duplicate listing,2380000.0
12016603,PakWheels,Suzuki Swift,1 3 DX,2013,24.8,97520.0,Manual,Islamabad,Islamabad,,,20.0,11d,core,https://www.pakwheels.com/used-cars/suzuki-swift-2013-for-sale-in-islamabad-12016603,https://cache3.pakwheels.com/ad_pictures/1517/suzuki-swift-1-3-dx-2013-151714602.jpg,Silver,Islamabad,Local,Hatchback,1300.0,11.0,Hatchback,1000-1300cc,2026-09-18,suzuki swift|2013|24.8|97520,False,2026-09-18T23:16,False,25.5,0.7,,2480000.0
12016838,PakWheels,Mitsubishi EK Wagon,E,2017,25.9,92000.0,Automatic,Rawalpindi,Rawalpindi,,,11.0,11d,core,https://www.pakwheels.com/used-cars/mitsubishi-ek-wagon-2017-for-sale-in-rawalpindi-12016838,https://cache1.pakwheels.com/ad_pictures/1517/mitsubishi-ek-wagon-e-10-2017-151717699.jpg,Red,Punjab,Imported,Hatchback,660.0,11.0,Hatchback,660cc kei,2026-09-18,mitsubishi ek wagon|2017|25.9|92000,False,2026-09-18T23:16,False,27.9,2.0,,2590000.0
11617159,PakWheels,Suzuki Alto,F,2015,26.0,160000.0,Automatic,Islamabad,Islamabad,,,14.0,11d,core,https://www.pakwheels.com/used-cars/suzuki-alto-2015-for-sale-in-islamabad-11617159,https://cache2.pakwheels.com/ad_pictures/1456/suzuki-alto-f-2-2015-145608756.jpg,Pure Red,Islamabad,Imported,Hatchback,660.0,11.0,Hatchback,660cc kei,2026-09-18,suzuki alto|2015|26.0|160000,False,2026-09-18T23:16,False,26.0,,,2600000.0
11825903,PakWheels,Suzuki Alto,VXR,2021,26.4,46040.0,Manual,Islamabad,Islamabad,,,9.0,11d,core,https://www.pakwheels.com/used-cars/suzuki-alto-2021-for-sale-in-islamabad-11825903,https://cache4.pakwheels.com/ad_pictures/1487/suzuki-alto-vxr-2-2021-148790095.jpg,White,Punjab,Local,Hatchback,660.0,11.0,Hatchback,660cc kei,2026-09-18,suzuki alto|2021|26.4|46040,False,2026-09-18T18:34,False,26.4,,,2640000.0
12016538,PakWheels,Daihatsu Mira ES,,2014,26.5,140000.0,Automatic,Islamabad,Islamabad,,,20.0,11d,core,https://www.pakwheels.com/used-cars/daihatsu-mira-2014-for-sale-in-islamabad-12016538,https://cache2.pakwheels.com/ad_pictures/1517/daihatsu-mira-es-2014-151713371.jpg,White,Islamabad,Imported,Hatchback,660.0,11.0,Hatchback,660cc kei,2026-09-18,daihatsu mira es|2014|26.5|140000,False,2026-09-18T23:16,False,26.75,0.25,,2650000.0
12015331,PakWheels,Suzuki Alto,VXR,2021,26.5,63000.0,Manual,Islamabad,Islamabad,,,10.0,11d,core,https://www.pakwheels.com/used-cars/suzuki-alto-2021-for-sale-in-islamabad-12015331,https://cache3.pakwheels.com/ad_pictures/1516/suzuki-alto-vxr-2-2021-151694612.jpg,White,Islamabad,Local,Hatchback,660.0,11.0,Hatchback,660cc kei,2026-09-18,suzuki alto|2021|26.5|63000,False,2026-09-18T18:34,False,26.5,,,2650000.0
12014739,PakWheels,Suzuki Alto,VXR,2022,27.5,42000.0,Manual,Islamabad,Islamabad,,,9.0,11d,core,https://www.pakwheels.com/used-cars/suzuki-alto-2022-for-sale-in-islamabad-12014739,https://cache4.pakwheels.com/ad_pictures/1516/suzuki-alto-vxr-2-2022-151685591.jpg,White,Islamabad,Local,Hatchback,660.0,11.0,Hatchback,660cc kei,2026-09-18,suzuki alto|2022|27.5|42000,True,2026-09-18T18:34,False,27.5,,duplicate listing,2750000.0
12013223,PakWheels,Toyota Vitz,1 0 F,2012,27.5,239000.0,Automatic,Islamabad,Islamabad,,,12.0,11d,core,https://www.pakwheels.com/used-cars/toyota-vitz-2012-for-sale-in-islamabad-12013223,https://cache2.pakwheels.com/ad_pictures/1516/toyota-vitz-1-0-f-2012-151661944.jpg,Silver,Islamabad,Imported,Hatchback,1000.0,11.0,Hatchback,1000-1300cc,2026-09-18,toyota vitz|2012|27.5|239000,False,2026-09-18T13:37,False,27.5,,,2750000.0
12012942,PakWheels,Suzuki Alto,ECO L,2014,27.95,129000.0,Automatic,Islamabad,Islamabad,,,6.0,11d,core,https://www.pakwheels.com/used-cars/suzuki-alto-2014-for-sale-in-islamabad-12012942,https://cache3.pakwheels.com/ad_pictures/1516/suzuki-alto-eco-l-2014-151657938.jpg,sky blue,Islamabad,Imported,Hatchback,660.0,11.0,Hatchback,660cc kei,2026-09-18,suzuki alto|2014|27.95|129000,False,2026-09-18T13:37,False,27.95,,,2795000.0
12014165,PakWheels,Suzuki Alto,Turbo RS,2015,28.0,188000.0,Automatic,Islamabad,Islamabad,,,13.0,11d,core,https://www.pakwheels.com/used-cars/suzuki-alto-2015-for-sale-in-islamabad-12014165,https://cache4.pakwheels.com/ad_pictures/1516/suzuki-alto-turbo-rs-2015-151676472.jpg,Black,Islamabad,Imported,Hatchback,660.0,11.0,Hatchback,660cc kei,2026-09-18,suzuki alto|2015|28.0|188000,False,2026-09-18T18:34,False,28.0,,,2800000.0
12014834,PakWheels,Suzuki Alto,VXR,2024,29.3,45933.0,Manual,Islamabad,Islamabad,,,7.0,11d,core,https://www.pakwheels.com/used-cars/suzuki-alto-2024-for-sale-in-islamabad-12014834,https://cache1.pakwheels.com/ad_pictures/1516/suzuki-alto-vxr-2-2024-151687319.jpg,White,Un-Registered,Local,Hatchback,660.0,11.0,Hatchback,660cc kei,2026-09-18,suzuki alto|2024|29.3|45933,False,2026-09-18T18:34,False,29.3,,,2930000.0
11740321,PakWheels,Suzuki Alto,Turbo RS,2015,29.5,152534.0,Automatic,Islamabad,Islamabad,,,20.0,11d,core,https://www.pakwheels.com/used-cars/suzuki-alto-2015-for-sale-in-islamabad-11740321,https://cache4.pakwheels.com/ad_pictures/1474/suzuki-alto-turbo-rs-2015-147477761.jpg,Red,Rawalpindi,Imported,Hatchback,660.0,11.0,Hatchback,660cc kei,2026-09-18,suzuki alto|2015|29.5|152534,False,2026-09-18T18:34,False,29.5,,,2950000.0
12012225,PakWheels,Suzuki Alto,VXR,1993,2.8,10993.0,Manual,Islamabad,Islamabad,,,15.0,12d,core,https://www.pakwheels.com/used-cars/suzuki-alto-1993-for-sale-in-islamabad-12012225,https://cache2.pakwheels.com/ad_pictures/1516/suzuki-alto-vxr-2-1993-151648029.jpg,Yellow,Karachi,Imported,Hatchback,660.0,12.0,Hatchback,660cc kei,2026-09-17,suzuki alto|1993|2.8|10993,False,2026-09-17T23:56,False,2.8,,,280000.0
12012395,PakWheels,Suzuki Alto,,2010,12.75,144000.0,Automatic,Islamabad,Islamabad,,,8.0,12d,core,https://www.pakwheels.com/used-cars/suzuki-alto-2010-for-sale-in-islamabad-12012395,https://cache4.pakwheels.com/ad_pictures/1516/suzuki-alto-2010-151650207.jpg,Silver,Islamabad,Local,,660.0,12.0,Hatchback,660cc kei,2026-09-17,suzuki alto|2010|12.75|144000,False,2026-09-17T23:56,False,14.25,1.5,,1275000.0
12011581,PakWheels,Daihatsu Mira,,1999,13.0,240000.0,Manual,Islamabad,Islamabad,,,18.0,12d,core,https://www.pakwheels.com/used-cars/daihatsu-mira-1999-for-sale-in-islamabad-12011581,https://cache1.pakwheels.com/ad_pictures/1516/daihatsu-mira-1999-151638124.jpg,Silver,Punjab,Imported,,660.0,12.0,Hatchback,660cc kei,2026-09-17,daihatsu mira|1999|13.0|240000,True,2026-09-17T23:56,False,13.0,,duplicate listing,1300000.0
11778101,PakWheels,Suzuki Alto,,2008,14.2,120000.0,Automatic,Rawalpindi,Rawalpindi,,,13.0,12d,core,https://www.pakwheels.com/used-cars/suzuki-alto-2008-for-sale-in-rawalpindi-11778101,https://cache4.pakwheels.com/ad_pictures/1480/suzuki-alto-2008-148060634.jpg,Navy,Rawalpindi,Local,,660.0,12.0,Hatchback,660cc kei,2026-09-17,suzuki alto|2008|14.2|120000,False,2026-09-17T14:04,False,14.2,,,1420000.0
12011252,PakWheels,Suzuki Wagon R,,2006,15.0,244000.0,Manual,Islamabad,Islamabad,,,15.0,12d,core,https://www.pakwheels.com/used-cars/suzuki-wagon-r-2006-for-sale-in-islamabad-12011252,https://cache3.pakwheels.com/ad_pictures/1516/suzuki-wagon-r-2006-151632612.jpg,White,Islamabad,Imported,,660.0,12.0,Tall-boy,660cc kei,2026-09-17,suzuki wagon r|2006|15.0|244000,False,2026-09-17T19:15,False,16.0,1.0,,1500000.0
11934596,PakWheels,Mitsubishi EK Wagon,G,2007,15.75,143000.0,Automatic,Islamabad,Islamabad,,,15.0,12d,core,https://www.pakwheels.com/used-cars/mitsubishi-ek-wagon-2007-for-sale-in-islamabad-11934596,https://cache2.pakwheels.com/ad_pictures/1504/mitsubishi-ek-wagon-g-3-2007-150452407.jpg,Blue,Sindh,Imported,Hatchback,660.0,12.0,Hatchback,660cc kei,2026-09-17,mitsubishi ek wagon|2007|15.75|143000,False,2026-09-17T19:15,False,16.65,0.9,,1575000.0
11973621,PakWheels,Daihatsu Terios Kid,Custom X,2002,16.5,77000.0,Automatic,Rawalpindi,Rawalpindi,,,12.0,12d,core,https://www.pakwheels.com/used-cars/daihatsu-terios-kid-2002-for-sale-in-rawalpindi-11973621,https://cache2.pakwheels.com/ad_pictures/1510/daihatsu-terios-kid-custom-x-3-2002-151050485.jpg,Black,Karachi,Imported,SUV,660.0,12.0,Tall-boy,660cc kei,2026-09-17,daihatsu terios kid|2002|16.5|77000,False,2026-09-09T18:40,False,16.5,,,1650000.0
12010806,PakWheels,Mitsubishi EK Wagon,Limited,2007,16.6,127543.0,Automatic,Islamabad,Islamabad,,,12.0,12d,core,https://www.pakwheels.com/used-cars/mitsubishi-ek-wagon-2007-for-sale-in-islamabad-12010806,https://cache1.pakwheels.com/ad_pictures/1516/mitsubishi-ek-wagon-limited-2-2007-151625854.jpg,Navy,Islamabad,Imported,Hatchback,660.0,12.0,Hatchback,660cc kei,2026-09-17,mitsubishi ek wagon|2007|16.6|127543,False,2026-09-17T19:15,False,16.6,,,1660000.0
12012050,PakWheels,Suzuki Alto,G,2006,18.0,200000.0,Automatic,Islamabad,Islamabad,,,10.0,12d,core,https://www.pakwheels.com/used-cars/suzuki-alto-2006-for-sale-in-islamabad-12012050,https://cache1.pakwheels.com/ad_pictures/1516/suzuki-alto-g-4-2006-151645146.jpg,White,Islamabad,Imported,Hatchback,660.0,12.0,Hatchback,660cc kei,2026-09-17,suzuki alto|2006|18.0|200000,False,2026-09-17T23:56,False,19.0,1.0,,1800000.0
11881045,PakWheels,Nissan Otti,E,2007,18.0,150.0,Automatic,Islamabad,Islamabad,,,12.0,12d,core,https://www.pakwheels.com/used-cars/nissan-otti-2007-for-sale-in-islamabad-11881045,https://cache1.pakwheels.com/ad_pictures/1496/nissan-otti-e-4-2007-149636850.jpg,Grey,Lahore,Imported,Hatchback,660.0,12.0,Hatchback,660cc kei,2026-09-17,nissan otti|2007|18.0|150,False,2026-09-17T19:15,False,18.0,,mileage implausibly low,1800000.0
11775351,PakWheels,Nissan Pino,E,2007,18.4,116000.0,Automatic,Islamabad,Islamabad,,,8.0,12d,core,https://www.pakwheels.com/used-cars/nissan-pino-2007-for-sale-in-islamabad-11775351,https://cache4.pakwheels.com/ad_pictures/1480/nissan-pino-e-3-2007-148020197.jpg,Sky Blue,Islamabad,Imported,Hatchback,660.0,12.0,Hatchback,660cc kei,2026-09-17,nissan pino|2007|18.4|116000,False,2026-09-24T19:10,False,18.4,,,1840000.0
12009445,PakWheels,Suzuki Cervo,G Limited,2009,18.5,245977.0,Automatic,Rawalpindi,Rawalpindi,,,8.0,12d,core,https://www.pakwheels.com/used-cars/suzuki-cervo-2009-for-sale-in-rawalpindi-12009445,https://cache3.pakwheels.com/ad_pictures/1516/suzuki-cervo-g-limited-4-2009-151603677.jpg,White,Punjab,Imported,Hatchback,660.0,12.0,Hatchback,660cc kei,2026-09-17,suzuki cervo|2009|18.5|245977,False,2026-09-17T14:04,False,18.5,,,1850000.0
12011692,PakWheels,Suzuki Wagon R,FX S Limited,2009,18.5,12000.0,Automatic,Islamabad,Islamabad,,,3.0,12d,core,https://www.pakwheels.com/used-cars/suzuki-wagon-r-2009-for-sale-in-islamabad-12011692,https://cache1.pakwheels.com/ad_pictures/1516/suzuki-wagon-r-fx-s-limited-2009-151640161.jpg,White,Islamabad,Imported,Hatchback,660.0,12.0,Tall-boy,660cc kei,2026-09-17,suzuki wagon r|2009|18.5|12000,False,2026-09-17T23:56,False,18.5,,,1850000.0
12012727,PakWheels,Suzuki Alto Lapin,,2012,18.9,150000.0,Automatic,Rawalpindi,Rawalpindi,,,,12d,core,https://www.pakwheels.com/used-cars/suzuki-alto-lapin-2012-for-sale-in-rawalpindi-12012727,,Urban Brown Pearl Metallic,Punjab,Imported,Hatchback,660.0,12.0,Hatchback,660cc kei,2026-09-17,suzuki alto lapin|2012|18.9|150000,False,2026-09-18T13:37,False,18.9,,,1890000.0
12009656,PakWheels,Nissan Moco,,2013,18.98,95000.0,Automatic,Rawalpindi,Rawalpindi,,,15.0,12d,core,https://www.pakwheels.com/used-cars/nissan-moco-2013-for-sale-in-rawalpindi-12009656,https://cache1.pakwheels.com/ad_pictures/1516/nissan-moco-2013-151607014.jpg,Silver,Islamabad,Imported,,660.0,12.0,Hatchback,660cc kei,2026-09-17,nissan moco|2013|18.98|95000,False,2026-09-17T14:04,False,18.98,,,1898000.0
12010458,PakWheels,Mitsubishi EK Wagon,G,2007,19.4,175700.0,Automatic,Rawalpindi,Rawalpindi,,,20.0,12d,core,https://www.pakwheels.com/used-cars/mitsubishi-ek-wagon-2007-for-sale-in-rawalpindi-12010458,https://cache3.pakwheels.com/ad_pictures/1516/mitsubishi-ek-wagon-g-3-2007-151620202.jpg,Blue,Rawalpindi,Imported,Hatchback,660.0,12.0,Hatchback,660cc kei,2026-09-17,mitsubishi ek wagon|2007|19.4|175700,False,2026-09-17T19:15,False,19.4,,,1940000.0
12010106,PakWheels,Daihatsu Terios Kid,,2004,19.5,80000.0,Manual,Islamabad,Islamabad,,,4.0,12d,core,https://www.pakwheels.com/used-cars/daihatsu-terios-kid-2004-for-sale-in-islamabad-12010106,https://cache2.pakwheels.com/ad_pictures/1516/daihatsu-terios-kid-2004-151614893.jpg,Purple,Islamabad,Imported,,660.0,12.0,Tall-boy,660cc kei,2026-09-17,daihatsu terios kid|2004|19.5|80000,False,2026-09-17T19:15,False,19.5,,,1950000.0
12009378,PakWheels,Daihatsu Move,X,2013,20.0,160000.0,Automatic,Rawalpindi,Rawalpindi,,,4.0,12d,core,https://www.pakwheels.com/used-cars/daihatsu-move-2013-for-sale-in-rawalpindi-12009378,https://cache2.pakwheels.com/ad_pictures/1516/daihatsu-move-x-5-2013-151602719.jpg,White,Islamabad,Imported,Hatchback,660.0,12.0,Tall-boy,660cc kei,2026-09-17,daihatsu move|2013|20.0|160000,False,2026-09-17T14:04,False,20.0,,,2000000.0
12008925,PakWheels,Daihatsu Mira,L,2007,20.0,100000.0,Automatic,Islamabad,Islamabad,,,10.0,12d,core,https://www.pakwheels.com/used-cars/daihatsu-mira-2007-for-sale-in-islamabad-12008925,https://cache2.pakwheels.com/ad_pictures/1515/daihatsu-mira-l-10-2007-151594557.jpg,White,Lahore,Imported,Hatchback,660.0,12.0,Hatchback,660cc kei,2026-09-17,daihatsu mira|2007|20.0|100000,False,2026-09-17T14:04,False,20.0,,,2000000.0
11976911,PakWheels,Nissan Roox,X Turbo,2014,21.5,124000.0,Automatic,Islamabad,Islamabad,,,20.0,12d,core,https://www.pakwheels.com/used-cars/nissan-roox-2014-for-sale-in-islamabad-11976911,https://cache3.pakwheels.com/ad_pictures/1511/nissan-roox-x-turbo-5-2014-151102335.jpg,White,Islamabad,Imported,Hatchback,660.0,12.0,Tall-boy,660cc kei,2026-09-17,nissan roox|2014|21.5|124000,False,2026-09-10T13:30,False,22.2,0.7,,2150000.0
12009404,PakWheels,Mitsubishi EK Custom,G,2015,22.2,100000.0,Automatic,Islamabad,Islamabad,,,12.0,12d,core,https://www.pakwheels.com/used-cars/mitsubishi-ek-custom-2015-for-sale-in-islamabad-12009404,https://cache4.pakwheels.com/ad_pictures/1516/mitsubishi-ek-custom-g-50-2015-151602904.jpg,Burgundy,Lahore,Imported,Hatchback,660.0,12.0,Hatchback,660cc kei,2026-09-17,mitsubishi ek custom|2015|22.2|100000,False,2026-09-17T14:04,False,22.7,0.5,,2220000.0
12009413,PakWheels,Suzuki Alto,G,2011,22.5,174000.0,Automatic,Islamabad,Islamabad,,,14.0,12d,core,https://www.pakwheels.com/used-cars/suzuki-alto-2011-for-sale-in-islamabad-12009413,https://cache4.pakwheels.com/ad_pictures/1516/suzuki-alto-g-4-2011-151603332.jpg,Burgundy,Islamabad,Imported,Hatchback,660.0,12.0,Hatchback,660cc kei,2026-09-17,suzuki alto|2011|22.5|174000,False,2026-09-17T14:04,False,22.5,,,2250000.0
12012482,PakWheels,Suzuki Alto,G4,2010,23.0,134000.0,Automatic,Rawalpindi,Rawalpindi,,,20.0,12d,core,https://www.pakwheels.com/used-cars/suzuki-alto-2010-for-sale-in-rawalpindi-12012482,https://cache4.pakwheels.com/ad_pictures/1516/suzuki-alto-g4-2010-151651548.jpg,White,Islamabad,Imported,Hatchback,660.0,12.0,Hatchback,660cc kei,2026-09-17,suzuki alto|2010|23.0|134000,False,2026-09-17T23:56,False,23.5,0.5,,2300000.0
12010202,PakWheels,Suzuki Alto,VXR,2021,23.5,159000.0,Manual,Islamabad,Islamabad,,,11.0,12d,core,https://www.pakwheels.com/used-cars/suzuki-alto-2021-for-sale-in-islamabad-12010202,https://cache1.pakwheels.com/ad_pictures/1516/suzuki-alto-vxr-2-2021-151616770.jpg,White,Lahore,Local,Hatchback,660.0,12.0,Hatchback,660cc kei,2026-09-17,suzuki alto|2021|23.5|159000,False,2026-09-17T19:15,False,23.5,,,2350000.0
12009399,PakWheels,Suzuki Wagon R,FX Limited,2014,23.5,140000.0,Automatic,Islamabad,Islamabad,,,16.0,12d,core,https://www.pakwheels.com/used-cars/suzuki-wagon-r-2014-for-sale-in-islamabad-12009399,https://cache4.pakwheels.com/ad_pictures/1516/suzuki-wagon-r-fx-limited-2014-151603071.jpg,Turquoise,Islamabad,Imported,Hatchback,660.0,12.0,Tall-boy,660cc kei,2026-09-17,suzuki wagon r|2014|23.5|140000,False,2026-09-17T14:04,False,23.5,,,2350000.0
12008878,PakWheels,Daihatsu Mira ES,,2013,23.5,98000.0,Automatic,Islamabad,Islamabad,,,10.0,12d,core,https://www.pakwheels.com/used-cars/daihatsu-mira-2013-for-sale-in-islamabad-12008878,https://cache2.pakwheels.com/ad_pictures/1515/daihatsu-mira-es-2013-151594017.jpg,Burgundy,Punjab,Imported,Hatchback,660.0,12.0,Hatchback,660cc kei,2026-09-17,daihatsu mira es|2013|23.5|98000,False,2026-09-17T14:04,False,23.5,,,2350000.0
12010688,PakWheels,Suzuki Alto,ECO L,2012,23.95,105000.0,Automatic,Islamabad,Islamabad,,,6.0,12d,core,https://www.pakwheels.com/used-cars/suzuki-alto-2012-for-sale-in-islamabad-12010688,https://cache1.pakwheels.com/ad_pictures/1516/suzuki-alto-eco-l-2012-151624725.jpg,Beige,Islamabad,Imported,Hatchback,660.0,12.0,Hatchback,660cc kei,2026-09-17,suzuki alto|2012|23.95|105000,False,2026-09-17T19:15,False,23.95,,,2395000.0
12010214,PakWheels,Daihatsu Move,Custom RS,2013,24.0,145000.0,Automatic,Rawalpindi,Rawalpindi,,,8.0,12d,core,https://www.pakwheels.com/used-cars/daihatsu-move-2013-for-sale-in-rawalpindi-12010214,https://cache2.pakwheels.com/ad_pictures/1516/daihatsu-move-custom-rs-2013-151617106.jpg,Black,Punjab,Imported,Hatchback,660.0,12.0,Tall-boy,660cc kei,2026-09-17,daihatsu move|2013|24.0|145000,False,2026-09-17T19:15,False,24.0,,,2400000.0
12008947,PakWheels,Suzuki Jimny,,2014,24.75,117000.0,Automatic,Islamabad,Islamabad,,,8.0,12d,core,https://www.pakwheels.com/used-cars/suzuki-jimny-2014-for-sale-in-islamabad-12008947,https://cache3.pakwheels.com/ad_pictures/1515/suzuki-jimny-2014-151594290.jpg,White,Punjab,Imported,,660.0,12.0,Hatchback,660cc kei,2026-09-17,suzuki jimny|2014|24.75|117000,False,2026-09-17T14:04,False,24.75,,,2475000.0
12009476,PakWheels,Suzuki Alto,VXR,2021,24.75,157000.0,Manual,Islamabad,Islamabad,,,14.0,12d,core,https://www.pakwheels.com/used-cars/suzuki-alto-2021-for-sale-in-islamabad-12009476,https://cache4.pakwheels.com/ad_pictures/1516/suzuki-alto-vxr-2-2021-151604430.jpg,White,Islamabad,Local,Hatchback,660.0,12.0,Hatchback,660cc kei,2026-09-17,suzuki alto|2021|24.75|157000,False,2026-09-17T14:04,False,24.75,,,2475000.0
12009144,PakWheels,Suzuki Alto,VP,2016,25.0,160000.0,Automatic,Islamabad,Islamabad,,,8.0,12d,core,https://www.pakwheels.com/used-cars/suzuki-alto-2016-for-sale-in-islamabad-12009144,https://cache4.pakwheels.com/ad_pictures/1515/suzuki-alto-vp-2016-151598678.jpg,Silver,Un-Registered,Imported,Hatchback,660.0,12.0,Hatchback,660cc kei,2026-09-17,suzuki alto|2016|25.0|160000,False,2026-09-17T14:04,False,25.0,,,2500000.0
12011824,PakWheels,Daihatsu Terios Kid,,2011,25.9,25000.0,Automatic,Rawalpindi,Rawalpindi,,,20.0,12d,core,https://www.pakwheels.com/used-cars/daihatsu-terios-kid-2011-for-sale-in-rawalpindi-12011824,https://cache3.pakwheels.com/ad_pictures/1516/daihatsu-terios-kid-2011-151641850.jpg,Silver,Islamabad,Imported,,660.0,12.0,Tall-boy,660cc kei,2026-09-17,daihatsu terios kid|2011|25.9|25000,False,2026-09-17T23:56,False,25.9,,,2590000.0
12008844,PakWheels,Nissan Dayz,Highway Star,2014,26.0,131499.0,Automatic,Islamabad,Islamabad,,,9.0,12d,core,https://www.pakwheels.com/used-cars/nissan-dayz-2014-for-sale-in-islamabad-12008844,https://cache2.pakwheels.com/ad_pictures/1515/nissan-dayz-highway-star-3-2014-151593531.jpg,Silver,Punjab,Imported,Hatchback,660.0,12.0,Hatchback,660cc kei,2026-09-17,nissan dayz|2014|26.0|131499,False,2026-09-17T14:04,False,26.0,,,2600000.0
12009477,PakWheels,Suzuki Alto,VXR,2022,27.5,42000.0,Manual,Islamabad,Islamabad,,,15.0,12d,core,https://www.pakwheels.com/used-cars/suzuki-alto-2022-for-sale-in-islamabad-12009477,https://cache3.pakwheels.com/ad_pictures/1516/suzuki-alto-vxr-2-2022-151604163.jpg,White,Islamabad,Local,Hatchback,660.0,12.0,Hatchback,660cc kei,2026-09-17,suzuki alto|2022|27.5|42000,True,2026-09-17T14:04,False,27.5,,duplicate listing,2750000.0
12009462,PakWheels,Suzuki Alto,VXR,2025,29.45,55000.0,Manual,Islamabad,Islamabad,,,13.0,12d,core,https://www.pakwheels.com/used-cars/suzuki-alto-2025-for-sale-in-islamabad-12009462,https://cache4.pakwheels.com/ad_pictures/1516/suzuki-alto-vxr-2-2025-151604152.jpg,White,Islamabad,Local,Hatchback,660.0,12.0,Hatchback,660cc kei,2026-09-17,suzuki alto|2025|29.45|55000,False,2026-09-17T14:04,False,29.45,,,2945000.0
12009508,PakWheels,Suzuki Alto,L Upgrade,2022,30.0,100000.0,Automatic,Islamabad,Islamabad,,,10.0,12d,core,https://www.pakwheels.com/used-cars/suzuki-alto-2022-for-sale-in-islamabad-12009508,https://cache2.pakwheels.com/ad_pictures/1516/suzuki-alto-l-upgrade-2022-151604620.jpg,White,Islamabad,Local,Mini Vehicles,660.0,12.0,Hatchback,660cc kei,2026-09-17,suzuki alto|2022|30.0|100000,False,2026-09-17T14:04,False,30.0,,,3000000.0
12008058,PakWheels,Daihatsu Terios Kid,Custom L,2007,14.75,10000.0,Automatic,Islamabad,Islamabad,,,10.0,13d,core,https://www.pakwheels.com/used-cars/daihatsu-terios-kid-2007-for-sale-in-islamabad-12008058,https://cache4.pakwheels.com/ad_pictures/1515/daihatsu-terios-kid-custom-l-2007-151582240.jpg,Silver,Karachi,Imported,SUV,660.0,13.0,Tall-boy,660cc kei,2026-09-16,daihatsu terios kid|2007|14.75|10000,False,2026-09-16T23:49,False,14.75,,,1475000.0
11875070,PakWheels,Daihatsu Mira,,2006,15.5,150000.0,Automatic,Islamabad,Islamabad,,,11.0,13d,core,https://www.pakwheels.com/used-cars/daihatsu-mira-2006-for-sale-in-islamabad-11875070,https://cache2.pakwheels.com/ad_pictures/1495/daihatsu-mira-2006-149542317.jpg,White,Islamabad,Imported,,660.0,13.0,Hatchback,660cc kei,2026-09-16,daihatsu mira|2006|15.5|150000,False,2026-09-16T23:49,False,15.5,,,1550000.0
12006778,PakWheels,Daihatsu Mira,TL 4WD,2008,18.0,200000.0,Manual,Rawalpindi,Rawalpindi,,,12.0,13d,core,https://www.pakwheels.com/used-cars/daihatsu-mira-2008-for-sale-in-rawalpindi-12006778,https://cache4.pakwheels.com/ad_pictures/1515/daihatsu-mira-tl-4wd-2008-151561282.jpg,Silver,Islamabad,Imported,Hatchback,660.0,13.0,Hatchback,660cc kei,2026-09-16,daihatsu mira|2008|18.0|200000,False,2026-09-16T19:10,False,18.0,,,1800000.0
11994951,PakWheels,Nissan Pino,,2007,18.2,130000.0,Automatic,Islamabad,Islamabad,,,15.0,13d,core,https://www.pakwheels.com/used-cars/nissan-pino-2007-for-sale-in-islamabad-11994951,https://cache1.pakwheels.com/ad_pictures/1513/nissan-pino-2007-151378147.jpg,Turquoise,Islamabad,Imported,,660.0,13.0,Hatchback,660cc kei,2026-09-16,nissan pino|2007|18.2|130000,False,2026-09-13T23:03,False,18.3,0.1,,1820000.0
12006472,PakWheels,Nissan Pino,S,2007,18.9,150000.0,Automatic,Islamabad,Islamabad,,,10.0,13d,core,https://www.pakwheels.com/used-cars/nissan-pino-2007-for-sale-in-islamabad-12006472,https://cache1.pakwheels.com/ad_pictures/1515/nissan-pino-s-2007-151556994.jpg,Black,Islamabad,Imported,Hatchback,660.0,13.0,Hatchback,660cc kei,2026-09-16,nissan pino|2007|18.9|150000,False,2026-09-16T19:10,False,18.9,,,1890000.0
12005530,PakWheels,Suzuki Alto,G,2007,19.5,180000.0,Automatic,Rawalpindi,Rawalpindi,,,8.0,13d,core,https://www.pakwheels.com/used-cars/suzuki-alto-2007-for-sale-in-rawalpindi-12005530,https://cache1.pakwheels.com/ad_pictures/1515/suzuki-alto-g-4-2007-151541194.jpg,White,Islamabad,Imported,Hatchback,660.0,13.0,Hatchback,660cc kei,2026-09-16,suzuki alto|2007|19.5|180000,False,2026-09-16T19:10,False,19.5,,,1950000.0
12004563,PakWheels,Suzuki Alto,GII,2008,19.8,170000.0,Automatic,Islamabad,Islamabad,,,8.0,13d,core,https://www.pakwheels.com/used-cars/suzuki-alto-2008-for-sale-in-islamabad-12004563,https://cache2.pakwheels.com/ad_pictures/1515/suzuki-alto-gii-2008-151524802.jpg,White,Islamabad,Imported,Hatchback,660.0,13.0,Hatchback,660cc kei,2026-09-16,suzuki alto|2008|19.8|170000,False,2026-09-16T13:58,False,19.8,,,1980000.0
12007144,PakWheels,Daihatsu Mira,,2010,19.9,150000.0,Automatic,Rawalpindi,Rawalpindi,,,5.0,13d,core,https://www.pakwheels.com/used-cars/daihatsu-mira-2010-for-sale-in-rawalpindi-12007144,https://cache2.pakwheels.com/ad_pictures/1515/daihatsu-mira-2010-151567205.jpg,Silver,Islamabad,Imported,,660.0,13.0,Hatchback,660cc kei,2026-09-16,daihatsu mira|2010|19.9|150000,False,2026-09-16T19:10,False,19.9,,,1990000.0
11915308,PakWheels,Daihatsu Move,Custom G,2011,21.3,160000.0,Automatic,Rawalpindi,Rawalpindi,,,4.0,13d,core,https://www.pakwheels.com/used-cars/daihatsu-move-2011-for-sale-in-rawalpindi-11915308,https://cache4.pakwheels.com/ad_pictures/1501/daihatsu-move-custom-g-2011-150159628.jpg,champaigne-green,Islamabad,Imported,Hatchback,660.0,13.0,Tall-boy,660cc kei,2026-09-16,daihatsu move|2011|21.3|160000,False,2026-09-16T19:10,False,21.75,0.45,,2130000.0
12004672,PakWheels,Daihatsu Move,Custom G,2013,21.8,100000.0,Automatic,Islamabad,Islamabad,,,10.0,13d,core,https://www.pakwheels.com/used-cars/daihatsu-move-2013-for-sale-in-islamabad-12004672,https://cache3.pakwheels.com/ad_pictures/1515/daihatsu-move-custom-g-2013-151526813.jpg,White,Lahore,Imported,Hatchback,660.0,13.0,Tall-boy,660cc kei,2026-09-16,daihatsu move|2013|21.8|100000,False,2026-09-16T13:58,False,22.25,0.45,,2180000.0
12007742,PakWheels,Suzuki Alto,ECO L,2014,22.0,108000.0,Automatic,Islamabad,Islamabad,,,4.0,13d,core,https://www.pakwheels.com/used-cars/suzuki-alto-2014-for-sale-in-islamabad-12007742,https://cache2.pakwheels.com/ad_pictures/1515/suzuki-alto-eco-l-2014-151577640.jpg,Pink,Sindh,Imported,Hatchback,660.0,13.0,Hatchback,660cc kei,2026-09-16,suzuki alto|2014|22.0|108000,False,2026-09-16T23:49,False,22.0,,,2200000.0
12005532,PakWheels,Suzuki Alto,F,2021,22.5,174000.0,Automatic,Islamabad,Islamabad,,,14.0,13d,core,https://www.pakwheels.com/used-cars/suzuki-alto-2021-for-sale-in-islamabad-12005532,https://cache4.pakwheels.com/ad_pictures/1515/suzuki-alto-f-2-2021-151540075.jpg,Burgundy,Islamabad,Imported,Hatchback,660.0,13.0,Hatchback,660cc kei,2026-09-16,suzuki alto|2021|22.5|174000,False,2026-09-16T19:10,False,22.5,,,2250000.0
12006740,PakWheels,Subaru Pleo,A,2014,23.3,98600.0,Automatic,Rawalpindi,Rawalpindi,,,14.0,13d,core,https://www.pakwheels.com/used-cars/subaru-pleo-2014-for-sale-in-rawalpindi-12006740,https://cache3.pakwheels.com/ad_pictures/1515/subaru-pleo-a-2-2014-151561976.jpg,Blue,Islamabad,Imported,Hatchback,660.0,13.0,Hatchback,660cc kei,2026-09-16,subaru pleo|2014|23.3|98600,True,2026-09-16T19:10,False,23.3,,duplicate listing,2330000.0
11870300,PakWheels,Suzuki Alto,ECO S,2014,23.8,140000.0,Automatic,Islamabad,Islamabad,,,5.0,13d,core,https://www.pakwheels.com/used-cars/suzuki-alto-2014-for-sale-in-islamabad-11870300,https://cache3.pakwheels.com/ad_pictures/1494/suzuki-alto-eco-s-2014-149469975.jpg,Red,Islamabad,Imported,Hatchback,660.0,13.0,Hatchback,660cc kei,2026-09-16,suzuki alto|2014|23.8|140000,False,2026-09-16T23:49,False,24.5,0.7,,2380000.0
12007338,PakWheels,Mitsubishi EK Wagon,,2014,24.0,80000.0,Automatic,Islamabad,Islamabad,,,2.0,13d,core,https://www.pakwheels.com/used-cars/mitsubishi-ek-wagon-2014-for-sale-in-islamabad-12007338,https://cache2.pakwheels.com/ad_pictures/1515/mitsubishi-ek-wagon-2014-151571802.jpg,Black,Karachi,Imported,,660.0,13.0,Hatchback,660cc kei,2026-09-16,mitsubishi ek wagon|2014|24.0|80000,False,2026-09-16T19:10,False,25.5,1.5,,2400000.0
12007829,PakWheels,Suzuki Alto,VXR,2020,24.5,135299.0,Manual,Islamabad,Islamabad,,,9.0,13d,core,https://www.pakwheels.com/used-cars/suzuki-alto-2020-for-sale-in-islamabad-12007829,https://cache2.pakwheels.com/ad_pictures/1515/suzuki-alto-vxr-2-2020-151578923.jpg,White,Islamabad,Local,Hatchback,660.0,13.0,Hatchback,660cc kei,2026-09-16,suzuki alto|2020|24.5|135299,False,2026-09-16T23:49,False,24.5,,,2450000.0
12004836,PakWheels,Suzuki Swift,DLX 1 3 Navigation,2018,24.95,102000.0,Manual,Rawalpindi,Rawalpindi,,,7.0,13d,core,https://www.pakwheels.com/used-cars/suzuki-swift-2018-for-sale-in-rawalpindi-12004836,https://cache1.pakwheels.com/ad_pictures/1515/suzuki-swift-dlx-1-3-navigation-2018-151529908.jpg,White,Islamabad,Local,Hatchback,1300.0,13.0,Hatchback,1000-1300cc,2026-09-16,suzuki swift|2018|24.95|102000,False,2026-09-16T13:58,False,24.95,,,2495000.0
12004810,PakWheels,Suzuki Alto,X,2017,25.0,98000.0,Automatic,Rawalpindi,Rawalpindi,,,8.0,13d,core,https://www.pakwheels.com/used-cars/suzuki-alto-2017-for-sale-in-rawalpindi-12004810,https://cache2.pakwheels.com/ad_pictures/1515/suzuki-alto-x-9-2017-151529584.jpg,White,Rawalpindi,Imported,Hatchback,660.0,13.0,Hatchback,660cc kei,2026-09-16,suzuki alto|2017|25.0|98000,False,2026-09-16T13:58,False,25.0,,,2500000.0
11988096,PakWheels,Suzuki Alto,ECO L,2012,25.5,91000.0,Automatic,Islamabad,Islamabad,,,8.0,13d,core,https://www.pakwheels.com/used-cars/suzuki-alto-2012-for-sale-in-islamabad-11988096,https://cache2.pakwheels.com/ad_pictures/1512/suzuki-alto-eco-l-2012-151274308.jpg,Silver,Islamabad,Imported,Hatchback,660.0,13.0,Hatchback,660cc kei,2026-09-16,suzuki alto|2012|25.5|91000,False,2026-09-16T19:10,False,25.5,,,2550000.0
12004772,PakWheels,Daihatsu Tanto,Custom RS,2015,25.5,105000.0,Automatic,Islamabad,Islamabad,,,8.0,13d,core,https://www.pakwheels.com/used-cars/daihatsu-tanto-2015-for-sale-in-islamabad-12004772,https://cache1.pakwheels.com/ad_pictures/1515/daihatsu-tanto-custom-rs-4-2015-151528901.jpg,Bright Silver Metallic,Un-Registered,Imported,Hatchback,660.0,13.0,Tall-boy,660cc kei,2026-09-16,daihatsu tanto|2015|25.5|105000,False,2026-09-16T13:58,False,25.5,,,2550000.0
11758173,PakWheels,Mitsubishi EK Wagon,G,2014,25.5,138000.0,Automatic,Islamabad,Islamabad,,,11.0,13d,core,https://www.pakwheels.com/used-cars/mitsubishi-ek-wagon-2014-for-sale-in-islamabad-11758173,https://cache2.pakwheels.com/ad_pictures/1477/mitsubishi-ek-wagon-g-3-2014-147753692.jpg,Pink,Islamabad,Imported,Hatchback,660.0,13.0,Hatchback,660cc kei,2026-09-16,mitsubishi ek wagon|2014|25.5|138000,False,2026-09-16T13:58,False,25.5,,,2550000.0
12004845,PakWheels,Suzuki Alto,L,2016,25.9,110000.0,Automatic,Rawalpindi,Rawalpindi,,,9.0,13d,core,https://www.pakwheels.com/used-cars/suzuki-alto-2016-for-sale-in-rawalpindi-12004845,https://cache2.pakwheels.com/ad_pictures/1515/suzuki-alto-l-27-2016-151529963.jpg,Turquoise,Islamabad,Imported,Hatchback,660.0,13.0,Hatchback,660cc kei,2026-09-16,suzuki alto|2016|25.9|110000,False,2026-09-16T13:58,False,25.9,,,2590000.0
12007042,PakWheels,Mitsubishi EK Wagon,G Safety Package,2016,26.0,150000.0,Automatic,Islamabad,Islamabad,,,9.0,13d,core,https://www.pakwheels.com/used-cars/mitsubishi-ek-wagon-2016-for-sale-in-islamabad-12007042,https://cache4.pakwheels.com/ad_pictures/1515/mitsubishi-ek-wagon-g-safety-package-2016-151567727.jpg,Silver,Sindh,Imported,Hatchback,660.0,13.0,Hatchback,660cc kei,2026-09-16,mitsubishi ek wagon|2016|26.0|150000,False,2026-09-16T23:49,False,26.0,,,2600000.0
12007718,PakWheels,Honda N Wgn,G Turbo Package,2014,26.6,110000.0,Automatic,Islamabad,Islamabad,,,9.0,13d,core,https://www.pakwheels.com/used-cars/honda-n-wgn-2014-for-sale-in-islamabad-12007718,https://cache1.pakwheels.com/ad_pictures/1515/honda-n-wgn-g-turbo-package-4-2014-151577561.jpg,Black,Lahore,Imported,Hatchback,660.0,13.0,Tall-boy,660cc kei,2026-09-16,honda n wgn|2014|26.6|110000,False,2026-09-16T23:49,False,26.6,,,2660000.0
12005879,PakWheels,Suzuki Alto,F,2021,26.6,96200.0,Automatic,Islamabad,Islamabad,,,8.0,13d,core,https://www.pakwheels.com/used-cars/suzuki-alto-2021-for-sale-in-islamabad-12005879,https://cache4.pakwheels.com/ad_pictures/1515/suzuki-alto-f-2-2021-151546250.jpg,White,Punjab,Imported,Hatchback,660.0,13.0,Hatchback,660cc kei,2026-09-16,suzuki alto|2021|26.6|96200,False,2026-09-16T19:10,False,26.6,,,2660000.0
12003037,PakWheels,Suzuki Swift,DLX 1 3 Navigation,2017,27.85,90000.0,Manual,Islamabad,Islamabad,,,20.0,13d,core,https://www.pakwheels.com/used-cars/suzuki-swift-2017-for-sale-in-islamabad-12003037,https://cache3.pakwheels.com/ad_pictures/1515/suzuki-swift-dlx-1-3-navigation-2017-151506203.jpg,White,Islamabad,Local,Hatchback,1300.0,13.0,Hatchback,1000-1300cc,2026-09-16,suzuki swift|2017|27.85|90000,False,2026-09-16T19:10,False,27.9,0.05,,2785000.0
12005089,PakWheels,Suzuki Alto,VXR Upgraded,2025,29.6,34000.0,Manual,Islamabad,Islamabad,,,7.0,13d,core,https://www.pakwheels.com/used-cars/suzuki-alto-2025-for-sale-in-islamabad-12005089,https://cache2.pakwheels.com/ad_pictures/1515/suzuki-alto-vxr-upgraded-2025-151534009.jpg,White,Punjab,Local,Hatchback,660.0,13.0,Hatchback,660cc kei,2026-09-16,suzuki alto|2025|29.6|34000,False,2026-09-16T13:58,False,29.6,,,2960000.0
11738655,PakWheels,Mitsubishi EK Wagon,M,2019,30.0,65000.0,Automatic,Islamabad,Islamabad,,,25.0,13d,core,https://www.pakwheels.com/used-cars/mitsubishi-ek-wagon-2019-for-sale-in-islamabad-11738655,https://cache4.pakwheels.com/ad_pictures/1474/mitsubishi-ek-wagon-m-2019-147451170.jpg,Black,Punjab,Imported,Hatchback,660.0,13.0,Hatchback,660cc kei,2026-09-16,mitsubishi ek wagon|2019|30.0|65000,False,2026-09-17T14:04,False,30.0,,,3000000.0
12007054,PakWheels,Suzuki Alto,VXL,2024,30.0,50000.0,Automatic,Islamabad,Islamabad,,,4.0,13d,core,https://www.pakwheels.com/used-cars/suzuki-alto-2024-for-sale-in-islamabad-12007054,https://cache2.pakwheels.com/ad_pictures/1515/suzuki-alto-vxl-2-2024-151566780.jpg,White,Islamabad,Local,Hatchback,660.0,13.0,Hatchback,660cc kei,2026-09-16,suzuki alto|2024|30.0|50000,False,2026-09-26T18:44,False,30.0,,,3000000.0
12005332,PakWheels,Nissan Dayz,Highway Star X,2017,30.0,129000.0,Automatic,Islamabad,Islamabad,,,4.0,13d,core,https://www.pakwheels.com/used-cars/nissan-dayz-2017-for-sale-in-islamabad-12005332,https://cache1.pakwheels.com/ad_pictures/1515/nissan-dayz-highway-star-x-2017-151537718.jpg,Silver,Lahore,Imported,Hatchback,660.0,13.0,Hatchback,660cc kei,2026-09-16,nissan dayz|2017|30.0|129000,False,2026-09-16T13:58,False,30.0,,,3000000.0
1118129164,OLX,Nissan March,1997,1997,9.25,250000.0,,Islamabad,"Diplomatic Enclave, Islamabad",,,,2w,core,https://www.olx.com.pk/item/-iid-1118129164,https://images.olx.com.pk/thumbnails/638740033-600x450.jpeg,,,,,,14.0,Hatchback,1000-1300cc,2026-09-15,nissan march|1997|9.25|250000,False,2026-09-17T14:04,False,9.25,,,925000.0
11314215,PakWheels,Mitsubishi Pajero Mini,,1997,12.0,98000.0,Manual,Islamabad,Islamabad,,,10.0,14d,core,https://www.pakwheels.com/used-cars/mitsubishi-pajero-mini-1997-for-sale-in-islamabad-11314215,https://cache2.pakwheels.com/ad_pictures/1409/mitsubishi-pajero-mini-1997-140927421.jpg,Pink,Sindh,Imported,,660.0,14.0,Tall-boy,660cc kei,2026-09-15,mitsubishi pajero mini|1997|12.0|98000,False,2026-09-13T18:47,False,12.0,,,1200000.0
1119417360,OLX,Daihatsu Mira,Turbo,1999,13.0,240000.0,,Rawalpindi,"Bahria Town Rawalpindi, Rawalpindi",,,,2w,core,https://www.olx.com.pk/item/-iid-1119417360,https://images.olx.com.pk/thumbnails/646406216-600x450.jpeg,,,,,,14.0,Hatchback,660cc kei,2026-09-15,daihatsu mira|1999|13.0|240000,True,2026-09-18T13:37,False,13.0,,duplicate listing,1300000.0
12001792,PakWheels,Suzuki Alto,,1998,13.8,200000.0,Manual,Rawalpindi,Rawalpindi,,,7.0,14d,core,https://www.pakwheels.com/used-cars/suzuki-alto-1998-for-sale-in-rawalpindi-12001792,https://cache3.pakwheels.com/ad_pictures/1514/suzuki-alto-1998-151482583.jpg,Silver,Rawalpindi,Local,,660.0,14.0,Hatchback,660cc kei,2026-09-15,suzuki alto|1998|13.8|200000,False,2026-09-15T19:18,False,13.8,,,1380000.0
1119410202,OLX,Daihatsu Mira,2007 2 Door,2007,14.0,234761.0,,Rawalpindi,"Park View, Rawalpindi",,,,2w,core,https://www.olx.com.pk/item/-iid-1119410202,https://images.olx.com.pk/thumbnails/646364590-600x450.jpeg,,,,,,14.0,Hatchback,660cc kei,2026-09-15,daihatsu mira|2007|14.0|234761,False,2026-09-18T13:37,False,15.0,1.0,,1400000.0
1116080590,OLX,Nissan March,1999,1999,14.25,123453.0,,Rawalpindi,"Saddar, Rawalpindi",,,,2w,core,https://www.olx.com.pk/item/-iid-1116080590,https://images.olx.com.pk/thumbnails/626741218-600x450.jpeg,,,,,,14.0,Hatchback,1000-1300cc,2026-09-15,nissan march|1999|14.25|123453,False,2026-09-17T14:04,False,14.25,,,1425000.0
12000278,PakWheels,Daihatsu Esse,ECO,2007,14.5,155000.0,Manual,Rawalpindi,Rawalpindi,,,17.0,14d,core,https://www.pakwheels.com/used-cars/daihatsu-esse-2007-for-sale-in-rawalpindi-12000278,https://cache2.pakwheels.com/ad_pictures/1514/daihatsu-esse-eco-2007-151458929.jpg,Beige,Lahore,Imported,Hatchback,660.0,14.0,Hatchback,660cc kei,2026-09-15,daihatsu esse|2007|14.5|155000,False,2026-09-15T14:04,False,14.5,,,1450000.0
12004169,PakWheels,Daihatsu Mira,X Memorial Edition,2008,15.7,100000.0,Automatic,Islamabad,Islamabad,,,9.0,14d,core,https://www.pakwheels.com/used-cars/daihatsu-mira-2008-for-sale-in-islamabad-12004169,https://cache2.pakwheels.com/ad_pictures/1515/daihatsu-mira-x-memorial-edition-2008-151519636.jpg,White,Islamabad,Imported,Hatchback,660.0,14.0,Hatchback,660cc kei,2026-09-15,daihatsu mira|2008|15.7|100000,False,2026-09-16T13:58,False,15.7,,,1570000.0
1119438375,OLX,Daihatsu Mira,2007,2007,15.75,123456.0,,Rawalpindi,"Rehmanabad, Rawalpindi",,,,2w,core,https://www.olx.com.pk/item/-iid-1119438375,https://images.olx.com.pk/thumbnails/646529186-600x450.jpeg,,,,,,14.0,Hatchback,660cc kei,2026-09-15,daihatsu mira|2007|15.75|123456,False,2026-09-18T13:37,False,15.75,,,1575000.0
12002943,PakWheels,Daihatsu Mira,Gino 2 Premium X,2006,17.5,160000.0,Automatic,Islamabad,Islamabad,,,6.0,14d,core,https://www.pakwheels.com/used-cars/daihatsu-mira-gino-2006-for-sale-in-islamabad-12002943,https://cache1.pakwheels.com/ad_pictures/1515/daihatsu-mira-gino-2-premium-x-2006-151502154.jpg,White,Islamabad,Imported,Hatchback,660.0,14.0,Hatchback,660cc kei,2026-09-15,daihatsu mira|2006|17.5|160000,False,2026-09-15T19:18,False,18.0,0.5,,1750000.0
12003149,PakWheels,Daihatsu Mira,X,2006,18.0,190000.0,Automatic,Islamabad,Islamabad,,,4.0,14d,core,https://www.pakwheels.com/used-cars/daihatsu-mira-2006-for-sale-in-islamabad-12003149,https://cache1.pakwheels.com/ad_pictures/1515/daihatsu-mira-x-8-2006-151504814.jpg,White,Punjab,Imported,Hatchback,660.0,14.0,Hatchback,660cc kei,2026-09-15,daihatsu mira|2006|18.0|190000,False,2026-09-15T23:51,False,18.0,,,1800000.0
1119348433,OLX,Daihatsu Tanto,2012,2012,18.14,200000.0,,Islamabad,"Anaya Heights, Islamabad",,,,2w,core,https://www.olx.com.pk/item/-iid-1119348433,https://images.olx.com.pk/thumbnails/645993430-600x450.jpeg,,,,,,14.0,Tall-boy,660cc kei,2026-09-15,daihatsu tanto|2012|18.14|200000,False,2026-09-16T13:58,False,18.14,,,1814000.0
12000582,PakWheels,Suzuki Alto,GII,2007,18.5,168236.0,Automatic,Islamabad,Islamabad,,,9.0,14d,core,https://www.pakwheels.com/used-cars/suzuki-alto-2007-for-sale-in-islamabad-12000582,https://cache2.pakwheels.com/ad_pictures/1514/suzuki-alto-gii-2007-151464503.jpg,White,Punjab,Imported,Hatchback,660.0,14.0,Hatchback,660cc kei,2026-09-15,suzuki alto|2007|18.5|168236,False,2026-09-15T14:04,False,18.5,,,1850000.0
1119454603,OLX,Daihatsu Boon,2005,2005,18.5,185000.0,,Islamabad,"E-11/2, Islamabad",,,,2w,core,https://www.olx.com.pk/item/-iid-1119454603,https://images.olx.com.pk/thumbnails/646631541-600x450.jpeg,,,,,,14.0,Hatchback,1000-1300cc,2026-09-15,daihatsu boon|2005|18.5|185000,False,2026-09-19T13:27,False,18.5,,,1850000.0
1119197172,OLX,Nissan Roox,2011/14 import,2011,18.89,172000.0,,Islamabad,"7th Avenue, Islamabad",,,,2w,core,https://www.olx.com.pk/item/-iid-1119197172,https://images.olx.com.pk/thumbnails/645092578-600x450.jpeg,,,,,,14.0,Tall-boy,660cc kei,2026-09-15,nissan roox|2011|18.89|172000,False,2026-09-12T13:19,False,18.89,,,1889000.0
1119254876,OLX,Toyota Belta,2006,2006,19.3,132567.0,,Rawalpindi,"Airport Housing Society, Rawalpindi",,,,2w,core,https://www.olx.com.pk/item/-iid-1119254876,https://images.olx.com.pk/thumbnails/648690516-600x450.jpeg,,,,,,14.0,Hatchback,1000-1300cc,2026-09-15,toyota belta|2006|19.3|132567,False,2026-09-14T14:16,False,19.85,0.55,,1930000.0
12001975,PakWheels,Daihatsu Mira,X,2013,20.0,160000.0,Automatic,Islamabad,Islamabad,,,6.0,14d,core,https://www.pakwheels.com/used-cars/daihatsu-mira-2013-for-sale-in-islamabad-12001975,https://cache4.pakwheels.com/ad_pictures/1514/daihatsu-mira-x-8-2013-151486265.jpg,Grey,Islamabad,Imported,Hatchback,660.0,14.0,Hatchback,660cc kei,2026-09-15,daihatsu mira|2013|20.0|160000,False,2026-09-15T19:18,False,20.0,,,2000000.0
11999358,PakWheels,Honda Life,Pastel HID Special,2009,20.98,198560.0,Automatic,Islamabad,Islamabad,,,11.0,14d,core,https://www.pakwheels.com/used-cars/honda-life-2009-for-sale-in-islamabad-11999358,https://cache1.pakwheels.com/ad_pictures/1514/honda-life-pastel-hid-special-2013-151446962.jpg,Pink,Punjab,Imported,Hatchback,660.0,14.0,Hatchback,660cc kei,2026-09-15,honda life|2009|20.98|198560,False,2026-09-22T13:57,False,21.25,0.27,,2098000.0
12002874,PakWheels,Subaru Pleo,Plus,2014,21.3,98000.0,Automatic,Islamabad,Islamabad,,,6.0,14d,core,https://www.pakwheels.com/used-cars/subaru-pleo-plus-2014-for-sale-in-islamabad-12002874,https://cache4.pakwheels.com/ad_pictures/1514/subaru-pleo-plus-2014-151499497.jpg,Pink,Lahore,Imported,,660.0,14.0,Hatchback,660cc kei,2026-09-15,subaru pleo|2014|21.3|98000,False,2026-09-15T19:18,False,21.3,,,2130000.0
1119459062,OLX,Toyota Belta,2005,2005,21.8,178000.0,,Islamabad,"I-8 Markaz, Islamabad",,,,2w,core,https://www.olx.com.pk/item/-iid-1119459062,https://images.olx.com.pk/thumbnails/646656652-600x450.jpeg,,,,,,14.0,Hatchback,1000-1300cc,2026-09-15,toyota belta|2005|21.8|178000,False,2026-09-19T13:27,False,21.8,,,2180000.0
1117980771,OLX,Toyota Vitz,2000 import 2005,2000,22.0,299999.0,,Islamabad,"F-11 Markaz, Islamabad",,,,2w,core,https://www.olx.com.pk/item/-iid-1117980771,https://images.olx.com.pk/thumbnails/637873204-600x450.jpeg,,,,,,14.0,Hatchback,1000-1300cc,2026-09-15,toyota vitz|2000|22.0|299999,False,2026-09-17T14:04,False,22.0,,,2200000.0
1119282750,OLX,Suzuki Alto Lapin,2012,2012,22.3,176000.0,,Rawalpindi,"Westridge 3, Rawalpindi",,,,2w,core,https://www.olx.com.pk/item/-iid-1119282750,https://images.olx.com.pk/thumbnails/645605739-600x450.jpeg,,,,,,14.0,Hatchback,660cc kei,2026-09-15,suzuki alto lapin|2012|22.3|176000,False,2026-09-15T14:04,False,22.3,,,2230000.0
1119338903,OLX,Mazda Carol,2016,2016,22.5,140000.0,,Islamabad,"G-7, Islamabad",,,,2w,core,https://www.olx.com.pk/item/-iid-1119338903,https://images.olx.com.pk/thumbnails/645939563-600x450.jpeg,,,,,,14.0,Hatchback,660cc kei,2026-09-15,mazda carol|2016|22.5|140000,False,2026-09-16T13:58,False,22.5,,,2250000.0
12001508,PakWheels,Suzuki Wagon R,FA,2014,22.9,600000.0,Automatic,Rawalpindi,Rawalpindi,,,18.0,14d,core,https://www.pakwheels.com/used-cars/suzuki-wagon-r-2014-for-sale-in-rawalpindi-12001508,https://cache2.pakwheels.com/ad_pictures/1514/suzuki-wagon-r-fa-2017-151478009.jpg,Pink,Islamabad,Imported,Hatchback,660.0,14.0,Tall-boy,660cc kei,2026-09-15,suzuki wagon r|2014|22.9|600000,False,2026-09-15T19:18,False,24.0,1.1,very high mileage,2290000.0
12001584,PakWheels,Suzuki Alto Lapin,,2016,23.0,80000.0,Automatic,Islamabad,Islamabad,,,6.0,14d,core,https://www.pakwheels.com/used-cars/suzuki-alto-lapin-2016-for-sale-in-islamabad-12001584,https://cache1.pakwheels.com/ad_pictures/1514/suzuki-alto-lapin-2016-151479555.jpg,Beige,Islamabad,Imported,,660.0,14.0,Hatchback,660cc kei,2026-09-15,suzuki alto lapin|2016|23.0|80000,False,2026-09-15T19:18,False,23.0,,,2300000.0
1119329982,OLX,Daihatsu Tanto,For sale,2012,23.0,100000.0,,Wah,"Wah Cantt, Wah",,,,2w,near,https://www.olx.com.pk/item/-iid-1119329982,https://images.olx.com.pk/thumbnails/645885475-600x450.jpeg,,,,,,14.0,Tall-boy,660cc kei,2026-09-15,daihatsu tanto|2012|23.0|100000,False,2026-09-16T13:58,False,24.0,1.0,outside city - Wah/Taxila/Attock/Jhelum area,2300000.0
1119293859,OLX,Nissan Dayz,2013,2013,23.3,160000.0,,Islamabad,"Victoria Heights, Islamabad",,,,2w,core,https://www.olx.com.pk/item/-iid-1119293859,https://images.olx.com.pk/thumbnails/645671931-600x450.jpeg,,,,,,14.0,Hatchback,660cc kei,2026-09-15,nissan dayz|2013|23.3|160000,False,2026-09-15T14:04,False,23.5,0.2,,2330000.0
12000074,PakWheels,Nissan Dayz,Highway Star X,2013,23.5,160000.0,Automatic,Islamabad,Islamabad,,,14.0,14d,core,https://www.pakwheels.com/used-cars/nissan-dayz-2013-for-sale-in-islamabad-12000074,https://cache1.pakwheels.com/ad_pictures/1514/nissan-dayz-highway-star-x-2013-151456185.jpg,Silver,Punjab,Imported,Hatchback,660.0,14.0,Hatchback,660cc kei,2026-09-15,nissan dayz|2013|23.5|160000,False,2026-09-15T14:04,False,23.5,,,2350000.0
1119332530,OLX,Mazda Carol,2013/16,2016,23.95,143500.0,,Islamabad,"Jhangi Syedan, Islamabad",,,,2w,core,https://www.olx.com.pk/item/-iid-1119332530,https://images.olx.com.pk/thumbnails/645900582-600x450.jpeg,,,,,,14.0,Hatchback,660cc kei,2026-09-15,mazda carol|2016|23.95|143500,True,2026-09-16T13:58,False,23.95,,duplicate listing,2395000.0
12002858,PakWheels,Daihatsu Mira ES,,2011,24.0,110000.0,Automatic,Islamabad,Islamabad,,,7.0,14d,core,https://www.pakwheels.com/used-cars/daihatsu-mira-2011-for-sale-in-islamabad-12002858,https://cache4.pakwheels.com/ad_pictures/1515/daihatsu-mira-es-2011-151500163.jpg,Magenta,Punjab,Imported,Hatchback,660.0,14.0,Hatchback,660cc kei,2026-09-15,daihatsu mira es|2011|24.0|110000,False,2026-09-15T19:18,False,24.5,0.5,,2400000.0
12002369,PakWheels,Suzuki Alto,VXL,2019,24.0,130.0,Automatic,Islamabad,Islamabad,,,8.0,14d,core,https://www.pakwheels.com/used-cars/suzuki-alto-2019-for-sale-in-islamabad-12002369,https://cache4.pakwheels.com/ad_pictures/1514/suzuki-alto-vxl-2-2019-151492049.jpg,White,Lahore,Local,Hatchback,660.0,14.0,Hatchback,660cc kei,2026-09-15,suzuki alto|2019|24.0|130,False,2026-09-15T19:18,False,24.0,,mileage implausibly low,2400000.0
1119467679,OLX,Daihatsu Mira,,2011,24.2,82369.0,,Rawalpindi,"KRL Road, Rawalpindi",,,,2w,core,https://www.olx.com.pk/item/-iid-1119467679,https://images.olx.com.pk/thumbnails/646705418-600x450.jpeg,,,,,,14.0,Hatchback,660cc kei,2026-09-15,daihatsu mira|2011|24.2|82369,False,2026-09-19T13:27,False,24.2,,,2420000.0
1119368033,OLX,Daihatsu Mira,2018,2018,24.5,75280.0,,Islamabad,"G-8 Markaz, Islamabad",,,,2w,core,https://www.olx.com.pk/item/-iid-1119368033,https://images.olx.com.pk/thumbnails/646113107-600x450.jpeg,,,,,,14.0,Hatchback,660cc kei,2026-09-15,daihatsu mira|2018|24.5|75280,False,2026-09-17T14:04,False,24.5,,,2450000.0
1119466220,OLX,Nissan Dayz,2013,2013,24.5,,,Wah,"Wah Cantt, Wah",,,,2w,near,https://www.olx.com.pk/item/-iid-1119466220,https://images.olx.com.pk/thumbnails/646696982-600x450.jpeg,,,,,,14.0,Hatchback,660cc kei,2026-09-15,nissan dayz|2013|24.5|-1,False,2026-09-19T13:27,False,24.5,,outside city - Wah/Taxila/Attock/Jhelum area,2450000.0
1119271702,OLX,Nissan Roox,dayz 2016 model in excellent condition for sale,2016,24.5,123000.0,,Rawalpindi,"Askari 14, Rawalpindi",,,,2w,core,https://www.olx.com.pk/item/-iid-1119271702,https://images.olx.com.pk/thumbnails/645533567-600x450.jpeg,,,,,,14.0,Tall-boy,660cc kei,2026-09-15,nissan roox|2016|24.5|123000,False,2026-09-14T14:16,False,24.5,,,2450000.0
1118196149,OLX,Daihatsu Mira,2014,2014,24.7,184000.0,,Rawalpindi,"Janjua Town, Rawalpindi",,,,2w,core,https://www.olx.com.pk/item/-iid-1118196149,https://images.olx.com.pk/thumbnails/639141966-600x450.jpeg,,,,,,14.0,Hatchback,660cc kei,2026-09-15,daihatsu mira|2014|24.7|184000,False,2026-09-18T13:37,False,24.7,,,2470000.0
1119349729,OLX,Nissan Dayz,2018,2018,24.75,180000.0,,Wah,"New City, Wah",,,,2w,near,https://www.olx.com.pk/item/-iid-1119349729,https://images.olx.com.pk/thumbnails/646001080-600x450.jpeg,,,,,,14.0,Hatchback,660cc kei,2026-09-15,nissan dayz|2018|24.75|180000,False,2026-09-16T13:58,False,24.75,,outside city - Wah/Taxila/Attock/Jhelum area,2475000.0
1119422519,OLX,Toyota Belta,2007,2007,24.75,170000.0,,Islamabad,"Agha Shahi Avenue, Islamabad",,,,2w,core,https://www.olx.com.pk/item/-iid-1119422519,https://images.olx.com.pk/thumbnails/646435235-600x450.jpeg,,,,,,14.0,Hatchback,1000-1300cc,2026-09-15,toyota belta|2007|24.75|170000,False,2026-09-18T13:37,False,25.0,0.25,,2475000.0
12004134,PakWheels,Suzuki Hustler,X Turbo,2015,24.9,120000.0,Automatic,Islamabad,Islamabad,,,10.0,14d,core,https://www.pakwheels.com/used-cars/suzuki-hustler-2015-for-sale-in-islamabad-12004134,https://cache3.pakwheels.com/ad_pictures/1515/suzuki-hustler-x-turbo-2015-151519169.jpg,Orange,Islamabad,Imported,Hatchback,660.0,14.0,Tall-boy,660cc kei,2026-09-15,suzuki hustler|2015|24.9|120000,True,2026-09-16T13:58,False,24.9,,duplicate listing,2490000.0
1119349680,OLX,Suzuki Hustler,2015,2015,24.9,120000.0,,Islamabad,"E-11/1, Islamabad",,,,2w,core,https://www.olx.com.pk/item/-iid-1119349680,https://images.olx.com.pk/thumbnails/646000804-600x450.jpeg,,,,,,14.0,Tall-boy,660cc kei,2026-09-15,suzuki hustler|2015|24.9|120000,True,2026-09-16T13:58,False,24.9,,duplicate listing,2490000.0
1119278970,OLX,Suzuki Hustler,2015 model urgent sale,2015,24.9,55000.0,,Islamabad,"I-10, Islamabad",,,,2w,core,https://www.olx.com.pk/item/-iid-1119278970,https://images.olx.com.pk/thumbnails/645582333-600x450.jpeg,,,,,,14.0,Tall-boy,660cc kei,2026-09-15,suzuki hustler|2015|24.9|55000,False,2026-09-14T14:16,False,25.4,0.5,,2490000.0
12003071,PakWheels,Suzuki Sierra,3,1995,25.0,172000.0,Automatic,Islamabad,Islamabad,,,17.0,14d,core,https://www.pakwheels.com/used-cars/suzuki-sierra-1995-for-sale-in-islamabad-12003071,https://cache3.pakwheels.com/ad_pictures/1515/suzuki-sierra-3-1995-151504106.jpg,White,Peshawar,Imported,,660.0,14.0,Hatchback,1000-1300cc,2026-09-15,suzuki sierra|1995|25.0|172000,False,2026-09-15T23:51,False,25.0,,,2500000.0
12000196,PakWheels,Daihatsu Mira,Gino,2013,25.75,85500.0,Automatic,Rawalpindi,Rawalpindi,,,8.0,14d,core,https://www.pakwheels.com/used-cars/daihatsu-mira-gino-2013-for-sale-in-rawalpindi-12000196,https://cache1.pakwheels.com/ad_pictures/1514/daihatsu-mira-gino-2-2013-151457946.jpg,Black,Punjab,Imported,,660.0,14.0,Hatchback,660cc kei,2026-09-15,daihatsu mira|2013|25.75|85500,False,2026-09-15T14:04,False,25.75,,,2575000.0
11757163,PakWheels,Honda N Wgn,Custom G,2014,26.0,140000.0,Automatic,Islamabad,Islamabad,,,4.0,14d,core,https://www.pakwheels.com/used-cars/honda-n-wgn-2014-for-sale-in-islamabad-11757163,https://cache1.pakwheels.com/ad_pictures/1477/honda-n-wgn-custom-g-3-2014-147737341.jpg,Black,Punjab,Imported,Hatchback,660.0,14.0,Tall-boy,660cc kei,2026-09-15,honda n wgn|2014|26.0|140000,False,2026-09-15T19:18,False,27.0,1.0,,2600000.0
12002146,PakWheels,Daihatsu Move Conte,,2014,26.0,80000.0,Automatic,Rawalpindi,Rawalpindi,,,14.0,14d,core,https://www.pakwheels.com/used-cars/daihatsu-move-conte-2014-for-sale-in-rawalpindi-12002146,https://cache3.pakwheels.com/ad_pictures/1514/daihatsu-move-conte-2014-151489281.jpg,Bronze,Punjab,Imported,,660.0,14.0,Tall-boy,660cc kei,2026-09-15,daihatsu move conte|2014|26.0|80000,False,2026-09-15T19:18,False,26.0,,,2600000.0
12000623,PakWheels,Suzuki Alto,,2019,27.0,90000.0,Automatic,Islamabad,Islamabad,,,9.0,14d,core,https://www.pakwheels.com/used-cars/suzuki-alto-2019-for-sale-in-islamabad-12000623,https://cache4.pakwheels.com/ad_pictures/1514/suzuki-alto-2019-151465042.jpg,White,Islamabad,Local,,660.0,14.0,Hatchback,660cc kei,2026-09-15,suzuki alto|2019|27.0|90000,False,2026-09-15T19:18,False,27.0,,,2700000.0
1119277284,OLX,Suzuki Jimny,2006,2003,27.0,1.0,,Islamabad,"DHA Defence Phase 2, Islamabad",,,,2w,core,https://www.olx.com.pk/item/-iid-1119277284,https://images.olx.com.pk/thumbnails/645571853-600x450.jpeg,,,,,,14.0,Hatchback,660cc kei,2026-09-15,suzuki jimny|2003|27.0|1,False,2026-09-14T14:16,False,27.0,,mileage implausibly low,2700000.0
1119457718,OLX,Nissan Dayz,Highway Star 2016,2016,27.5,81000.0,,Rawalpindi,"New Lalazar, Rawalpindi",,,,2w,core,https://www.olx.com.pk/item/-iid-1119457718,https://images.olx.com.pk/thumbnails/646649416-600x450.jpeg,,,,,,14.0,Hatchback,660cc kei,2026-09-15,nissan dayz|2016|27.5|81000,True,2026-09-19T13:27,False,27.5,,duplicate listing,2750000.0
11907690,PakWheels,Suzuki Alto,L Upgrade,2024,28.0,6200.0,Manual,Islamabad,Islamabad,,,4.0,14d,core,https://www.pakwheels.com/used-cars/suzuki-alto-2024-for-sale-in-islamabad-11907690,https://cache1.pakwheels.com/ad_pictures/1500/suzuki-alto-l-upgrade-2024-150042904.jpg,White,Islamabad,Local,Mini Vehicles,660.0,14.0,Hatchback,660cc kei,2026-09-15,suzuki alto|2024|28.0|6200,False,2026-09-15T19:18,False,28.0,,,2800000.0
12002163,PakWheels,Suzuki Alto,VXR,2024,28.5,46000.0,Manual,Rawalpindi,Rawalpindi,,,6.0,14d,core,https://www.pakwheels.com/used-cars/suzuki-alto-2024-for-sale-in-rawalpindi-12002163,https://cache1.pakwheels.com/ad_pictures/1514/suzuki-alto-vxr-2-2024-151489462.jpg,White,Islamabad,Local,Hatchback,660.0,14.0,Hatchback,660cc kei,2026-09-15,suzuki alto|2024|28.5|46000,False,2026-09-15T19:18,False,28.5,,,2850000.0
1119382875,OLX,Toyota Passo,2025,2025,28.5,91000.0,,Islamabad,"DHA Defence Phase 1, Islamabad",,,,2w,core,https://www.olx.com.pk/item/-iid-1119382875,https://images.olx.com.pk/thumbnails/646201002-600x450.jpeg,,,,,,14.0,Hatchback,1000-1300cc,2026-09-15,toyota passo|2025|28.5|91000,False,2026-09-17T14:04,False,29.5,1.0,,2850000.0
1119220868,OLX,Toyota Passo,Hana +C 2014/17,2014,28.9,91000.0,,Islamabad,"DHA Defence Phase 1, Islamabad",,,,2w,core,https://www.olx.com.pk/item/-iid-1119220868,https://images.olx.com.pk/thumbnails/645235269-600x450.jpeg,,,,,,14.0,Hatchback,1000-1300cc,2026-09-15,toyota passo|2014|28.9|91000,False,2026-09-22T13:57,False,28.9,,,2890000.0
1119465118,OLX,Suzuki Alto,2019/carol gx,2019,29.5,76500.0,,Islamabad,"B-17, Islamabad",,,,2w,core,https://www.olx.com.pk/item/-iid-1119465118,https://images.olx.com.pk/thumbnails/646690544-600x450.jpeg,,,,,,14.0,Hatchback,660cc kei,2026-09-15,suzuki alto|2019|29.5|76500,False,2026-09-19T13:27,False,29.5,,,2950000.0
11998057,PakWheels,Suzuki Alto,X,2006,10.8,880000.0,Automatic,Islamabad,Islamabad,,,12.0,15d,core,https://www.pakwheels.com/used-cars/suzuki-alto-2006-for-sale-in-islamabad-11998057,https://cache2.pakwheels.com/ad_pictures/1514/suzuki-alto-x-9-2006-151425379.jpg,Silver,Islamabad,Imported,Hatchback,660.0,15.0,Hatchback,660cc kei,2026-09-14,suzuki alto|2006|10.8|880000,False,2026-09-14T20:51,False,10.8,,very high mileage,1080000.0
11998150,PakWheels,Mitsubishi Minica,,2007,12.2,31245.0,Automatic,Islamabad,Islamabad,,,20.0,15d,core,https://www.pakwheels.com/used-cars/mitsubishi-minica-2007-for-sale-in-islamabad-11998150,https://cache3.pakwheels.com/ad_pictures/1514/mitsubishi-minica-2007-151427524.jpg,White,Islamabad,Imported,,660.0,15.0,Hatchback,660cc kei,2026-09-14,mitsubishi minica|2007|12.2|31245,False,2026-09-14T20:51,False,12.2,,,1220000.0
11997329,PakWheels,Mitsubishi EK Wagon,,2006,15.2,235000.0,Automatic,Islamabad,Islamabad,,,10.0,15d,core,https://www.pakwheels.com/used-cars/mitsubishi-ek-wagon-2006-for-sale-in-islamabad-11997329,https://cache3.pakwheels.com/ad_pictures/1514/mitsubishi-ek-wagon-2006-151413482.jpg,White,Rawalpindi,Imported,Hatchback,660.0,15.0,Hatchback,660cc kei,2026-09-14,mitsubishi ek wagon|2006|15.2|235000,False,2026-09-14T20:51,False,16.0,0.8,,1520000.0
11769128,PakWheels,Mitsubishi EK Wagon,GS,2006,16.9,108464.0,Automatic,Islamabad,Islamabad,,,5.0,15d,core,https://www.pakwheels.com/used-cars/mitsubishi-ek-wagon-2006-for-sale-in-islamabad-11769128,https://cache4.pakwheels.com/ad_pictures/1479/mitsubishi-ek-wagon-gs-2006-147924007.jpg,Silver,Lahore,Imported,Hatchback,660.0,15.0,Hatchback,660cc kei,2026-09-14,mitsubishi ek wagon|2006|16.9|108464,False,2026-09-14T14:16,False,16.9,,,1690000.0
11998095,PakWheels,Daihatsu Sonica,,2007,17.1,160000.0,Automatic,Islamabad,Islamabad,,,7.0,15d,core,https://www.pakwheels.com/used-cars/daihatsu-sonica-2007-for-sale-in-islamabad-11998095,https://cache3.pakwheels.com/ad_pictures/1514/daihatsu-sonica-2007-151425752.jpg,White,Punjab,Imported,,660.0,15.0,Hatchback,660cc kei,2026-09-14,daihatsu sonica|2007|17.1|160000,False,2026-09-14T20:51,False,17.2,0.1,,1710000.0
11999607,PakWheels,Mitsubishi EK Wagon,,2006,17.49,225000.0,Automatic,Islamabad,Islamabad,,,13.0,15d,core,https://www.pakwheels.com/used-cars/mitsubishi-ek-wagon-2006-for-sale-in-islamabad-11999607,https://cache1.pakwheels.com/ad_pictures/1514/mitsubishi-ek-wagon-2012-151449903.jpg,White,Punjab,Imported,,660.0,15.0,Hatchback,660cc kei,2026-09-14,mitsubishi ek wagon|2006|17.49|225000,False,2026-09-15T02:44,False,17.49,,,1749000.0
11868206,PakWheels,Suzuki Alto,G,2006,18.0,100.0,Automatic,Rawalpindi,Rawalpindi,,,7.0,15d,core,https://www.pakwheels.com/used-cars/suzuki-alto-2006-for-sale-in-rawalpindi-11868206,https://cache3.pakwheels.com/ad_pictures/1494/suzuki-alto-g-4-2006-149438714.jpg,Silver,Islamabad,Imported,Hatchback,660.0,15.0,Hatchback,660cc kei,2026-09-14,suzuki alto|2006|18.0|100,False,2026-09-14T14:16,False,18.0,,mileage implausibly low,1800000.0
11995896,PakWheels,Suzuki Alto,GII,2007,18.3,158000.0,Automatic,Islamabad,Islamabad,,,20.0,15d,core,https://www.pakwheels.com/used-cars/suzuki-alto-2007-for-sale-in-islamabad-11995896,https://cache2.pakwheels.com/ad_pictures/1513/suzuki-alto-gii-2007-151391282.jpg,White,Islamabad,Imported,Hatchback,660.0,15.0,Hatchback,660cc kei,2026-09-14,suzuki alto|2007|18.3|158000,False,2026-09-14T14:16,False,18.5,0.2,,1830000.0
11995718,PakWheels,Suzuki Alto,G,2008,18.5,164000.0,Automatic,Islamabad,Islamabad,,,4.0,15d,core,https://www.pakwheels.com/used-cars/suzuki-alto-2008-for-sale-in-islamabad-11995718,https://cache1.pakwheels.com/ad_pictures/1513/suzuki-alto-g-4-2008-151388709.jpg,White,Islamabad,Imported,Hatchback,660.0,15.0,Hatchback,660cc kei,2026-09-14,suzuki alto|2008|18.5|164000,False,2026-09-14T14:16,False,18.5,,,1850000.0
11819965,PakWheels,Suzuki Alto,G,2012,19.2,88000.0,Automatic,Rawalpindi,Rawalpindi,,,20.0,15d,core,https://www.pakwheels.com/used-cars/suzuki-alto-2012-for-sale-in-rawalpindi-11819965,https://cache2.pakwheels.com/ad_pictures/1486/suzuki-alto-g-4-2012-148699891.jpg,White,Lahore,Local,Hatchback,660.0,15.0,Hatchback,660cc kei,2026-09-14,suzuki alto|2012|19.2|88000,False,2026-08-06T14:01,False,19.2,,,1920000.0
11999499,PakWheels,Suzuki Wagon R,FX,2012,23.45,55105.0,Automatic,Islamabad,Islamabad,,,14.0,15d,core,https://www.pakwheels.com/used-cars/suzuki-wagon-r-2012-for-sale-in-islamabad-11999499,https://cache2.pakwheels.com/ad_pictures/1514/suzuki-wagon-r-fx-2-2012-151448405.jpg,White,Punjab,Imported,Hatchback,660.0,15.0,Tall-boy,660cc kei,2026-09-14,suzuki wagon r|2012|23.45|55105,False,2026-09-15T02:44,False,23.45,,,2345000.0
11996126,PakWheels,Daihatsu Mira,X,2014,23.5,86000.0,Automatic,Islamabad,Islamabad,,,6.0,15d,core,https://www.pakwheels.com/used-cars/daihatsu-mira-2014-for-sale-in-islamabad-11996126,https://cache1.pakwheels.com/ad_pictures/1513/daihatsu-mira-x-8-2014-151394630.jpg,Red,Karachi,Imported,Hatchback,660.0,15.0,Hatchback,660cc kei,2026-09-14,daihatsu mira|2014|23.5|86000,False,2026-09-14T14:16,False,23.5,,,2350000.0
11868281,PakWheels,Suzuki Spacia,X,2016,24.5,129206.0,Automatic,Islamabad,Islamabad,,,9.0,15d,core,https://www.pakwheels.com/used-cars/suzuki-spacia-2016-for-sale-in-islamabad-11868281,https://cache2.pakwheels.com/ad_pictures/1494/suzuki-spacia-x-32-2016-149439663.jpg,Beige,Islamabad,Imported,Station Wagon,660.0,15.0,Tall-boy,660cc kei,2026-09-14,suzuki spacia|2016|24.5|129206,False,2026-09-15T02:44,False,24.5,,,2450000.0
11998821,PakWheels,Suzuki Alto,L,2015,24.85,150000.0,Automatic,Islamabad,Islamabad,,,10.0,15d,core,https://www.pakwheels.com/used-cars/suzuki-alto-2015-for-sale-in-islamabad-11998821,https://cache1.pakwheels.com/ad_pictures/1514/suzuki-alto-l-27-2015-151439163.jpg,Black,Islamabad,Imported,Hatchback,660.0,15.0,Hatchback,660cc kei,2026-09-14,suzuki alto|2015|24.85|150000,False,2026-09-14T20:51,False,24.85,,,2485000.0
11832569,PakWheels,Mazda Carol,GS,2010,25.5,114000.0,Automatic,Islamabad,Islamabad,,,7.0,15d,core,https://www.pakwheels.com/used-cars/mazda-carol-2010-for-sale-in-islamabad-11832569,https://cache3.pakwheels.com/ad_pictures/1488/mazda-carol-gs-3-2010-148896554.jpg,Beige,Islamabad,Imported,Hatchback,660.0,15.0,Hatchback,660cc kei,2026-09-14,mazda carol|2010|25.5|114000,False,2026-09-14T20:51,False,25.5,,,2550000.0
11996944,PakWheels,Suzuki Wagon R,J Style,2014,25.5,150000.0,Automatic,Rawalpindi,Rawalpindi,,,2.0,15d,core,https://www.pakwheels.com/used-cars/suzuki-wagon-r-2014-for-sale-in-rawalpindi-11996944,https://cache4.pakwheels.com/ad_pictures/1514/suzuki-wagon-r-j-style-2014-151408107.jpg,Purple,Punjab,Imported,Hatchback,660.0,15.0,Tall-boy,660cc kei,2026-09-14,suzuki wagon r|2014|25.5|150000,False,2026-09-14T14:16,False,25.5,,,2550000.0
11944263,PakWheels,Suzuki Alto,ECO L,2014,25.75,150000.0,Automatic,Islamabad,Islamabad,,,8.0,15d,core,https://www.pakwheels.com/used-cars/suzuki-alto-2014-for-sale-in-islamabad-11944263,https://cache1.pakwheels.com/ad_pictures/1505/suzuki-alto-eco-l-2014-150598491.jpg,White,Islamabad,Imported,Hatchback,660.0,15.0,Hatchback,660cc kei,2026-09-14,suzuki alto|2014|25.75|150000,False,2026-09-02T21:01,False,25.75,,,2575000.0
11999133,PakWheels,Mitsubishi Pajero Mini,XR,2012,26.5,100.0,Manual,Islamabad,Islamabad,,,1.0,15d,core,https://www.pakwheels.com/used-cars/mitsubishi-pajero-mini-2012-for-sale-in-islamabad-11999133,https://cache2.pakwheels.com/ad_pictures/1514/mitsubishi-pajero-mini-xr-2012-151443504.jpg,Black,Islamabad,Imported,SUV,660.0,15.0,Tall-boy,660cc kei,2026-09-14,mitsubishi pajero mini|2012|26.5|100,False,2026-09-14T20:51,False,26.5,,mileage implausibly low,2650000.0
11998942,PakWheels,Suzuki Wagon R,FX,2014,26.5,86000.0,Automatic,Islamabad,Islamabad,,,12.0,15d,core,https://www.pakwheels.com/used-cars/suzuki-wagon-r-2014-for-sale-in-islamabad-11998942,https://cache3.pakwheels.com/ad_pictures/1514/suzuki-wagon-r-fx-2-2014-151441065.jpg,Red,Punjab,Imported,Hatchback,660.0,15.0,Tall-boy,660cc kei,2026-09-14,suzuki wagon r|2014|26.5|86000,False,2026-09-14T20:51,False,26.5,,,2650000.0
11998336,PakWheels,Suzuki Alto,VXR,2024,28.2,45000.0,Manual,Rawalpindi,Rawalpindi,,,12.0,15d,core,https://www.pakwheels.com/used-cars/suzuki-alto-2024-for-sale-in-rawalpindi-11998336,https://cache3.pakwheels.com/ad_pictures/1514/suzuki-alto-vxr-2-2024-151430904.jpg,White,Islamabad,Local,Hatchback,660.0,15.0,Hatchback,660cc kei,2026-09-14,suzuki alto|2024|28.2|45000,False,2026-09-14T20:51,False,28.2,,,2820000.0
11995942,PakWheels,Daihatsu Mira,L,2017,29.75,104767.0,Automatic,Islamabad,Islamabad,,,12.0,15d,core,https://www.pakwheels.com/used-cars/daihatsu-mira-2017-for-sale-in-islamabad-11995942,https://cache2.pakwheels.com/ad_pictures/1513/daihatsu-mira-l-10-2017-151391798.jpg,Black Mica Metallic,Islamabad,Imported,Hatchback,660.0,15.0,Hatchback,660cc kei,2026-09-14,daihatsu mira|2017|29.75|104767,False,2026-09-14T14:16,False,29.75,,,2975000.0
11995350,PakWheels,Suzuki Alto,,2005,10.6,30000.0,Automatic,Islamabad,Islamabad,,,7.0,16d,core,https://www.pakwheels.com/used-cars/suzuki-alto-2005-for-sale-in-islamabad-11995350,https://cache3.pakwheels.com/ad_pictures/1513/suzuki-alto-2005-151382888.jpg,Gold,Lahore,Local,,660.0,16.0,Hatchback,660cc kei,2026-09-13,suzuki alto|2005|10.6|30000,True,2026-09-14T14:16,False,13.0,2.4,duplicate listing,1060000.0
11992429,PakWheels,Suzuki Alto,,2004,12.0,10000.0,Automatic,Islamabad,Islamabad,,,11.0,16d,core,https://www.pakwheels.com/used-cars/suzuki-alto-2004-for-sale-in-islamabad-11992429,https://cache3.pakwheels.com/ad_pictures/1513/suzuki-alto-2004-151339313.jpg,Grey,Islamabad,Local,,660.0,16.0,Hatchback,660cc kei,2026-09-13,suzuki alto|2004|12.0|10000,False,2026-09-13T18:47,False,13.5,1.5,,1200000.0
11657150,PakWheels,Mitsubishi Pajero Mini,VR,1995,13.0,12345.0,Automatic,Rawalpindi,Rawalpindi,,,6.0,16d,core,https://www.pakwheels.com/used-cars/mitsubishi-pajero-mini-1995-for-sale-in-rawalpindi-11657150,https://cache3.pakwheels.com/ad_pictures/1462/mitsubishi-pajero-mini-vr-1995-146204378.jpg,Green,Muzaffarabad,Imported,SUV,660.0,16.0,Tall-boy,660cc kei,2026-09-13,mitsubishi pajero mini|1995|13.0|12345,False,2026-09-03T16:47,False,13.0,,,1300000.0
11411247,PakWheels,Suzuki Alto,EII,2007,13.75,75000.0,Automatic,Rawalpindi,Rawalpindi,,,14.0,16d,core,https://www.pakwheels.com/used-cars/suzuki-alto-2007-for-sale-in-rawalpindi-11411247,https://cache1.pakwheels.com/ad_pictures/1424/suzuki-alto-eii-2007-142446268.jpg,Fizz Blue Pearl Metallic,Punjab,Local,Hatchback,660.0,16.0,Hatchback,660cc kei,2026-09-13,suzuki alto|2007|13.75|75000,True,2026-09-13T18:47,False,13.75,,duplicate listing,1375000.0
11043547,PakWheels,Suzuki Alto,GII,2007,13.75,75000.0,Automatic,Rawalpindi,Rawalpindi,,,16.0,16d,core,https://www.pakwheels.com/used-cars/suzuki-alto-2007-for-sale-in-rawalpindi-11043547,https://cache2.pakwheels.com/ad_pictures/1365/suzuki-alto-gii-2007-136592582.jpg,Blue,Rawalpindi,Local,Hatchback,660.0,16.0,Hatchback,660cc kei,2026-09-13,suzuki alto|2007|13.75|75000,True,2026-09-13T18:47,False,13.75,,duplicate listing,1375000.0
11992962,PakWheels,Suzuki Alto,,2006,17.5,150000.0,Manual,Rawalpindi,Rawalpindi,,,4.0,16d,core,https://www.pakwheels.com/used-cars/suzuki-alto-2006-for-sale-in-rawalpindi-11992962,https://cache4.pakwheels.com/ad_pictures/1513/suzuki-alto-2006-151348568.jpg,White,Islamabad,Local,,660.0,16.0,Hatchback,660cc kei,2026-09-13,suzuki alto|2006|17.5|150000,False,2026-09-13T18:47,False,17.5,,,1750000.0
11354476,PakWheels,Mazda Flair,Wagon,2007,17.5,140000.0,Automatic,Islamabad,Islamabad,,,13.0,16d,core,https://www.pakwheels.com/used-cars/mazda-flair-wagon-2007-for-sale-in-islamabad-11354476,https://cache4.pakwheels.com/ad_pictures/1415/mazda-flair-wagon-2007-141590204.jpg,Silver,Lahore,Imported,,660.0,16.0,Tall-boy,660cc kei,2026-09-13,mazda flair|2007|17.5|140000,False,2026-09-13T18:47,False,17.9,0.4,,1750000.0
11576871,PakWheels,Mitsubishi EK Wagon,E,2007,18.0,194000.0,Automatic,Islamabad,Islamabad,,,9.0,16d,core,https://www.pakwheels.com/used-cars/mitsubishi-ek-wagon-2007-for-sale-in-islamabad-11576871,https://cache4.pakwheels.com/ad_pictures/1449/mitsubishi-ek-wagon-e-10-2014-144998479.jpg,Blue,Punjab,Imported,Hatchback,660.0,16.0,Hatchback,660cc kei,2026-09-13,mitsubishi ek wagon|2007|18.0|194000,False,2026-08-27T13:18,False,18.5,0.5,,1800000.0
11991663,PakWheels,Daihatsu Move,Custom X,2007,18.8,166000.0,Automatic,Rawalpindi,Rawalpindi,,,10.0,16d,core,https://www.pakwheels.com/used-cars/daihatsu-move-2007-for-sale-in-rawalpindi-11991663,https://cache4.pakwheels.com/ad_pictures/1513/daihatsu-move-custom-x-2007-151327229.jpg,Orange,Punjab,Imported,Hatchback,660.0,16.0,Tall-boy,660cc kei,2026-09-13,daihatsu move|2007|18.8|166000,False,2026-09-13T13:42,False,19.0,0.2,,1880000.0
11992843,PakWheels,Suzuki Alto,G,2007,19.0,180000.0,Automatic,Rawalpindi,Rawalpindi,,,7.0,16d,core,https://www.pakwheels.com/used-cars/suzuki-alto-2007-for-sale-in-rawalpindi-11992843,https://cache4.pakwheels.com/ad_pictures/1513/suzuki-alto-g-4-2007-151346455.jpg,White,Islamabad,Imported,Hatchback,660.0,16.0,Hatchback,660cc kei,2026-09-13,suzuki alto|2007|19.0|180000,False,2026-09-13T18:47,False,19.5,0.5,,1900000.0
11995344,PakWheels,Daihatsu Esse,,2011,20.5,130000.0,Automatic,Islamabad,Islamabad,,,9.0,16d,core,https://www.pakwheels.com/used-cars/daihatsu-esse-2011-for-sale-in-islamabad-11995344,https://cache1.pakwheels.com/ad_pictures/1513/daihatsu-esse-2011-151383399.jpg,Silver,Islamabad,Imported,,660.0,16.0,Hatchback,660cc kei,2026-09-13,daihatsu esse|2011|20.5|130000,False,2026-09-14T14:16,False,20.5,,,2050000.0
11993618,PakWheels,Suzuki Alto,G,2010,22.1,150000.0,Automatic,Rawalpindi,Rawalpindi,,,9.0,16d,core,https://www.pakwheels.com/used-cars/suzuki-alto-2010-for-sale-in-rawalpindi-11993618,https://cache3.pakwheels.com/ad_pictures/1513/suzuki-alto-g-4-2010-151358540.jpg,Silver,Abbottabad,Local,Hatchback,660.0,16.0,Hatchback,660cc kei,2026-09-13,suzuki alto|2010|22.1|150000,False,2026-09-13T18:47,False,22.3,0.2,,2210000.0
11991324,PakWheels,Daihatsu Mira ES,,2014,23.45,87000.0,Automatic,Islamabad,Islamabad,,,7.0,16d,core,https://www.pakwheels.com/used-cars/daihatsu-mira-2014-for-sale-in-islamabad-11991324,https://cache3.pakwheels.com/ad_pictures/1513/daihatsu-mira-es-2014-151322812.jpg,Unlisted,Lahore,Imported,Hatchback,660.0,16.0,Hatchback,660cc kei,2026-09-13,daihatsu mira es|2014|23.45|87000,False,2026-09-13T13:42,False,24.4,0.95,,2345000.0
11993858,PakWheels,Nissan Roox,,2015,23.5,147014.0,Automatic,Rawalpindi,Rawalpindi,,,6.0,16d,core,https://www.pakwheels.com/used-cars/nissan-roox-2015-for-sale-in-rawalpindi-11993858,https://cache2.pakwheels.com/ad_pictures/1513/nissan-roox-2015-151361805.jpg,White,Islamabad,Imported,,660.0,16.0,Tall-boy,660cc kei,2026-09-13,nissan roox|2015|23.5|147014,False,2026-09-13T18:47,False,23.5,,,2350000.0
11853729,PakWheels,Suzuki Alto,E,2013,24.0,175000.0,Automatic,Islamabad,Islamabad,,,8.0,16d,core,https://www.pakwheels.com/used-cars/suzuki-alto-2013-for-sale-in-islamabad-11853729,https://cache4.pakwheels.com/ad_pictures/1492/suzuki-alto-e-2013-149212902.jpg,Sky Blue,Islamabad,Imported,Hatchback,660.0,16.0,Hatchback,660cc kei,2026-09-13,suzuki alto|2013|24.0|175000,False,2026-09-14T14:16,False,24.0,,,2400000.0
11993256,PakWheels,Honda N Wgn,Custom G,2014,24.5,92000.0,Automatic,Islamabad,Islamabad,,,9.0,16d,core,https://www.pakwheels.com/used-cars/honda-n-wgn-2014-for-sale-in-islamabad-11993256,https://cache1.pakwheels.com/ad_pictures/1513/honda-n-wgn-custom-g-3-2014-151352481.jpg,Black,Karachi,Imported,Hatchback,660.0,16.0,Tall-boy,660cc kei,2026-09-13,honda n wgn|2014|24.5|92000,False,2026-09-13T18:47,False,24.5,,,2450000.0
11995145,PakWheels,Daihatsu Move,Custom X,2016,25.5,130000.0,Automatic,Islamabad,Islamabad,,,12.0,16d,core,https://www.pakwheels.com/used-cars/daihatsu-move-2016-for-sale-in-islamabad-11995145,https://cache3.pakwheels.com/ad_pictures/1513/daihatsu-move-custom-x-2016-151380196.jpg,Black,Islamabad,Imported,Hatchback,660.0,16.0,Tall-boy,660cc kei,2026-09-13,daihatsu move|2016|25.5|130000,False,2026-09-13T23:03,False,25.5,,,2550000.0
11833314,PakWheels,Daihatsu Move,Custom X,2016,25.5,120000.0,Automatic,Islamabad,Islamabad,,,13.0,16d,core,https://www.pakwheels.com/used-cars/daihatsu-move-2016-for-sale-in-islamabad-11833314,https://cache4.pakwheels.com/ad_pictures/1489/daihatsu-move-custom-x-2016-148908032.jpg,Black,Islamabad,Imported,Hatchback,660.0,16.0,Tall-boy,660cc kei,2026-09-13,daihatsu move|2016|25.5|120000,False,2026-09-13T23:03,False,25.5,,,2550000.0
11991613,PakWheels,Suzuki Wagon R,X,2015,25.75,10000.0,Automatic,Islamabad,Islamabad,,,10.0,16d,core,https://www.pakwheels.com/used-cars/suzuki-wagon-r-2015-for-sale-in-islamabad-11991613,https://cache1.pakwheels.com/ad_pictures/1513/suzuki-wagon-r-x-14-2015-151327340.jpg,Black,Islamabad,Imported,Hatchback,660.0,16.0,Tall-boy,660cc kei,2026-09-13,suzuki wagon r|2015|25.75|10000,False,2026-09-13T13:42,False,25.75,,,2575000.0
11994710,PakWheels,Suzuki Alto,Works Edition,2015,26.0,180000.0,Automatic,Rawalpindi,Rawalpindi,,,7.0,16d,core,https://www.pakwheels.com/used-cars/suzuki-alto-2015-for-sale-in-rawalpindi-11994710,https://cache3.pakwheels.com/ad_pictures/1513/suzuki-alto-works-edition-2015-151375052.jpg,Silver,Karachi,Imported,Hatchback,658.0,16.0,Hatchback,660cc kei,2026-09-13,suzuki alto|2015|26.0|180000,False,2026-09-13T23:03,False,26.0,,,2600000.0
11675993,PakWheels,Nissan Dayz,Bolero X,2017,26.0,155000.0,Automatic,Islamabad,Islamabad,,,12.0,16d,core,https://www.pakwheels.com/used-cars/nissan-dayz-2017-for-sale-in-islamabad-11675993,https://cache3.pakwheels.com/ad_pictures/1464/nissan-dayz-bolero-x-2017-146488572.jpg,White,Islamabad,Imported,Hatchback,660.0,16.0,Hatchback,660cc kei,2026-09-13,nissan dayz|2017|26.0|155000,False,2026-08-26T18:31,False,26.5,0.5,,2600000.0
11991110,PakWheels,Daihatsu Mira,,2019,26.7,180.0,Automatic,Islamabad,Islamabad,,,12.0,16d,core,https://www.pakwheels.com/used-cars/daihatsu-mira-2019-for-sale-in-islamabad-11991110,https://cache1.pakwheels.com/ad_pictures/1513/daihatsu-mira-2019-151319250.jpg,Blue,Islamabad,Imported,,660.0,16.0,Hatchback,660cc kei,2026-09-13,daihatsu mira|2019|26.7|180,False,2026-09-13T13:42,False,26.7,,mileage implausibly low,2670000.0
11993680,PakWheels,Suzuki Hustler,X,2015,27.0,75000.0,Automatic,Islamabad,Islamabad,,,8.0,16d,core,https://www.pakwheels.com/used-cars/suzuki-hustler-2015-for-sale-in-islamabad-11993680,https://cache3.pakwheels.com/ad_pictures/1513/suzuki-hustler-x-41-2015-151358578.jpg,Blue,Islamabad,Imported,Hatchback,660.0,16.0,Tall-boy,660cc kei,2026-09-13,suzuki hustler|2015|27.0|75000,False,2026-09-13T18:47,False,27.5,0.5,,2700000.0
11593350,PakWheels,Suzuki Alto,F,2017,27.0,78500.0,Automatic,Rawalpindi,Rawalpindi,,,6.0,16d,core,https://www.pakwheels.com/used-cars/suzuki-alto-2017-for-sale-in-rawalpindi-11593350,https://cache2.pakwheels.com/ad_pictures/1459/suzuki-alto-f-2-2017-145934888.jpg,Beige,Punjab,Imported,Hatchback,660.0,16.0,Hatchback,660cc kei,2026-09-13,suzuki alto|2017|27.0|78500,False,2026-09-13T13:42,False,27.0,,,2700000.0
11993097,PakWheels,Suzuki Alto,,2016,27.5,170000.0,Automatic,Islamabad,Islamabad,,,8.0,16d,core,https://www.pakwheels.com/used-cars/suzuki-alto-2016-for-sale-in-islamabad-11993097,https://cache2.pakwheels.com/ad_pictures/1513/suzuki-alto-2016-151350004.jpg,White,Islamabad,Imported,,660.0,16.0,Hatchback,660cc kei,2026-09-13,suzuki alto|2016|27.5|170000,False,2026-09-13T18:47,False,27.5,,,2750000.0
11992316,PakWheels,Honda N Box,G,2022,29.5,31500.0,Automatic,Islamabad,Islamabad,,,17.0,16d,core,https://www.pakwheels.com/used-cars/honda-n-box-2022-for-sale-in-islamabad-11992316,https://cache4.pakwheels.com/ad_pictures/1513/honda-n-box-g-53-2022-151338123.jpg,Silver,Punjab,Imported,Hatchback,660.0,16.0,Tall-boy,660cc kei,2026-09-13,honda n box|2022|29.5|31500,False,2026-09-13T18:47,False,29.5,,,2950000.0
11986085,PakWheels,Suzuki Alto,,1993,6.4,200000.0,Automatic,Islamabad,Islamabad,,,4.0,17d,core,https://www.pakwheels.com/used-cars/suzuki-alto-1993-for-sale-in-islamabad-11986085,https://cache3.pakwheels.com/ad_pictures/1512/suzuki-alto-1993-151242330.jpg,White,Sindh,Imported,,660.0,17.0,Hatchback,660cc kei,2026-09-12,suzuki alto|1993|6.4|200000,False,2026-09-12T13:19,False,6.4,,,640000.0
11990384,PakWheels,Suzuki Wagon R,,2002,11.5,35000.0,Automatic,Rawalpindi,Rawalpindi,,,10.0,17d,core,https://www.pakwheels.com/used-cars/suzuki-wagon-r-2002-for-sale-in-rawalpindi-11990384,https://cache3.pakwheels.com/ad_pictures/1513/suzuki-wagon-r-2002-151309367.jpg,White,Lahore,Imported,,660.0,17.0,Tall-boy,660cc kei,2026-09-12,suzuki wagon r|2002|11.5|35000,False,2026-09-13T01:26,False,11.5,,,1150000.0
11989009,PakWheels,Mitsubishi Pajero Mini,,2001,14.0,280000.0,Manual,Islamabad,Islamabad,,,11.0,17d,core,https://www.pakwheels.com/used-cars/mitsubishi-pajero-mini-2001-for-sale-in-islamabad-11989009,https://cache4.pakwheels.com/ad_pictures/1512/mitsubishi-pajero-mini-2001-151288881.jpg,Silver,Sindh,Imported,,660.0,17.0,Tall-boy,660cc kei,2026-09-12,mitsubishi pajero mini|2001|14.0|280000,False,2026-09-12T22:45,False,14.0,,,1400000.0
11989431,PakWheels,Suzuki Alto,E,2009,14.85,100000.0,Automatic,Islamabad,Islamabad,,,9.0,17d,core,https://www.pakwheels.com/used-cars/suzuki-alto-2009-for-sale-in-islamabad-11989431,https://cache1.pakwheels.com/ad_pictures/1512/suzuki-alto-e-2009-151295860.jpg,Green,Islamabad,Imported,Hatchback,660.0,17.0,Hatchback,660cc kei,2026-09-12,suzuki alto|2009|14.85|100000,False,2026-09-12T22:45,False,14.85,,,1485000.0
11988891,PakWheels,Suzuki Kei,A,2007,17.65,150000.0,Automatic,Rawalpindi,Rawalpindi,,,20.0,17d,core,https://www.pakwheels.com/used-cars/suzuki-kei-2007-for-sale-in-rawalpindi-11988891,https://cache4.pakwheels.com/ad_pictures/1512/suzuki-kei-a-2007-151287590.jpg,Silver,Punjab,Imported,Hatchback,660.0,17.0,Hatchback,660cc kei,2026-09-12,suzuki kei|2007|17.65|150000,False,2026-09-12T17:49,False,17.65,,,1765000.0
11989400,PakWheels,Suzuki Alto,G,2008,18.5,135000.0,Automatic,Islamabad,Islamabad,,,13.0,17d,core,https://www.pakwheels.com/used-cars/suzuki-alto-2008-for-sale-in-islamabad-11989400,https://cache3.pakwheels.com/ad_pictures/1512/suzuki-alto-g-4-2008-151297555.jpg,Silver,Islamabad,Imported,Hatchback,660.0,17.0,Hatchback,660cc kei,2026-09-12,suzuki alto|2008|18.5|135000,False,2026-09-12T22:45,False,18.5,,,1850000.0
11864063,PakWheels,Suzuki Alto,GII,2008,18.9,300000.0,Automatic,Islamabad,Islamabad,,,9.0,17d,core,https://www.pakwheels.com/used-cars/suzuki-alto-2008-for-sale-in-islamabad-11864063,https://cache2.pakwheels.com/ad_pictures/1493/suzuki-alto-gii-2008-149372931.jpg,White,Islamabad,Imported,Hatchback,660.0,17.0,Hatchback,660cc kei,2026-09-12,suzuki alto|2008|18.9|300000,False,2026-09-12T22:45,False,18.9,,,1890000.0
11986734,PakWheels,Nissan Roox,E,2011,18.9,172000.0,Automatic,Islamabad,Islamabad,,,20.0,17d,core,https://www.pakwheels.com/used-cars/nissan-roox-2011-for-sale-in-islamabad-11986734,https://cache2.pakwheels.com/ad_pictures/1512/nissan-roox-e-5-2011-151252634.jpg,Black,Islamabad,Imported,Hatchback,658.0,17.0,Tall-boy,660cc kei,2026-09-12,nissan roox|2011|18.9|172000,False,2026-09-12T13:19,False,18.9,,,1890000.0
11856194,PakWheels,Daihatsu Mira,L,2011,20.0,105000.0,Automatic,Rawalpindi,Rawalpindi,,,7.0,17d,core,https://www.pakwheels.com/used-cars/daihatsu-mira-2011-for-sale-in-rawalpindi-11856194,https://cache2.pakwheels.com/ad_pictures/1492/daihatsu-mira-l-4-2011-149250040.jpg,Beige,Sindh,Imported,Hatchback,660.0,17.0,Hatchback,660cc kei,2026-09-12,daihatsu mira|2011|20.0|105000,False,2026-09-13T01:26,False,20.0,,,2000000.0
11990518,PakWheels,Daihatsu Mira,,2009,20.5,150000.0,Manual,Islamabad,Islamabad,,,5.0,17d,core,https://www.pakwheels.com/used-cars/daihatsu-mira-2009-for-sale-in-islamabad-11990518,https://cache3.pakwheels.com/ad_pictures/1513/daihatsu-mira-2009-151310989.jpg,White,Islamabad,Imported,,660.0,17.0,Hatchback,660cc kei,2026-09-12,daihatsu mira|2009|20.5|150000,False,2026-09-13T01:26,False,21.5,1.0,,2050000.0
11990656,PakWheels,Suzuki Alto,G,2011,21.5,926.0,Automatic,Rawalpindi,Rawalpindi,,,15.0,17d,core,https://www.pakwheels.com/used-cars/suzuki-alto-2011-for-sale-in-rawalpindi-11990656,https://cache1.pakwheels.com/ad_pictures/1513/suzuki-alto-g-4-2011-151313131.jpg,White,Islamabad,Imported,Hatchback,660.0,17.0,Hatchback,660cc kei,2026-09-12,suzuki alto|2011|21.5|926,False,2026-09-13T01:26,False,21.5,,mileage implausibly low,2150000.0
11989158,PakWheels,Suzuki Alto,ECO L,2013,21.5,88500.0,Automatic,Islamabad,Islamabad,,,9.0,17d,core,https://www.pakwheels.com/used-cars/suzuki-alto-2013-for-sale-in-islamabad-11989158,https://cache3.pakwheels.com/ad_pictures/1512/suzuki-alto-eco-l-2013-151291007.jpg,Maroon,Sindh,Imported,Hatchback,660.0,17.0,Hatchback,660cc kei,2026-09-12,suzuki alto|2013|21.5|88500,False,2026-09-12T22:45,False,21.5,,,2150000.0
11987942,PakWheels,Suzuki Alto,E,2011,21.5,20000.0,Automatic,Islamabad,Islamabad,,,3.0,17d,core,https://www.pakwheels.com/used-cars/suzuki-alto-2011-for-sale-in-islamabad-11987942,https://cache3.pakwheels.com/ad_pictures/1512/suzuki-alto-e-2011-151271818.jpg,Silver,Lahore,Imported,Hatchback,660.0,17.0,Hatchback,660cc kei,2026-09-12,suzuki alto|2011|21.5|20000,False,2026-09-12T17:49,False,21.5,,,2150000.0
11862239,PakWheels,Daihatsu Mira ES,,2014,23.7,184000.0,Automatic,Rawalpindi,Rawalpindi,,,20.0,17d,core,https://www.pakwheels.com/used-cars/daihatsu-mira-2014-for-sale-in-rawalpindi-11862239,https://cache1.pakwheels.com/ad_pictures/1493/daihatsu-mira-es-2014-149343894.jpg,Yellow,Islamabad,Imported,Hatchback,660.0,17.0,Hatchback,660cc kei,2026-09-12,daihatsu mira es|2014|23.7|184000,False,2026-09-12T22:45,False,23.7,,,2370000.0
11869094,PakWheels,Suzuki Hustler,X,2014,24.0,177000.0,Automatic,Islamabad,Islamabad,,,13.0,17d,core,https://www.pakwheels.com/used-cars/suzuki-hustler-2014-for-sale-in-islamabad-11869094,https://cache4.pakwheels.com/ad_pictures/1494/suzuki-hustler-x-41-2014-149451538.jpg,Red,Islamabad,Imported,Hatchback,660.0,17.0,Tall-boy,660cc kei,2026-09-12,suzuki hustler|2014|24.0|177000,False,2026-08-30T22:25,False,25.5,1.5,,2400000.0
11964830,PakWheels,Daihatsu Move,L,2013,24.0,95000.0,Automatic,Islamabad,Islamabad,,,9.0,17d,core,https://www.pakwheels.com/used-cars/daihatsu-move-2013-for-sale-in-islamabad-11964830,https://cache4.pakwheels.com/ad_pictures/1509/daihatsu-move-l-22-2013-150911962.jpg,Black,Punjab,Imported,Hatchback,660.0,17.0,Tall-boy,660cc kei,2026-09-12,daihatsu move|2013|24.0|95000,False,2026-09-07T20:00,False,25.0,1.0,,2400000.0
11989487,PakWheels,Suzuki Alto,ECO S,2012,24.0,147000.0,Automatic,Islamabad,Islamabad,,,1.0,17d,core,https://www.pakwheels.com/used-cars/suzuki-alto-2012-for-sale-in-islamabad-11989487,https://cache3.pakwheels.com/ad_pictures/1512/suzuki-alto-eco-s-2012-151295393.jpg,Blue,Islamabad,Imported,Hatchback,660.0,17.0,Hatchback,660cc kei,2026-09-12,suzuki alto|2012|24.0|147000,False,2026-09-12T22:45,False,24.0,,,2400000.0
11986199,PakWheels,Suzuki Alto,G,2010,24.0,126600.0,Automatic,Islamabad,Islamabad,,,10.0,17d,core,https://www.pakwheels.com/used-cars/suzuki-alto-2010-for-sale-in-islamabad-11986199,https://cache3.pakwheels.com/ad_pictures/1512/suzuki-alto-g-4-2010-151243835.jpg,Burgundy,Islamabad,Imported,Hatchback,660.0,17.0,Hatchback,660cc kei,2026-09-12,suzuki alto|2010|24.0|126600,False,2026-09-12T13:19,False,24.0,,,2400000.0
11988693,PakWheels,Daihatsu Mira ES,,2015,25.75,115000.0,Automatic,Islamabad,Islamabad,,,13.0,17d,core,https://www.pakwheels.com/used-cars/daihatsu-mira-2015-for-sale-in-islamabad-11988693,https://cache4.pakwheels.com/ad_pictures/1512/daihatsu-mira-es-2015-151284160.jpg,Blue,Lahore,Imported,Hatchback,660.0,17.0,Hatchback,660cc kei,2026-09-12,daihatsu mira es|2015|25.75|115000,False,2026-09-12T17:49,False,25.75,,,2575000.0
11988461,PakWheels,Suzuki Alto,VXR,2022,25.9,35000.0,Manual,Rawalpindi,Rawalpindi,,,14.0,17d,core,https://www.pakwheels.com/used-cars/suzuki-alto-2022-for-sale-in-rawalpindi-11988461,https://cache4.pakwheels.com/ad_pictures/1512/suzuki-alto-vxr-2-2022-151280540.jpg,White,Islamabad,Local,Hatchback,660.0,17.0,Hatchback,660cc kei,2026-09-12,suzuki alto|2022|25.9|35000,False,2026-09-12T17:49,False,25.9,,,2590000.0
11990204,PakWheels,Suzuki Alto,VXR,2022,26.5,27000.0,Manual,Islamabad,Islamabad,,,16.0,17d,core,https://www.pakwheels.com/used-cars/suzuki-alto-2022-for-sale-in-islamabad-11990204,https://cache2.pakwheels.com/ad_pictures/1513/suzuki-alto-vxr-2-2022-151306871.jpg,White,Sindh,Local,Hatchback,660.0,17.0,Hatchback,660cc kei,2026-09-12,suzuki alto|2022|26.5|27000,False,2026-09-20T13:58,False,26.5,,,2650000.0
11987777,PakWheels,Suzuki Wagon R,,2014,26.5,85000.0,Automatic,Islamabad,Islamabad,,,6.0,17d,core,https://www.pakwheels.com/used-cars/suzuki-wagon-r-2014-for-sale-in-islamabad-11987777,https://cache4.pakwheels.com/ad_pictures/1512/suzuki-wagon-r-2014-151269027.jpg,White,Abbottabad,Imported,,660.0,17.0,Tall-boy,660cc kei,2026-09-12,suzuki wagon r|2014|26.5|85000,True,2026-09-12T17:49,False,26.5,,duplicate listing,2650000.0
11990110,PakWheels,Suzuki Wagon R,FX,2015,26.7,150.0,Automatic,Islamabad,Islamabad,,,4.0,17d,core,https://www.pakwheels.com/used-cars/suzuki-wagon-r-2015-for-sale-in-islamabad-11990110,https://cache3.pakwheels.com/ad_pictures/1513/suzuki-wagon-r-fx-2-2015-151305702.jpg,White,Islamabad,Imported,Hatchback,660.0,17.0,Tall-boy,660cc kei,2026-09-12,suzuki wagon r|2015|26.7|150,False,2026-09-12T22:45,False,26.7,,mileage implausibly low,2670000.0
11985942,PakWheels,Nissan Dayz,Highway Star X,2015,26.75,157000.0,Automatic,Rawalpindi,Rawalpindi,,,11.0,17d,core,https://www.pakwheels.com/used-cars/nissan-dayz-2015-for-sale-in-rawalpindi-11985942,https://cache2.pakwheels.com/ad_pictures/1512/nissan-dayz-highway-star-x-2015-151240430.jpg,Burgundy,Islamabad,Imported,Hatchback,660.0,17.0,Hatchback,660cc kei,2026-09-12,nissan dayz|2015|26.75|157000,False,2026-09-12T13:19,False,26.75,,,2675000.0
11990662,PakWheels,Nissan Dayz,Highway Star X,2016,27.5,81000.0,Automatic,Rawalpindi,Rawalpindi,,,20.0,17d,core,https://www.pakwheels.com/used-cars/nissan-dayz-2016-for-sale-in-rawalpindi-11990662,https://cache2.pakwheels.com/ad_pictures/1513/nissan-dayz-highway-star-x-2016-151313382.jpg,White,Islamabad,Imported,Hatchback,660.0,17.0,Hatchback,660cc kei,2026-09-12,nissan dayz|2016|27.5|81000,True,2026-09-13T01:26,False,28.25,0.75,duplicate listing,2750000.0
11988873,PakWheels,Suzuki Alto,VXL,2021,27.5,90000.0,Automatic,Islamabad,Islamabad,,,7.0,17d,core,https://www.pakwheels.com/used-cars/suzuki-alto-2021-for-sale-in-islamabad-11988873,https://cache1.pakwheels.com/ad_pictures/1512/suzuki-alto-vxl-2-2021-151287204.jpg,Silver,Lahore,Local,Hatchback,660.0,17.0,Hatchback,660cc kei,2026-09-12,suzuki alto|2021|27.5|90000,False,2026-09-12T17:49,False,27.5,,,2750000.0
11986215,PakWheels,Suzuki Alto,,2018,28.0,84000.0,Automatic,Islamabad,Islamabad,,,12.0,17d,core,https://www.pakwheels.com/used-cars/suzuki-alto-2018-for-sale-in-islamabad-11986215,https://cache1.pakwheels.com/ad_pictures/1512/suzuki-alto-2018-151243920.jpg,White,Islamabad,Imported,,660.0,17.0,Hatchback,660cc kei,2026-09-12,suzuki alto|2018|28.0|84000,False,2026-09-12T13:19,False,28.0,,,2800000.0
11986175,PakWheels,Mitsubishi EK Wagon,,2018,28.0,107000.0,Automatic,Rawalpindi,Rawalpindi,,,6.0,17d,core,https://www.pakwheels.com/used-cars/mitsubishi-ek-wagon-2018-for-sale-in-rawalpindi-11986175,https://cache3.pakwheels.com/ad_pictures/1512/mitsubishi-ek-wagon-2018-151243349.jpg,Silver,Islamabad,Imported,,660.0,17.0,Hatchback,660cc kei,2026-09-12,mitsubishi ek wagon|2018|28.0|107000,False,2026-09-12T13:19,False,28.0,,,2800000.0
11986991,PakWheels,Suzuki Alto,VXR,2024,29.7,4400.0,Manual,Islamabad,Islamabad,,,8.0,17d,core,https://www.pakwheels.com/used-cars/suzuki-alto-2024-for-sale-in-islamabad-11986991,https://cache4.pakwheels.com/ad_pictures/1512/suzuki-alto-vxr-2-2024-151256699.jpg,White,Lahore,Local,Hatchback,660.0,17.0,Hatchback,660cc kei,2026-09-12,suzuki alto|2024|29.7|4400,False,2026-09-12T17:49,False,29.7,,mileage implausibly low,2970000.0
11982016,PakWheels,Suzuki Alto,,2007,9.6,1.0,Automatic,Islamabad,Islamabad,,,7.0,18d,core,https://www.pakwheels.com/used-cars/suzuki-alto-2007-for-sale-in-islamabad-11982016,https://cache3.pakwheels.com/ad_pictures/1511/suzuki-alto-2007-151181516.jpg,White,Rawalpindi,Local,,660.0,18.0,Hatchback,660cc kei,2026-09-11,suzuki alto|2007|9.6|1,False,2026-09-11T13:28,False,10.3,0.7,mileage implausibly low,960000.0
11983402,PakWheels,Suzuki Alto,GII,2006,10.75,100000.0,Automatic,Islamabad,Islamabad,,,8.0,18d,core,https://www.pakwheels.com/used-cars/suzuki-alto-2006-for-sale-in-islamabad-11983402,https://cache3.pakwheels.com/ad_pictures/1512/suzuki-alto-gii-2006-151203278.jpg,Blue,Punjab,Local,Hatchback,660.0,18.0,Hatchback,660cc kei,2026-09-11,suzuki alto|2006|10.75|100000,False,2026-09-11T18:29,False,10.75,,,1075000.0
11982381,PakWheels,Suzuki Baleno,JXR,2004,11.6,181000.0,Manual,Islamabad,Islamabad,,,11.0,18d,core,https://www.pakwheels.com/used-cars/suzuki-baleno-2004-for-sale-in-islamabad-11982381,https://cache2.pakwheels.com/ad_pictures/1511/suzuki-baleno-jxr-2004-151187880.jpg,Silver,Punjab,Local,Sedan,1300.0,18.0,Hatchback,1000-1300cc,2026-09-11,suzuki baleno|2004|11.6|181000,False,2026-09-11T18:29,False,11.7,0.1,,1160000.0
11630249,PakWheels,Suzuki Alto,E,2006,11.98,175200.0,Automatic,Islamabad,Islamabad,,,11.0,18d,core,https://www.pakwheels.com/used-cars/suzuki-alto-2006-for-sale-in-islamabad-11630249,https://cache2.pakwheels.com/ad_pictures/1458/suzuki-alto-e-2006-145807374.jpg,Baiege,Islamabad,Local,Hatchback,660.0,18.0,Hatchback,660cc kei,2026-09-11,suzuki alto|2006|11.98|175200,False,2026-09-11T23:21,False,12.7,0.72,,1198000.0
11982760,PakWheels,Mitsubishi Pajero Mini,VR,1996,12.0,325000.0,Automatic,Islamabad,Islamabad,,,8.0,18d,core,https://www.pakwheels.com/used-cars/mitsubishi-pajero-mini-1996-for-sale-in-islamabad-11982760,https://cache4.pakwheels.com/ad_pictures/1511/mitsubishi-pajero-mini-vr-1996-151193512.jpg,Blue,Abbottabad,Imported,SUV,660.0,18.0,Tall-boy,660cc kei,2026-09-11,mitsubishi pajero mini|1996|12.0|325000,False,2026-09-11T18:29,False,12.0,,,1200000.0
11984677,PakWheels,Mitsubishi Pajero Mini,VR,1995,12.5,300000.0,Manual,Islamabad,Islamabad,,,14.0,18d,core,https://www.pakwheels.com/used-cars/mitsubishi-pajero-mini-1995-for-sale-in-islamabad-11984677,https://cache1.pakwheels.com/ad_pictures/1512/mitsubishi-pajero-mini-vr-1995-151222963.jpg,Blue,Sindh,Imported,SUV,660.0,18.0,Tall-boy,660cc kei,2026-09-11,mitsubishi pajero mini|1995|12.5|300000,False,2026-09-11T23:21,False,12.5,,,1250000.0
11984915,PakWheels,Daihatsu Mira,X,2007,19.3,217.0,Automatic,Rawalpindi,Rawalpindi,,,19.0,18d,core,https://www.pakwheels.com/used-cars/daihatsu-mira-2007-for-sale-in-rawalpindi-11984915,https://cache4.pakwheels.com/ad_pictures/1512/daihatsu-mira-x-8-2007-151225976.jpg,Golden,Islamabad,Imported,Hatchback,660.0,18.0,Hatchback,660cc kei,2026-09-11,daihatsu mira|2007|19.3|217,False,2026-09-11T23:21,False,19.3,,mileage implausibly low,1930000.0
11983122,PakWheels,Nissan Pino,S,2007,19.75,130000.0,Automatic,Islamabad,Islamabad,,,7.0,18d,core,https://www.pakwheels.com/used-cars/nissan-pino-2007-for-sale-in-islamabad-11983122,https://cache4.pakwheels.com/ad_pictures/1511/nissan-pino-s-2007-151199441.jpg,Grey,Islamabad,Imported,Hatchback,660.0,18.0,Hatchback,660cc kei,2026-09-11,nissan pino|2007|19.75|130000,False,2026-09-11T18:29,False,19.75,,,1975000.0
11643155,PakWheels,Suzuki Jimny,,1992,20.0,10000.0,Automatic,Islamabad,Islamabad,,,10.0,18d,core,https://www.pakwheels.com/used-cars/suzuki-jimny-1992-for-sale-in-islamabad-11643155,https://cache3.pakwheels.com/ad_pictures/1459/suzuki-jimny-1992-145998249.jpg,Silver,Sindh,Imported,,660.0,18.0,Hatchback,660cc kei,2026-09-11,suzuki jimny|1992|20.0|10000,False,2026-09-11T13:28,False,20.0,,,2000000.0
11982919,PakWheels,Suzuki Alto,GII,2007,20.3,105000.0,Automatic,Islamabad,Islamabad,,,9.0,18d,core,https://www.pakwheels.com/used-cars/suzuki-alto-2007-for-sale-in-islamabad-11982919,https://cache1.pakwheels.com/ad_pictures/1511/suzuki-alto-gii-2007-151195380.jpg,White,Islamabad,Imported,Hatchback,660.0,18.0,Hatchback,660cc kei,2026-09-11,suzuki alto|2007|20.3|105000,False,2026-09-11T18:29,False,20.3,,,2030000.0
11983475,PakWheels,Suzuki Alto,E,2010,20.75,50000.0,Automatic,Rawalpindi,Rawalpindi,,,19.0,18d,core,https://www.pakwheels.com/used-cars/suzuki-alto-2010-for-sale-in-rawalpindi-11983475,https://cache3.pakwheels.com/ad_pictures/1512/suzuki-alto-e-2010-151204161.jpg,White,Punjab,Local,Hatchback,660.0,18.0,Hatchback,660cc kei,2026-09-11,suzuki alto|2010|20.75|50000,False,2026-09-11T18:29,False,21.75,1.0,,2075000.0
11983093,PakWheels,Suzuki Alto,,2010,21.5,170000.0,Automatic,Rawalpindi,Rawalpindi,,,4.0,18d,core,https://www.pakwheels.com/used-cars/suzuki-alto-2010-for-sale-in-rawalpindi-11983093,https://cache4.pakwheels.com/ad_pictures/1511/suzuki-alto-2010-151198854.jpg,Brown,Lahore,Imported,,660.0,18.0,Hatchback,660cc kei,2026-09-11,suzuki alto|2010|21.5|170000,False,2026-09-11T18:29,False,21.5,,,2150000.0
11982076,PakWheels,Suzuki Wagon R,FX Limited,2010,21.75,152000.0,Automatic,Rawalpindi,Rawalpindi,,,20.0,18d,core,https://www.pakwheels.com/used-cars/suzuki-wagon-r-2010-for-sale-in-rawalpindi-11982076,https://cache3.pakwheels.com/ad_pictures/1511/suzuki-wagon-r-fx-limited-2010-151182542.jpg,Black,Islamabad,Imported,Hatchback,660.0,18.0,Tall-boy,660cc kei,2026-09-11,suzuki wagon r|2010|21.75|152000,False,2026-09-11T13:28,False,21.75,,,2175000.0
11983904,PakWheels,Suzuki Alto,E,2011,22.0,165000.0,Automatic,Rawalpindi,Rawalpindi,,,13.0,18d,core,https://www.pakwheels.com/used-cars/suzuki-alto-2011-for-sale-in-rawalpindi-11983904,https://cache4.pakwheels.com/ad_pictures/1512/suzuki-alto-e-2011-151211343.jpg,Silver,Islamabad,Imported,Hatchback,660.0,18.0,Hatchback,660cc kei,2026-09-11,suzuki alto|2011|22.0|165000,False,2026-09-11T18:29,False,22.5,0.5,,2200000.0
11982361,PakWheels,Suzuki Alto,ECO S,2012,22.1,102000.0,Automatic,Islamabad,Islamabad,,,13.0,18d,core,https://www.pakwheels.com/used-cars/suzuki-alto-2012-for-sale-in-islamabad-11982361,https://cache4.pakwheels.com/ad_pictures/1511/suzuki-alto-eco-s-2012-151187701.jpg,Maroon,Islamabad,Imported,Hatchback,660.0,18.0,Hatchback,660cc kei,2026-09-11,suzuki alto|2012|22.1|102000,False,2026-09-16T13:58,False,22.1,,,2210000.0
11985052,PakWheels,Daihatsu Mira,L SA,2012,22.7,145000.0,Automatic,Islamabad,Islamabad,,,14.0,18d,core,https://www.pakwheels.com/used-cars/daihatsu-mira-2012-for-sale-in-islamabad-11985052,https://cache1.pakwheels.com/ad_pictures/1512/daihatsu-mira-l-sa-2-2012-151228004.jpg,Black,Islamabad,Imported,Hatchback,660.0,18.0,Hatchback,660cc kei,2026-09-11,daihatsu mira|2012|22.7|145000,False,2026-09-11T23:21,False,23.5,0.8,,2270000.0
11981575,PakWheels,Daihatsu Mira ES,,2012,23.0,200000.0,Automatic,Islamabad,Islamabad,,,2.0,18d,core,https://www.pakwheels.com/used-cars/daihatsu-mira-2012-for-sale-in-islamabad-11981575,https://cache3.pakwheels.com/ad_pictures/1511/daihatsu-mira-es-2012-151174228.jpg,Yellow,Islamabad,Imported,Hatchback,660.0,18.0,Hatchback,660cc kei,2026-09-11,daihatsu mira es|2012|23.0|200000,False,2026-09-11T13:28,False,23.0,,,2300000.0
11981867,PakWheels,Honda N Box,G,2014,23.5,104000.0,Automatic,Islamabad,Islamabad,,,7.0,18d,core,https://www.pakwheels.com/used-cars/honda-n-box-2014-for-sale-in-islamabad-11981867,https://cache4.pakwheels.com/ad_pictures/1511/honda-n-box-g-12-2014-151179381.jpg,Black,Islamabad,Imported,Hatchback,660.0,18.0,Tall-boy,660cc kei,2026-09-11,honda n box|2014|23.5|104000,False,2026-09-11T13:28,False,23.5,,,2350000.0
11983204,PakWheels,Suzuki Wagon R,FX,2012,24.0,114000.0,Automatic,Islamabad,Islamabad,,,6.0,18d,core,https://www.pakwheels.com/used-cars/suzuki-wagon-r-2012-for-sale-in-islamabad-11983204,https://cache2.pakwheels.com/ad_pictures/1512/suzuki-wagon-r-fx-2-2012-151200602.jpg,White,Islamabad,Imported,Hatchback,660.0,18.0,Tall-boy,660cc kei,2026-09-11,suzuki wagon r|2012|24.0|114000,False,2026-09-11T18:29,False,24.0,,,2400000.0
11982383,PakWheels,Suzuki Wagon R,FA,2012,24.0,200000.0,Automatic,Rawalpindi,Rawalpindi,,,11.0,18d,core,https://www.pakwheels.com/used-cars/suzuki-wagon-r-2012-for-sale-in-rawalpindi-11982383,https://cache2.pakwheels.com/ad_pictures/1511/suzuki-wagon-r-fa-2012-151187892.jpg,Silver,Islamabad,Imported,Hatchback,660.0,18.0,Tall-boy,660cc kei,2026-09-11,suzuki wagon r|2012|24.0|200000,False,2026-09-11T18:29,False,24.0,,,2400000.0
11983152,PakWheels,Suzuki Alto,X,2012,24.15,150000.0,Automatic,Islamabad,Islamabad,,,8.0,18d,core,https://www.pakwheels.com/used-cars/suzuki-alto-2012-for-sale-in-islamabad-11983152,https://cache2.pakwheels.com/ad_pictures/1511/suzuki-alto-x-9-2012-151199811.jpg,Silver,Islamabad,Local,Hatchback,660.0,18.0,Hatchback,660cc kei,2026-09-11,suzuki alto|2012|24.15|150000,False,2026-09-11T18:29,False,24.15,,,2415000.0
11983914,PakWheels,Suzuki Alto,E,2012,24.5,72009.0,Automatic,Islamabad,Islamabad,,,6.0,18d,core,https://www.pakwheels.com/used-cars/suzuki-alto-2012-for-sale-in-islamabad-11983914,https://cache4.pakwheels.com/ad_pictures/1512/suzuki-alto-e-2012-151211627.jpg,White,Lahore,Local,Hatchback,660.0,18.0,Hatchback,660cc kei,2026-09-11,suzuki alto|2012|24.5|72009,False,2026-09-11T18:29,False,24.5,,,2450000.0
11982965,PakWheels,Daihatsu Mira ES,,2012,24.95,116000.0,Automatic,Islamabad,Islamabad,,,4.0,18d,core,https://www.pakwheels.com/used-cars/daihatsu-mira-2012-for-sale-in-islamabad-11982965,https://cache1.pakwheels.com/ad_pictures/1511/daihatsu-mira-es-2012-151196842.jpg,Black,Islamabad,Imported,Hatchback,660.0,18.0,Hatchback,660cc kei,2026-09-11,daihatsu mira es|2012|24.95|116000,False,2026-09-11T18:29,False,24.95,,,2495000.0
11984746,PakWheels,Daihatsu Mira ES,,2013,25.0,110000.0,Automatic,Islamabad,Islamabad,,,8.0,18d,core,https://www.pakwheels.com/used-cars/daihatsu-mira-2013-for-sale-in-islamabad-11984746,https://cache2.pakwheels.com/ad_pictures/1512/daihatsu-mira-es-2013-151224272.jpg,Pink,Lahore,Imported,Hatchback,660.0,18.0,Hatchback,660cc kei,2026-09-11,daihatsu mira es|2013|25.0|110000,False,2026-09-11T23:21,False,25.0,,,2500000.0
11982643,PakWheels,Daihatsu Terios Kid,,2012,25.0,25000.0,Automatic,Islamabad,Islamabad,,,5.0,18d,core,https://www.pakwheels.com/used-cars/daihatsu-terios-kid-2012-for-sale-in-islamabad-11982643,https://cache3.pakwheels.com/ad_pictures/1511/daihatsu-terios-kid-2012-151191597.jpg,Black,Punjab,Imported,,660.0,18.0,Tall-boy,660cc kei,2026-09-11,daihatsu terios kid|2012|25.0|25000,False,2026-09-11T18:29,False,25.0,,,2500000.0
11982174,PakWheels,Suzuki Alto,VXL,2019,25.45,130000.0,Automatic,Rawalpindi,Rawalpindi,,,17.0,18d,core,https://www.pakwheels.com/used-cars/suzuki-alto-2019-for-sale-in-rawalpindi-11982174,https://cache4.pakwheels.com/ad_pictures/1511/suzuki-alto-vxl-2-2019-151184301.jpg,Graphite Grey,Punjab,Local,Hatchback,660.0,18.0,Hatchback,660cc kei,2026-09-11,suzuki alto|2019|25.45|130000,False,2026-09-16T13:58,False,25.45,,,2545000.0
11983900,PakWheels,Daihatsu Mira ES,,2013,25.5,75000.0,Automatic,Islamabad,Islamabad,,,12.0,18d,core,https://www.pakwheels.com/used-cars/daihatsu-mira-2013-for-sale-in-islamabad-11983900,https://cache3.pakwheels.com/ad_pictures/1512/daihatsu-mira-es-2013-151211492.jpg,Black,Punjab,Imported,Hatchback,660.0,18.0,Hatchback,660cc kei,2026-09-11,daihatsu mira es|2013|25.5|75000,False,2026-09-11T18:29,False,25.5,,,2550000.0
11982353,PakWheels,Suzuki Wagon R,FX Limited,2012,25.5,1.0,Automatic,Islamabad,Islamabad,,,23.0,18d,core,https://www.pakwheels.com/used-cars/suzuki-wagon-r-2012-for-sale-in-islamabad-11982353,https://cache2.pakwheels.com/ad_pictures/1511/suzuki-wagon-r-fx-limited-2012-151186767.jpg,Blue,Punjab,Imported,Hatchback,660.0,18.0,Tall-boy,660cc kei,2026-09-11,suzuki wagon r|2012|25.5|1,False,2026-09-11T18:29,False,25.5,,mileage implausibly low,2550000.0
11981924,PakWheels,Daihatsu Mira ES,,2012,25.5,112000.0,Automatic,Islamabad,Islamabad,,,19.0,18d,core,https://www.pakwheels.com/used-cars/daihatsu-mira-2012-for-sale-in-islamabad-11981924,https://cache2.pakwheels.com/ad_pictures/1511/daihatsu-mira-es-2012-151178764.jpg,Cream,Islamabad,Imported,Hatchback,660.0,18.0,Hatchback,660cc kei,2026-09-11,daihatsu mira es|2012|25.5|112000,False,2026-09-11T13:28,False,25.5,,,2550000.0
11983813,PakWheels,Suzuki Alto,VXL,2021,27.5,120000.0,Automatic,Islamabad,Islamabad,,,5.0,18d,core,https://www.pakwheels.com/used-cars/suzuki-alto-2021-for-sale-in-islamabad-11983813,https://cache3.pakwheels.com/ad_pictures/1512/suzuki-alto-vxl-2-2021-151207985.jpg,Grey,Lahore,Local,Hatchback,660.0,18.0,Hatchback,660cc kei,2026-09-11,suzuki alto|2021|27.5|120000,False,2026-09-11T18:29,False,27.5,,,2750000.0
11983844,PakWheels,Nissan Dayz,Bolero X,2018,28.25,83000.0,Automatic,Islamabad,Islamabad,,,10.0,18d,core,https://www.pakwheels.com/used-cars/nissan-dayz-2018-for-sale-in-islamabad-11983844,https://cache1.pakwheels.com/ad_pictures/1512/nissan-dayz-bolero-x-2-2018-151210643.jpg,Silver,Karachi,Imported,Hatchback,660.0,18.0,Hatchback,660cc kei,2026-09-11,nissan dayz|2018|28.25|83000,False,2026-09-11T18:29,False,28.5,0.25,,2825000.0
11983194,PakWheels,Suzuki Alto,VXR,2024,29.0,64000.0,Manual,Rawalpindi,Rawalpindi,,,8.0,18d,core,https://www.pakwheels.com/used-cars/suzuki-alto-2024-for-sale-in-rawalpindi-11983194,https://cache3.pakwheels.com/ad_pictures/1512/suzuki-alto-vxr-2-2024-151200306.jpg,White,Islamabad,Local,Hatchback,660.0,18.0,Hatchback,660cc kei,2026-09-11,suzuki alto|2024|29.0|64000,False,2026-09-11T18:29,False,29.0,,,2900000.0
11977712,PakWheels,Suzuki Alto,E,2006,13.0,200000.0,Automatic,Rawalpindi,Rawalpindi,,,13.0,19d,core,https://www.pakwheels.com/used-cars/suzuki-alto-2006-for-sale-in-rawalpindi-11977712,https://cache2.pakwheels.com/ad_pictures/1511/suzuki-alto-e-2006-151114966.jpg,White,Islamabad,Local,Hatchback,660.0,19.0,Hatchback,660cc kei,2026-09-10,suzuki alto|2006|13.0|200000,False,2026-09-10T13:30,False,13.0,,,1300000.0
11980905,PakWheels,Daihatsu Mira,L,2006,15.0,188500.0,Automatic,Rawalpindi,Rawalpindi,,,10.0,19d,core,https://www.pakwheels.com/used-cars/daihatsu-mira-2006-for-sale-in-rawalpindi-11980905,https://cache4.pakwheels.com/ad_pictures/1511/daihatsu-mira-l-10-2006-151164983.jpg,White,Islamabad,Imported,Hatchback,660.0,19.0,Hatchback,660cc kei,2026-09-10,daihatsu mira|2006|15.0|188500,False,2026-09-11T13:28,False,16.0,1.0,,1500000.0
11728421,PakWheels,Suzuki MR Wagon,L,2012,16.5,85000.0,Automatic,Rawalpindi,Rawalpindi,,,10.0,19d,core,https://www.pakwheels.com/used-cars/mazda-scrum-van-2012-for-sale-in-rawalpindi-11728421,https://cache4.pakwheels.com/ad_pictures/1472/suzuki-mr-wagon-l-2012-147292679.jpg,White,Punjab,Imported,,660.0,19.0,Hatchback,660cc kei,2026-09-10,suzuki mr wagon|2012|16.5|85000,False,2026-08-13T09:56,False,17.5,1.0,,1650000.0
11980517,PakWheels,Daihatsu Terios Kid,Custom L,2002,16.8,200000.0,Automatic,Islamabad,Islamabad,,,4.0,19d,core,https://www.pakwheels.com/used-cars/daihatsu-terios-kid-2002-for-sale-in-islamabad-11980517,https://cache4.pakwheels.com/ad_pictures/1511/daihatsu-terios-kid-custom-l-2002-151160083.jpg,Light Silver Metallic,Sindh,Imported,SUV,660.0,19.0,Tall-boy,660cc kei,2026-09-10,daihatsu terios kid|2002|16.8|200000,False,2026-09-10T23:16,False,16.8,,,1680000.0
11979279,PakWheels,Mitsubishi EK Wagon,GS,2006,17.89,93000.0,Automatic,Islamabad,Islamabad,,,15.0,19d,core,https://www.pakwheels.com/used-cars/mitsubishi-ek-wagon-2006-for-sale-in-islamabad-11979279,https://cache3.pakwheels.com/ad_pictures/1511/mitsubishi-ek-wagon-gs-2006-151141097.jpg,Yellow,Islamabad,Imported,Hatchback,660.0,19.0,Hatchback,660cc kei,2026-09-10,mitsubishi ek wagon|2006|17.89|93000,False,2026-09-10T18:31,False,17.89,,,1789000.0
11979067,PakWheels,Suzuki Alto,GII,2007,18.2,113000.0,Automatic,Islamabad,Islamabad,,,9.0,19d,core,https://www.pakwheels.com/used-cars/suzuki-alto-2007-for-sale-in-islamabad-11979067,https://cache4.pakwheels.com/ad_pictures/1511/suzuki-alto-gii-2007-151137381.jpg,Beige,Islamabad,Imported,Hatchback,660.0,19.0,Hatchback,660cc kei,2026-09-10,suzuki alto|2007|18.2|113000,False,2026-09-10T18:31,False,18.45,0.25,,1820000.0
11978663,PakWheels,Nissan Pino,,2007,18.5,152140.0,Automatic,Rawalpindi,Rawalpindi,,,20.0,19d,core,https://www.pakwheels.com/used-cars/nissan-pino-2007-for-sale-in-rawalpindi-11978663,https://cache2.pakwheels.com/ad_pictures/1511/nissan-pino-2012-151131358.jpg,Green,Islamabad,Imported,,660.0,19.0,Hatchback,660cc kei,2026-09-10,nissan pino|2007|18.5|152140,False,2026-09-10T18:31,False,18.5,,,1850000.0
11977604,PakWheels,Daihatsu Move,Custom RS,2007,19.0,70000.0,Automatic,Rawalpindi,Rawalpindi,,,20.0,19d,core,https://www.pakwheels.com/used-cars/daihatsu-move-2007-for-sale-in-rawalpindi-11977604,https://cache1.pakwheels.com/ad_pictures/1511/daihatsu-move-custom-rs-2007-151112332.jpg,Grey,Islamabad,Imported,Hatchback,660.0,19.0,Tall-boy,660cc kei,2026-09-10,daihatsu move|2007|19.0|70000,False,2026-09-10T13:30,False,20.0,1.0,,1900000.0
11853297,PakWheels,Suzuki Wagon R,Stingray Limited,2011,20.0,200000.0,Automatic,Rawalpindi,Rawalpindi,,,12.0,19d,core,https://www.pakwheels.com/used-cars/suzuki-wagon-r-2011-for-sale-in-rawalpindi-11853297,https://cache2.pakwheels.com/ad_pictures/1492/suzuki-wagon-r-stingray-limited-2011-149205613.jpg,Burgundy,Punjab,Imported,Hatchback,660.0,19.0,Tall-boy,660cc kei,2026-09-10,suzuki wagon r|2011|20.0|200000,False,2026-09-10T18:31,False,21.5,1.5,,2000000.0
11980607,PakWheels,Nissan Moco,X,2012,21.5,210000.0,Automatic,Rawalpindi,Rawalpindi,,,12.0,19d,core,https://www.pakwheels.com/used-cars/nissan-moco-2012-for-sale-in-rawalpindi-11980607,https://cache4.pakwheels.com/ad_pictures/1511/nissan-moco-x-18-2012-151161025.jpg,coppor,Lahore,Imported,Hatchback,660.0,19.0,Hatchback,660cc kei,2026-09-10,nissan moco|2012|21.5|210000,False,2026-09-10T23:16,False,22.0,0.5,,2150000.0
11977222,PakWheels,Daihatsu Mira,L,2011,21.8,185000.0,Automatic,Islamabad,Islamabad,,,8.0,19d,core,https://www.pakwheels.com/used-cars/daihatsu-mira-2011-for-sale-in-islamabad-11977222,https://cache1.pakwheels.com/ad_pictures/1511/daihatsu-mira-l-4-2011-151106938.jpg,Black,Punjab,Imported,Hatchback,660.0,19.0,Hatchback,660cc kei,2026-09-10,daihatsu mira|2011|21.8|185000,False,2026-09-10T13:30,False,21.8,,,2180000.0
11980123,PakWheels,Daihatsu Move Conte,Custom RS,2011,23.0,128800.0,Automatic,Islamabad,Islamabad,,,8.0,19d,core,https://www.pakwheels.com/used-cars/daihatsu-move-conte-2011-for-sale-in-islamabad-11980123,https://cache4.pakwheels.com/ad_pictures/1511/daihatsu-move-conte-custom-rs-2-2011-151154342.jpg,Yellow,Punjab,Imported,Hatchback,660.0,19.0,Tall-boy,660cc kei,2026-09-10,daihatsu move conte|2011|23.0|128800,False,2026-09-10T23:16,False,23.0,,,2300000.0
11978909,PakWheels,Daihatsu Move,RS,2014,23.0,150000.0,Automatic,Rawalpindi,Rawalpindi,,,4.0,19d,core,https://www.pakwheels.com/used-cars/daihatsu-move-2014-for-sale-in-rawalpindi-11978909,https://cache1.pakwheels.com/ad_pictures/1511/daihatsu-move-rs-8-2014-151135243.jpg,Silver,Punjab,Imported,Hatchback,660.0,19.0,Tall-boy,660cc kei,2026-09-10,daihatsu move|2014|23.0|150000,False,2026-09-10T18:31,False,23.0,,,2300000.0
11976935,PakWheels,Daihatsu Mira,X Limited,2012,23.78,90000.0,Automatic,Islamabad,Islamabad,,,9.0,19d,core,https://www.pakwheels.com/used-cars/daihatsu-mira-2012-for-sale-in-islamabad-11976935,https://cache2.pakwheels.com/ad_pictures/1511/daihatsu-mira-x-limited-3-2012-151102797.jpg,White,Punjab,Imported,Hatchback,660.0,19.0,Hatchback,660cc kei,2026-09-10,daihatsu mira|2012|23.78|90000,False,2026-09-10T13:30,False,23.78,,,2378000.0
11978903,PakWheels,Nissan Dayz,Bolero X,2015,24.0,230000.0,Automatic,Islamabad,Islamabad,,,9.0,19d,core,https://www.pakwheels.com/used-cars/nissan-dayz-2015-for-sale-in-islamabad-11978903,https://cache3.pakwheels.com/ad_pictures/1511/nissan-dayz-bolero-x-2-2015-151135413.jpg,White,Islamabad,Imported,Hatchback,660.0,19.0,Hatchback,660cc kei,2026-09-10,nissan dayz|2015|24.0|230000,False,2026-09-10T18:31,False,24.0,,,2400000.0
11661609,PakWheels,Daihatsu Mira ES,,2013,24.75,159000.0,Automatic,Islamabad,Islamabad,,,7.0,19d,core,https://www.pakwheels.com/used-cars/daihatsu-mira-2013-for-sale-in-islamabad-11661609,https://cache1.pakwheels.com/ad_pictures/1462/daihatsu-mira-es-2013-146268855.jpg,Black Mica Metallic,Islamabad,Imported,Hatchback,660.0,19.0,Hatchback,660cc kei,2026-09-10,daihatsu mira es|2013|24.75|159000,False,2026-09-10T13:30,False,24.75,,,2475000.0
11981128,PakWheels,Nissan Moco,X Four,2013,25.0,100000.0,Automatic,Islamabad,Islamabad,,,6.0,19d,core,https://www.pakwheels.com/used-cars/nissan-moco-2013-for-sale-in-islamabad-11981128,https://cache2.pakwheels.com/ad_pictures/1511/nissan-moco-x-four-2013-151168000.jpg,White,Islamabad,Imported,Hatchback,660.0,19.0,Hatchback,660cc kei,2026-09-10,nissan moco|2013|25.0|100000,False,2026-09-11T13:28,False,25.0,,,2500000.0
11981223,PakWheels,Suzuki Alto,ECO S,2014,26.0,130000.0,Automatic,Islamabad,Islamabad,,,9.0,19d,core,https://www.pakwheels.com/used-cars/suzuki-alto-2014-for-sale-in-islamabad-11981223,https://cache1.pakwheels.com/ad_pictures/1511/suzuki-alto-eco-s-2014-151169634.jpg,White,Islamabad,Imported,Hatchback,660.0,19.0,Hatchback,660cc kei,2026-09-10,suzuki alto|2014|26.0|130000,False,2026-09-11T13:28,False,26.0,,,2600000.0
11979858,PakWheels,Daihatsu Mira ES,,2016,26.0,175000.0,Automatic,Rawalpindi,Rawalpindi,,,11.0,19d,core,https://www.pakwheels.com/used-cars/daihatsu-mira-2016-for-sale-in-rawalpindi-11979858,https://cache4.pakwheels.com/ad_pictures/1511/daihatsu-mira-es-2016-151150283.jpg,Pink,Islamabad,Imported,Hatchback,660.0,19.0,Hatchback,660cc kei,2026-09-10,daihatsu mira es|2016|26.0|175000,False,2026-09-10T23:16,False,26.0,,,2600000.0
11978330,PakWheels,Daihatsu Mira ES,,2013,26.5,81600.0,Automatic,Islamabad,Islamabad,,,7.0,19d,core,https://www.pakwheels.com/used-cars/daihatsu-mira-2013-for-sale-in-islamabad-11978330,https://cache3.pakwheels.com/ad_pictures/1511/daihatsu-mira-es-2013-151125259.jpg,Black,Islamabad,Imported,Hatchback,660.0,19.0,Hatchback,660cc kei,2026-09-10,daihatsu mira es|2013|26.5|81600,False,2026-09-10T18:31,False,26.5,,,2650000.0
11978956,PakWheels,Suzuki Wagon R,FX,2016,26.9,115000.0,Automatic,Rawalpindi,Rawalpindi,,,9.0,19d,core,https://www.pakwheels.com/used-cars/suzuki-wagon-r-2016-for-sale-in-rawalpindi-11978956,https://cache1.pakwheels.com/ad_pictures/1511/suzuki-wagon-r-fx-2-2016-151135760.jpg,Burgundy,Islamabad,Imported,Hatchback,660.0,19.0,Tall-boy,660cc kei,2026-09-10,suzuki wagon r|2016|26.9|115000,False,2026-09-10T18:31,False,26.9,,,2690000.0
11978554,PakWheels,Suzuki Alto,VXR,2022,26.9,99000.0,Manual,Rawalpindi,Rawalpindi,,,12.0,19d,core,https://www.pakwheels.com/used-cars/suzuki-alto-2022-for-sale-in-rawalpindi-11978554,https://cache1.pakwheels.com/ad_pictures/1511/suzuki-alto-vxr-2-2022-151129496.jpg,White,Islamabad,Local,Hatchback,660.0,19.0,Hatchback,660cc kei,2026-09-10,suzuki alto|2022|26.9|99000,False,2026-09-10T18:31,False,26.9,,,2690000.0
11977758,PakWheels,Mazda Carol,GX,2019,29.8,75880.0,Automatic,Islamabad,Islamabad,,,10.0,19d,core,https://www.pakwheels.com/used-cars/mazda-carol-2019-for-sale-in-islamabad-11977758,https://cache2.pakwheels.com/ad_pictures/1511/mazda-carol-gx-2-2019-151116189.jpg,Red,Punjab,Imported,Hatchback,660.0,19.0,Hatchback,660cc kei,2026-09-10,mazda carol|2019|29.8|75880,False,2026-09-10T13:30,False,29.8,,,2980000.0
11978077,PakWheels,Daihatsu Tanto,Custom X,2018,29.9,63000.0,Automatic,Islamabad,Islamabad,,,4.0,19d,core,https://www.pakwheels.com/used-cars/daihatsu-tanto-2018-for-sale-in-islamabad-11978077,https://cache1.pakwheels.com/ad_pictures/1511/daihatsu-tanto-custom-x-4-2018-151120294.jpg,Navy,Rawalpindi,Imported,Hatchback,660.0,19.0,Tall-boy,660cc kei,2026-09-10,daihatsu tanto|2018|29.9|63000,False,2026-09-10T18:31,False,29.9,,,2990000.0
11975742,PakWheels,Suzuki Alto,,2009,12.95,25000.0,Automatic,Rawalpindi,Rawalpindi,,,5.0,20d,core,https://www.pakwheels.com/used-cars/suzuki-alto-2009-for-sale-in-rawalpindi-11975742,https://cache4.pakwheels.com/ad_pictures/1510/suzuki-alto-2009-151085786.jpg,Turquoise,Punjab,Imported,,660.0,20.0,Hatchback,660cc kei,2026-09-09,suzuki alto|2009|12.95|25000,False,2026-09-09T23:28,False,12.95,,,1295000.0
11829982,PakWheels,Daihatsu Mira,X SA,2008,16.45,150000.0,Automatic,Islamabad,Islamabad,,,7.0,20d,core,https://www.pakwheels.com/used-cars/daihatsu-mira-2008-for-sale-in-islamabad-11829982,https://cache2.pakwheels.com/ad_pictures/1492/daihatsu-mira-x-sa-2-2008-149232133.jpg,White,Islamabad,Imported,Hatchback,660.0,20.0,Hatchback,660cc kei,2026-09-09,daihatsu mira|2008|16.45|150000,False,2026-09-09T23:28,False,16.9,0.45,,1645000.0
11976439,PakWheels,Nissan Moco,X Idling Stop,2013,17.5,150000.0,Automatic,Islamabad,Islamabad,,,4.0,20d,core,https://www.pakwheels.com/used-cars/nissan-moco-2013-for-sale-in-islamabad-11976439,https://cache2.pakwheels.com/ad_pictures/1510/nissan-moco-x-idling-stop-4-2013-151095852.jpg,Turquoise,Karachi,Imported,Hatchback,660.0,20.0,Hatchback,660cc kei,2026-09-09,nissan moco|2013|17.5|150000,False,2026-09-09T23:28,False,17.5,,,1750000.0
11583074,PakWheels,Mitsubishi i,,2008,17.5,128000.0,Automatic,Rawalpindi,Rawalpindi,,,4.0,20d,core,https://www.pakwheels.com/used-cars/mitsubishi-i-2008-for-sale-in-rawalpindi-11583074,https://cache2.pakwheels.com/ad_pictures/1450/mitsubishi-i-2008-145092010.jpg,Red,Lahore,Imported,,660.0,20.0,Hatchback,660cc kei,2026-09-09,mitsubishi i|2008|17.5|128000,False,2026-09-09T23:28,False,17.5,,,1750000.0
11973140,PakWheels,Honda Zest,Sports G Turbo,2007,18.0,233000.0,Automatic,Rawalpindi,Rawalpindi,,,19.0,20d,core,https://www.pakwheels.com/used-cars/honda-zest-2007-for-sale-in-rawalpindi-11973140,https://cache2.pakwheels.com/ad_pictures/1510/honda-zest-sports-g-turbo-2007-151043529.jpg,Black,Punjab,Imported,Hatchback,660.0,20.0,Tall-boy,660cc kei,2026-09-09,honda zest|2007|18.0|233000,False,2026-09-09T13:31,False,18.0,,,1800000.0
11975401,PakWheels,Honda Zest,D,2007,18.5,235000.0,Automatic,Rawalpindi,Rawalpindi,,,20.0,20d,core,https://www.pakwheels.com/used-cars/honda-zest-2007-for-sale-in-rawalpindi-11975401,https://cache3.pakwheels.com/ad_pictures/1510/honda-zest-d-2-2007-151080987.jpg,Blue,Abbottabad,Imported,Hatchback,660.0,20.0,Tall-boy,660cc kei,2026-09-09,honda zest|2007|18.5|235000,False,2026-09-09T23:28,False,18.5,,,1850000.0
11976620,PakWheels,Mitsubishi EK Wagon,Limited,2007,18.9,180704.0,Automatic,Rawalpindi,Rawalpindi,,,11.0,20d,core,https://www.pakwheels.com/used-cars/mitsubishi-ek-wagon-2007-for-sale-in-rawalpindi-11976620,https://cache3.pakwheels.com/ad_pictures/1510/mitsubishi-ek-wagon-limited-2-2007-151098376.jpg,White,Punjab,Imported,Hatchback,660.0,20.0,Hatchback,660cc kei,2026-09-09,mitsubishi ek wagon|2007|18.9|180704,False,2026-09-10T13:30,False,18.9,,,1890000.0
11974728,PakWheels,Suzuki Wagon R,FX,2007,19.0,90000.0,Automatic,Islamabad,Islamabad,,,10.0,20d,core,https://www.pakwheels.com/used-cars/suzuki-wagon-r-2007-for-sale-in-islamabad-11974728,https://cache4.pakwheels.com/ad_pictures/1510/suzuki-wagon-r-fx-2-2007-151069934.jpg,Black,Islamabad,Imported,Hatchback,660.0,20.0,Tall-boy,660cc kei,2026-09-09,suzuki wagon r|2007|19.0|90000,False,2026-09-09T18:40,False,19.0,,,1900000.0
11809586,PakWheels,Daihatsu Sonica,RS Limited,2007,19.0,9500.0,Automatic,Islamabad,Islamabad,,,20.0,20d,core,https://www.pakwheels.com/used-cars/daihatsu-sonica-2007-for-sale-in-islamabad-11809586,https://cache2.pakwheels.com/ad_pictures/1485/daihatsu-sonica-rs-limited-2-2007-148544459.jpg,White,Punjab,Imported,Hatchback,660.0,20.0,Hatchback,660cc kei,2026-09-09,daihatsu sonica|2007|19.0|9500,False,2026-09-09T18:40,False,19.0,,,1900000.0
11976288,PakWheels,Daihatsu Mira,,2014,19.8,235000.0,Automatic,Rawalpindi,Rawalpindi,,,11.0,20d,core,https://www.pakwheels.com/used-cars/daihatsu-mira-2014-for-sale-in-rawalpindi-11976288,https://cache4.pakwheels.com/ad_pictures/1510/daihatsu-mira-2014-151093802.jpg,White,Islamabad,Imported,,660.0,20.0,Hatchback,660cc kei,2026-09-09,daihatsu mira|2014|19.8|235000,False,2026-09-10T18:31,False,19.8,,,1980000.0
11973507,PakWheels,Honda Zest,W Turbo,2010,20.5,94000.0,Automatic,Rawalpindi,Rawalpindi,,,13.0,20d,core,https://www.pakwheels.com/used-cars/honda-zest-2010-for-sale-in-rawalpindi-11973507,https://cache4.pakwheels.com/ad_pictures/1510/honda-zest-w-turbo-2010-151049428.jpg,White,Punjab,Imported,Hatchback,660.0,20.0,Tall-boy,660cc kei,2026-09-09,honda zest|2010|20.5|94000,False,2026-09-09T18:40,False,21.5,1.0,,2050000.0
11972765,PakWheels,Suzuki Wagon R,X,2007,20.5,129000.0,Automatic,Islamabad,Islamabad,,,12.0,20d,core,https://www.pakwheels.com/used-cars/suzuki-wagon-r-2007-for-sale-in-islamabad-11972765,https://cache1.pakwheels.com/ad_pictures/1510/suzuki-wagon-r-x-14-2007-151036977.jpg,Black,Lahore,Imported,Hatchback,660.0,20.0,Tall-boy,660cc kei,2026-09-09,suzuki wagon r|2007|20.5|129000,False,2026-09-09T13:31,False,21.0,0.5,,2050000.0
11974092,PakWheels,Suzuki Wagon R,FX,2007,21.0,130000.0,Automatic,Islamabad,Islamabad,,,8.0,20d,core,https://www.pakwheels.com/used-cars/suzuki-wagon-r-2007-for-sale-in-islamabad-11974092,https://cache2.pakwheels.com/ad_pictures/1510/suzuki-wagon-r-fx-2-2007-151059357.jpg,Black,Lahore,Imported,Hatchback,660.0,20.0,Tall-boy,660cc kei,2026-09-09,suzuki wagon r|2007|21.0|130000,False,2026-09-09T18:40,False,21.0,,,2100000.0
11974206,PakWheels,Suzuki Wagon R,FX,2011,21.25,75000.0,Automatic,Rawalpindi,Rawalpindi,,,10.0,20d,core,https://www.pakwheels.com/used-cars/suzuki-wagon-r-2011-for-sale-in-rawalpindi-11974206,https://cache4.pakwheels.com/ad_pictures/1510/suzuki-wagon-r-fx-2-2011-151061426.jpg,Maroon,Islamabad,Imported,Hatchback,660.0,20.0,Tall-boy,660cc kei,2026-09-09,suzuki wagon r|2011|21.25|75000,False,2026-09-09T18:40,False,21.25,,,2125000.0
11975668,PakWheels,Daihatsu Esse,X,2007,21.5,145000.0,Automatic,Islamabad,Islamabad,,,5.0,20d,core,https://www.pakwheels.com/used-cars/daihatsu-esse-2007-for-sale-in-islamabad-11975668,https://cache4.pakwheels.com/ad_pictures/1510/daihatsu-esse-x-7-2007-151084877.jpg,Black,Karachi,Imported,Hatchback,660.0,20.0,Hatchback,660cc kei,2026-09-09,daihatsu esse|2007|21.5|145000,False,2026-09-09T23:28,False,22.5,1.0,,2150000.0
11974755,PakWheels,Daihatsu Move,Custom G,2014,22.8,121000.0,Automatic,Islamabad,Islamabad,,,2.0,20d,core,https://www.pakwheels.com/used-cars/daihatsu-move-2014-for-sale-in-islamabad-11974755,https://cache3.pakwheels.com/ad_pictures/1510/daihatsu-move-custom-g-2014-151070559.jpg,Maroon,Sindh,Imported,Hatchback,660.0,20.0,Tall-boy,660cc kei,2026-09-09,daihatsu move|2014|22.8|121000,False,2026-09-09T18:40,False,22.8,,,2280000.0
11974153,PakWheels,Nissan Moco,G,2010,23.7,118000.0,Automatic,Islamabad,Islamabad,,,7.0,20d,core,https://www.pakwheels.com/used-cars/nissan-moco-2010-for-sale-in-islamabad-11974153,https://cache2.pakwheels.com/ad_pictures/1510/nissan-moco-g-24-2010-151060450.jpg,White,Lahore,Imported,Hatchback,660.0,20.0,Hatchback,660cc kei,2026-09-09,nissan moco|2010|23.7|118000,False,2026-09-09T18:40,False,23.7,,,2370000.0
11973410,PakWheels,Suzuki Alto,VXR,2020,24.3,150000.0,Manual,Islamabad,Islamabad,,,7.0,20d,core,https://www.pakwheels.com/used-cars/suzuki-alto-2020-for-sale-in-islamabad-11973410,https://cache2.pakwheels.com/ad_pictures/1510/suzuki-alto-vxr-2-2020-151047643.jpg,White,Punjab,Local,Hatchback,660.0,20.0,Hatchback,660cc kei,2026-09-09,suzuki alto|2020|24.3|150000,False,2026-09-09T13:31,False,24.3,,,2430000.0
11972749,PakWheels,Suzuki Alto,,2014,24.5,153000.0,Automatic,Islamabad,Islamabad,,,9.0,20d,core,https://www.pakwheels.com/used-cars/suzuki-alto-2014-for-sale-in-islamabad-11972749,https://cache3.pakwheels.com/ad_pictures/1510/suzuki-alto-2014-151036827.jpg,Turquoise,Islamabad,Imported,,660.0,20.0,Hatchback,660cc kei,2026-09-09,suzuki alto|2014|24.5|153000,False,2026-09-09T13:31,False,24.5,,,2450000.0
11972902,PakWheels,Suzuki Alto,VX,2021,25.3,56000.0,Manual,Islamabad,Islamabad,,,9.0,20d,core,https://www.pakwheels.com/used-cars/suzuki-alto-2021-for-sale-in-islamabad-11972902,https://cache1.pakwheels.com/ad_pictures/1510/suzuki-alto-vx-14-2021-151039440.jpg,Grey,Islamabad,Local,Hatchback,660.0,20.0,Hatchback,660cc kei,2026-09-09,suzuki alto|2021|25.3|56000,False,2026-09-09T13:31,False,25.3,,,2530000.0
11975244,PakWheels,Mitsubishi EK Wagon,M,2013,25.5,87000.0,Automatic,Rawalpindi,Rawalpindi,,,15.0,20d,core,https://www.pakwheels.com/used-cars/mitsubishi-ek-wagon-2013-for-sale-in-rawalpindi-11975244,https://cache2.pakwheels.com/ad_pictures/1510/mitsubishi-ek-wagon-m-2013-151078189.jpg,Pink,Punjab,Imported,Hatchback,660.0,20.0,Hatchback,660cc kei,2026-09-09,mitsubishi ek wagon|2013|25.5|87000,False,2026-09-09T18:40,False,25.5,,,2550000.0
11973221,PakWheels,Suzuki Alto,VXL,2020,25.8,87000.0,Automatic,Rawalpindi,Rawalpindi,,,13.0,20d,core,https://www.pakwheels.com/used-cars/suzuki-alto-2020-for-sale-in-rawalpindi-11973221,https://cache3.pakwheels.com/ad_pictures/1510/suzuki-alto-vxl-2-2020-151045280.jpg,White,Islamabad,Local,Hatchback,660.0,20.0,Hatchback,660cc kei,2026-09-09,suzuki alto|2020|25.8|87000,False,2026-09-09T13:31,False,25.8,,,2580000.0
11972831,PakWheels,Suzuki Alto,VX,2021,26.0,30000.0,Manual,Islamabad,Islamabad,,,11.0,20d,core,https://www.pakwheels.com/used-cars/suzuki-alto-2021-for-sale-in-islamabad-11972831,https://cache3.pakwheels.com/ad_pictures/1510/suzuki-alto-vx-14-2021-151038265.jpg,White,Islamabad,Local,Hatchback,660.0,20.0,Hatchback,660cc kei,2026-09-09,suzuki alto|2021|26.0|30000,False,2026-09-09T13:31,False,26.0,,,2600000.0
11974653,PakWheels,Suzuki Alto,VXL,2021,26.2,63400.0,Automatic,Rawalpindi,Rawalpindi,,,15.0,20d,core,https://www.pakwheels.com/used-cars/suzuki-alto-2021-for-sale-in-rawalpindi-11974653,https://cache1.pakwheels.com/ad_pictures/1510/suzuki-alto-vxl-2-2021-151068634.jpg,White,Islamabad,Local,Hatchback,660.0,20.0,Hatchback,660cc kei,2026-09-09,suzuki alto|2021|26.2|63400,False,2026-09-09T18:40,False,26.2,,,2620000.0
11975770,PakWheels,Suzuki Alto,VX,2021,27.0,69000.0,Manual,Rawalpindi,Rawalpindi,,,19.0,20d,core,https://www.pakwheels.com/used-cars/suzuki-alto-2021-for-sale-in-rawalpindi-11975770,https://cache2.pakwheels.com/ad_pictures/1510/suzuki-alto-vx-14-2021-151086403.jpg,White,Islamabad,Local,Hatchback,660.0,20.0,Hatchback,660cc kei,2026-09-09,suzuki alto|2021|27.0|69000,False,2026-09-09T23:28,False,27.0,,,2700000.0
11974643,PakWheels,Suzuki Alto,VXR AGS,2023,28.8,67000.0,Automatic,Islamabad,Islamabad,,,5.0,20d,core,https://www.pakwheels.com/used-cars/suzuki-alto-2023-for-sale-in-islamabad-11974643,https://cache2.pakwheels.com/ad_pictures/1510/suzuki-alto-vxr-ags-2023-151068814.jpg,White,Islamabad,Local,Hatchback,660.0,20.0,Hatchback,660cc kei,2026-09-09,suzuki alto|2023|28.8|67000,False,2026-09-09T18:40,False,28.8,,,2880000.0
11970313,PakWheels,Suzuki Alto,,1992,6.5,150000.0,Manual,Islamabad,Islamabad,,,11.0,21d,core,https://www.pakwheels.com/used-cars/suzuki-alto-1992-for-sale-in-islamabad-11970313,https://cache4.pakwheels.com/ad_pictures/1509/suzuki-alto-1992-150999949.jpg,White,Karachi,Imported,,660.0,21.0,Hatchback,660cc kei,2026-09-08,suzuki alto|1992|6.5|150000,False,2026-09-08T18:29,False,6.5,,,650000.0
11244710,PakWheels,Suzuki Alto,,2010,12.5,200000.0,Automatic,Islamabad,Islamabad,,,7.0,21d,core,https://www.pakwheels.com/used-cars/suzuki-alto-2010-for-sale-in-islamabad-11244710,https://cache3.pakwheels.com/ad_pictures/1398/suzuki-alto-2010-139816066.jpg,White,Islamabad,Imported,Hatchback,660.0,21.0,Hatchback,660cc kei,2026-09-08,suzuki alto|2010|12.5|200000,False,2026-09-08T18:29,False,12.5,,,1250000.0
1119093088,OLX,Nissan March,2000,2000,13.0,100000.0,,Islamabad,"Gulberg Greens, Islamabad",,,,3w,core,https://www.olx.com.pk/item/-iid-1119093088,https://images.olx.com.pk/thumbnails/644473857-600x450.jpeg,,,,,,21.0,Hatchback,1000-1300cc,2026-09-08,nissan march|2000|13.0|100000,False,2026-09-10T13:30,False,13.0,,,1300000.0
11826562,PakWheels,Mitsubishi Minica,,2007,13.5,115000.0,Automatic,Rawalpindi,Rawalpindi,,,10.0,21d,core,https://www.pakwheels.com/used-cars/mitsubishi-minica-2007-for-sale-in-rawalpindi-11826562,https://cache2.pakwheels.com/ad_pictures/1488/mitsubishi-minica-2007-148801416.jpg,Silver,Karachi,Imported,,660.0,21.0,Hatchback,660cc kei,2026-09-08,mitsubishi minica|2007|13.5|115000,False,2026-09-08T13:29,False,13.5,,,1350000.0
11968939,PakWheels,Daihatsu Mira,TX,2008,15.5,170000.0,Automatic,Islamabad,Islamabad,,,14.0,21d,core,https://www.pakwheels.com/used-cars/daihatsu-mira-2008-for-sale-in-islamabad-11968939,https://cache3.pakwheels.com/ad_pictures/1509/daihatsu-mira-tx-3-2008-150977102.jpg,Silver,Sindh,Imported,Hatchback,660.0,21.0,Hatchback,660cc kei,2026-09-08,daihatsu mira|2008|15.5|170000,False,2026-09-08T13:29,False,15.5,,,1550000.0
1119044406,OLX,Suzuki Kei,E 2002/07,2002,15.5,130000.0,,Islamabad,"E-11/4, Islamabad",,,,3w,core,https://www.olx.com.pk/item/-iid-1119044406,https://images.olx.com.pk/thumbnails/644183902-600x450.jpeg,,,,,,21.0,Hatchback,660cc kei,2026-09-08,suzuki kei|2002|15.5|130000,True,2026-09-09T13:31,False,15.5,,duplicate listing,1550000.0
11779211,PakWheels,Daihatsu Mira,TX Special,2009,16.75,177750.0,Automatic,Islamabad,Islamabad,,,18.0,21d,core,https://www.pakwheels.com/used-cars/daihatsu-mira-2009-for-sale-in-islamabad-11779211,https://cache1.pakwheels.com/ad_pictures/1480/daihatsu-mira-tx-special-2009-148078803.jpg,Silver,Islamabad,Imported,Hatchback,660.0,21.0,Hatchback,660cc kei,2026-09-08,daihatsu mira|2009|16.75|177750,False,2026-09-08T13:29,False,17.9,1.15,,1675000.0
11970698,PakWheels,Daihatsu Mira ES,,2008,16.85,202200.0,Automatic,Islamabad,Islamabad,,,7.0,21d,core,https://www.pakwheels.com/used-cars/daihatsu-mira-2008-for-sale-in-islamabad-11970698,https://cache1.pakwheels.com/ad_pictures/1510/daihatsu-mira-es-2008-151005689.jpg,light green,Islamabad,Imported,Hatchback,660.0,21.0,Hatchback,660cc kei,2026-09-08,daihatsu mira es|2008|16.85|202200,False,2026-09-08T18:29,False,17.85,1.0,,1685000.0
11969421,PakWheels,Suzuki Alto,,2011,17.0,136286.0,Automatic,Islamabad,Islamabad,,,7.0,21d,core,https://www.pakwheels.com/used-cars/suzuki-alto-2011-for-sale-in-islamabad-11969421,https://cache1.pakwheels.com/ad_pictures/1509/suzuki-alto-2011-150983504.jpg,White,Lahore,Imported,,660.0,21.0,Hatchback,660cc kei,2026-09-08,suzuki alto|2011|17.0|136286,False,2026-09-08T18:29,False,17.0,,,1700000.0
11971088,PakWheels,Suzuki Alto,,2007,17.5,137338.0,Automatic,Islamabad,Islamabad,,,6.0,21d,core,https://www.pakwheels.com/used-cars/suzuki-alto-2007-for-sale-in-islamabad-11971088,https://cache2.pakwheels.com/ad_pictures/1510/suzuki-alto-2007-151012292.jpg,White,Karachi,Imported,,660.0,21.0,Hatchback,660cc kei,2026-09-08,suzuki alto|2007|17.5|137338,False,2026-09-08T23:28,False,18.0,0.5,,1750000.0
11969824,PakWheels,Suzuki Alto,X,2008,19.5,104000.0,Automatic,Islamabad,Islamabad,,,8.0,21d,core,https://www.pakwheels.com/used-cars/suzuki-alto-2008-for-sale-in-islamabad-11969824,https://cache1.pakwheels.com/ad_pictures/1509/suzuki-alto-x-9-2008-150991932.jpg,Silver,Lahore,Imported,Hatchback,660.0,21.0,Hatchback,660cc kei,2026-09-08,suzuki alto|2008|19.5|104000,False,2026-09-08T18:29,False,19.5,,,1950000.0
1113565921,OLX,Mazda Carol,2013 registered 2014,2013,20.5,133000.0,,Rawalpindi,"DAV College Road, Rawalpindi",,,,3w,core,https://www.olx.com.pk/item/-iid-1113565921,https://images.olx.com.pk/thumbnails/611997845-600x450.jpeg,,,,,,21.0,Hatchback,660cc kei,2026-09-08,mazda carol|2013|20.5|133000,False,2026-09-06T13:18,False,20.5,,,2050000.0
11972257,PakWheels,Suzuki Spacia,,2014,21.25,115000.0,Automatic,Rawalpindi,Rawalpindi,,,4.0,21d,core,https://www.pakwheels.com/used-cars/suzuki-spacia-2014-for-sale-in-rawalpindi-11972257,https://cache4.pakwheels.com/ad_pictures/1510/suzuki-spacia-2014-151029676.jpg,Gold,Lahore,Imported,,660.0,21.0,Tall-boy,660cc kei,2026-09-08,suzuki spacia|2014|21.25|115000,False,2026-09-09T13:31,False,21.25,,,2125000.0
1119030629,OLX,Toyota Belta,2007/12 Auto Gear 1300 cc,2007,21.5,189000.0,,Islamabad,"Pakistan Town, Islamabad",,,,3w,core,https://www.olx.com.pk/item/-iid-1119030629,https://images.olx.com.pk/thumbnails/644096598-600x450.jpeg,,,,,,21.0,Hatchback,1000-1300cc,2026-09-08,toyota belta|2007|21.5|189000,False,2026-09-08T13:29,False,21.5,,,2150000.0
11955223,PakWheels,Suzuki Alto,ECO S,2013,21.9,125600.0,Automatic,Islamabad,Islamabad,,,20.0,21d,core,https://www.pakwheels.com/used-cars/suzuki-alto-2013-for-sale-in-islamabad-11955223,https://cache2.pakwheels.com/ad_pictures/1507/suzuki-alto-eco-s-2013-150764231.jpg,Red,Islamabad,Imported,Hatchback,660.0,21.0,Hatchback,660cc kei,2026-09-08,suzuki alto|2013|21.9|125600,False,2026-09-05T17:33,False,22.3,0.4,,2190000.0
11969247,PakWheels,Nissan Pino,,2009,22.0,80000.0,Automatic,Rawalpindi,Rawalpindi,,,8.0,21d,core,https://www.pakwheels.com/used-cars/nissan-pino-2009-for-sale-in-rawalpindi-11969247,https://cache2.pakwheels.com/ad_pictures/1509/nissan-pino-2009-150981829.jpg,White,Islamabad,Imported,,660.0,21.0,Hatchback,660cc kei,2026-09-08,nissan pino|2009|22.0|80000,False,2026-09-08T18:29,False,22.0,,,2200000.0
1119113725,OLX,Suzuki Jimny,2013,2007,22.5,138300.0,,Rawalpindi,"Bahria Town Phase 8, Rawalpindi",,,,3w,core,https://www.olx.com.pk/item/-iid-1119113725,https://images.olx.com.pk/thumbnails/644590808-600x450.jpeg,,,,,,21.0,Hatchback,660cc kei,2026-09-08,suzuki jimny|2007|22.5|138300,False,2026-09-10T13:30,False,22.5,,,2250000.0
1117723289,OLX,Toyota Belta,2009,2009,22.5,98000.0,,Attock,"Mehria Town, Attock",,,,3w,near,https://www.olx.com.pk/item/-iid-1117723289,https://images.olx.com.pk/thumbnails/636361776-600x450.jpeg,,,,,,21.0,Hatchback,1000-1300cc,2026-09-08,toyota belta|2009|22.5|98000,False,2026-09-10T13:30,False,22.5,,outside city - Wah/Taxila/Attock/Jhelum area,2250000.0
11970821,PakWheels,Mitsubishi EK Wagon,,2013,22.9,92900.0,Automatic,Islamabad,Islamabad,,,12.0,21d,core,https://www.pakwheels.com/used-cars/mitsubishi-ek-wagon-2013-for-sale-in-islamabad-11970821,https://cache4.pakwheels.com/ad_pictures/1510/mitsubishi-ek-wagon-2013-151007656.jpg,Silver,Karachi,Imported,,660.0,21.0,Hatchback,660cc kei,2026-09-08,mitsubishi ek wagon|2013|22.9|92900,False,2026-09-08T18:29,False,23.5,0.6,,2290000.0
1119188494,OLX,Mazda Flair,Wagon 2017,2014,23.0,131000.0,,Islamabad,"G-13, Islamabad",,,,3w,core,https://www.olx.com.pk/item/-iid-1119188494,https://images.olx.com.pk/thumbnails/645039674-600x450.jpeg,,,,,,21.0,Tall-boy,660cc kei,2026-09-08,mazda flair|2014|23.0|131000,False,2026-09-12T13:19,False,23.5,0.5,,2300000.0
1119098608,OLX,Toyota Belta,2006,2006,23.5,,,Islamabad,"DHA Defence Phase 2, Islamabad",,,,3w,core,https://www.olx.com.pk/item/-iid-1119098608,https://images.olx.com.pk/thumbnails/644506324-600x450.jpeg,,,,,,21.0,Hatchback,1000-1300cc,2026-09-08,toyota belta|2006|23.5|-1,False,2026-09-12T13:19,False,23.5,,,2350000.0
1119045627,OLX,Toyota Vitz,2008,2008,23.75,195000.0,,Rawalpindi,"Saddar, Rawalpindi",,,,3w,core,https://www.olx.com.pk/item/-iid-1119045627,https://images.olx.com.pk/thumbnails/644191111-600x450.jpeg,,,,,,21.0,Hatchback,1000-1300cc,2026-09-08,toyota vitz|2008|23.75|195000,False,2026-09-09T13:31,False,23.75,,,2375000.0
1119176962,OLX,Toyota Belta,G 1.3 2007,2007,23.9,86500.0,,Islamabad,"G-13/1, Islamabad",,,,3w,core,https://www.olx.com.pk/item/-iid-1119176962,https://images.olx.com.pk/thumbnails/644972831-600x450.jpeg,,,,,,21.0,Hatchback,1000-1300cc,2026-09-08,toyota belta|2007|23.9|86500,False,2026-09-12T13:19,False,24.5,0.6,,2390000.0
1119125586,OLX,Toyota Belta,"2013, 1000cc",2013,23.9,192750.0,,Rawalpindi,"Bahria Town Phase 4, Rawalpindi",,,,3w,core,https://www.olx.com.pk/item/-iid-1119125586,https://images.olx.com.pk/thumbnails/644662238-600x450.jpeg,,,,,,21.0,Hatchback,1000-1300cc,2026-09-08,toyota belta|2013|23.9|192750,False,2026-09-11T13:28,False,23.9,,,2390000.0
1119100408,OLX,Suzuki Alto,Eco 2014,2014,23.95,168000.0,,Attock,"Burhan, Attock",,,,3w,near,https://www.olx.com.pk/item/-iid-1119100408,https://images.olx.com.pk/thumbnails/644516370-600x450.jpeg,,,,,,21.0,Hatchback,660cc kei,2026-09-08,suzuki alto|2014|23.95|168000,False,2026-09-10T13:30,False,23.95,,outside city - Wah/Taxila/Attock/Jhelum area,2395000.0
11971352,PakWheels,Suzuki Alto,VX,2019,24.0,98000.0,Manual,Islamabad,Islamabad,,,3.0,21d,core,https://www.pakwheels.com/used-cars/suzuki-alto-2019-for-sale-in-islamabad-11971352,https://cache3.pakwheels.com/ad_pictures/1510/suzuki-alto-vx-14-2019-151016995.jpg,White,Islamabad,Local,Hatchback,660.0,21.0,Hatchback,660cc kei,2026-09-08,suzuki alto|2019|24.0|98000,False,2026-09-08T23:28,False,24.0,,,2400000.0
1100694033,OLX,Nissan Dayz,S 2016,2016,24.0,110800.0,,Rawalpindi,"Bahria Town Phase 6, Rawalpindi",,,,3w,core,https://www.olx.com.pk/item/-iid-1100694033,https://images.olx.com.pk/thumbnails/534415836-600x450.jpeg,,,,,,21.0,Hatchback,660cc kei,2026-09-08,nissan dayz|2016|24.0|110800,False,2026-09-10T13:30,False,24.0,,,2400000.0
1115668276,OLX,Nissan Dayz,2015,2015,24.0,90000.0,,Rawalpindi,"Pindora, Rawalpindi",,,,3w,core,https://www.olx.com.pk/item/-iid-1115668276,https://images.olx.com.pk/thumbnails/624325901-600x450.jpeg,,,,,,21.0,Hatchback,660cc kei,2026-09-08,nissan dayz|2015|24.0|90000,False,2026-09-07T13:10,False,25.0,1.0,,2400000.0
1119139878,OLX,Toyota Belta,2026,2026,24.0,120000.0,,Attock,"Mehria Town, Attock",,,,3w,near,https://www.olx.com.pk/item/-iid-1119139878,https://images.olx.com.pk/thumbnails/644748292-600x450.jpeg,,,,,,21.0,Hatchback,1000-1300cc,2026-09-08,toyota belta|2026|24.0|120000,False,2026-09-11T13:28,False,24.0,,outside city - Wah/Taxila/Attock/Jhelum area,2400000.0
11971261,PakWheels,Nissan Dayz,Highway Star X,2016,24.25,150000.0,Automatic,Islamabad,Islamabad,,,8.0,21d,core,https://www.pakwheels.com/used-cars/nissan-dayz-2016-for-sale-in-islamabad-11971261,https://cache2.pakwheels.com/ad_pictures/1510/nissan-dayz-highway-star-x-2016-151015694.jpg,Maroon,Islamabad,Imported,Hatchback,660.0,21.0,Hatchback,660cc kei,2026-09-08,nissan dayz|2016|24.25|150000,False,2026-09-08T23:28,False,24.5,0.25,,2425000.0
1119137585,OLX,Toyota Belta,2013,2013,24.3,192750.0,,Rawalpindi,"Bahria Town Phase 4, Rawalpindi",,,,3w,core,https://www.olx.com.pk/item/-iid-1119137585,https://images.olx.com.pk/thumbnails/644734945-600x450.jpeg,,,,,,21.0,Hatchback,1000-1300cc,2026-09-08,toyota belta|2013|24.3|192750,False,2026-09-11T13:28,False,24.3,,,2430000.0
11966803,PakWheels,Nissan Dayz,Highway Star X,2013,25.0,80000.0,Automatic,Islamabad,Islamabad,,,5.0,21d,core,https://www.pakwheels.com/used-cars/nissan-dayz-2013-for-sale-in-islamabad-11966803,https://cache3.pakwheels.com/ad_pictures/1509/nissan-dayz-highway-star-x-2013-150946160.jpg,Silver,Islamabad,Imported,Hatchback,660.0,21.0,Hatchback,660cc kei,2026-09-08,nissan dayz|2013|25.0|80000,False,2026-09-08T13:29,False,25.0,,,2500000.0
1117534138,OLX,Suzuki Jimny,japnis,2013,25.0,2500.0,,Rawalpindi,"Adiala Road, Rawalpindi",,,,3w,core,https://www.olx.com.pk/item/-iid-1117534138,https://images.olx.com.pk/thumbnails/635255319-600x450.jpeg,,,,,,21.0,Hatchback,660cc kei,2026-09-08,suzuki jimny|2013|25.0|2500,False,2026-09-07T13:10,False,25.0,,mileage implausibly low,2500000.0
1118922776,OLX,Toyota Belta,2013,2013,25.1,192750.0,,Islamabad,"Bahria Town, Islamabad",,,,3w,core,https://www.olx.com.pk/item/-iid-1118922776,https://images.olx.com.pk/thumbnails/643453540-600x450.jpeg,,,,,,21.0,Hatchback,1000-1300cc,2026-09-08,toyota belta|2013|25.1|192750,False,2026-09-06T13:18,False,25.1,,,2510000.0
11971372,PakWheels,Suzuki Alto,VXR,2022,25.5,150000.0,Manual,Rawalpindi,Rawalpindi,,,4.0,21d,core,https://www.pakwheels.com/used-cars/suzuki-alto-2022-for-sale-in-rawalpindi-11971372,https://cache2.pakwheels.com/ad_pictures/1510/suzuki-alto-vxr-2-2022-151017257.jpg,White,Punjab,Local,Hatchback,660.0,21.0,Hatchback,660cc kei,2026-09-08,suzuki alto|2022|25.5|150000,False,2026-09-08T23:28,False,25.5,,,2550000.0
1118979559,OLX,Nissan Dayz,Highway Star 2016 / 2018,2016,25.9,96000.0,,Islamabad,"12th Avenue, Islamabad",,,,3w,core,https://www.olx.com.pk/item/-iid-1118979559,https://images.olx.com.pk/thumbnails/643793013-600x450.jpeg,,,,,,21.0,Hatchback,660cc kei,2026-09-08,nissan dayz|2016|25.9|96000,False,2026-09-07T13:10,False,25.9,,,2590000.0
11968350,PakWheels,Daihatsu Move,,2013,26.0,175000.0,Automatic,Islamabad,Islamabad,,,14.0,21d,core,https://www.pakwheels.com/used-cars/daihatsu-move-2013-for-sale-in-islamabad-11968350,https://cache1.pakwheels.com/ad_pictures/1509/daihatsu-move-2013-150967708.jpg,Black,Islamabad,Imported,,660.0,21.0,Tall-boy,660cc kei,2026-09-08,daihatsu move|2013|26.0|175000,False,2026-09-08T13:29,False,26.0,,,2600000.0
1119101551,OLX,Nissan Dayz,2017,2017,26.2,160000.0,,Islamabad,"Motorway Chowk, Islamabad",,,,3w,core,https://www.olx.com.pk/item/-iid-1119101551,https://images.olx.com.pk/thumbnails/645424832-600x450.jpeg,,,,,,21.0,Hatchback,660cc kei,2026-09-08,nissan dayz|2017|26.2|160000,False,2026-09-10T13:30,False,26.2,,,2620000.0
11971965,PakWheels,Suzuki Wagon R,J Style,2014,26.5,85000.0,Automatic,Rawalpindi,Rawalpindi,,,7.0,21d,core,https://www.pakwheels.com/used-cars/suzuki-wagon-r-2014-for-sale-in-rawalpindi-11971965,https://cache1.pakwheels.com/ad_pictures/1510/suzuki-wagon-r-j-style-2014-151025633.jpg,White,Islamabad,Imported,Hatchback,660.0,21.0,Tall-boy,660cc kei,2026-09-08,suzuki wagon r|2014|26.5|85000,True,2026-09-08T23:28,False,26.5,,duplicate listing,2650000.0
1119095325,OLX,Daihatsu Boon,2010,2010,26.5,170000.0,,Islamabad,"Garden Town, Islamabad",,,,3w,core,https://www.olx.com.pk/item/-iid-1119095325,https://images.olx.com.pk/thumbnails/644487365-600x450.jpeg,,,,,,21.0,Hatchback,1000-1300cc,2026-09-08,daihatsu boon|2010|26.5|170000,False,2026-09-10T13:30,False,26.5,,,2650000.0
1118982891,OLX,Daihatsu Tanto,2015,2015,27.3,125000.0,,Islamabad,"Pakistan Town, Islamabad",,,,3w,core,https://www.olx.com.pk/item/-iid-1118982891,https://images.olx.com.pk/thumbnails/643812215-600x450.jpeg,,,,,,21.0,Tall-boy,660cc kei,2026-09-08,daihatsu tanto|2015|27.3|125000,True,2026-09-07T13:10,False,27.3,,duplicate listing,2730000.0
11968000,PakWheels,Suzuki Alto,L,2015,27.5,115000.0,Automatic,Islamabad,Islamabad,,,10.0,21d,core,https://www.pakwheels.com/used-cars/suzuki-alto-2015-for-sale-in-islamabad-11968000,https://cache1.pakwheels.com/ad_pictures/1509/suzuki-alto-l-27-2015-150962749.jpg,Red,Islamabad,Imported,Hatchback,660.0,21.0,Hatchback,660cc kei,2026-09-08,suzuki alto|2015|27.5|115000,False,2026-09-08T13:29,False,27.5,,,2750000.0
11970815,PakWheels,Suzuki Alto,VXL,2022,27.99,57999.0,Automatic,Islamabad,Islamabad,,,4.0,21d,core,https://www.pakwheels.com/used-cars/suzuki-alto-2022-for-sale-in-islamabad-11970815,https://cache2.pakwheels.com/ad_pictures/1510/suzuki-alto-vxl-2-2022-151007771.jpg,White,Islamabad,Local,Hatchback,660.0,21.0,Hatchback,660cc kei,2026-09-08,suzuki alto|2022|27.99|57999,False,2026-09-08T18:29,False,27.99,,,2799000.0
11969653,PakWheels,Suzuki Swift,DLX Automatic 1 3 Navigation,2020,29.15,68000.0,Automatic,Rawalpindi,Rawalpindi,,,10.0,21d,core,https://www.pakwheels.com/used-cars/suzuki-swift-2020-for-sale-in-rawalpindi-11969653,https://cache2.pakwheels.com/ad_pictures/1509/suzuki-swift-dlx-automatic-1-3-navigation-2020-150988743.jpg,Maroon,Punjab,Local,Hatchback,1300.0,21.0,Hatchback,1000-1300cc,2026-09-08,suzuki swift|2020|29.15|68000,False,2026-09-08T18:29,False,29.5,0.35,,2915000.0
1112718987,OLX,Daihatsu Boon,Available for slae,2014,30.0,140.0,,Islamabad,"Rawal Town, Islamabad",,,,3w,core,https://www.olx.com.pk/item/-iid-1112718987,https://images.olx.com.pk/thumbnails/645551914-600x450.jpeg,,,,,,21.0,Hatchback,1000-1300cc,2026-09-08,daihatsu boon|2014|30.0|140,False,2026-09-07T13:10,False,30.0,,mileage implausibly low,3000000.0
11965257,PakWheels,Daihatsu Mira,X,2006,16.3,148000.0,Automatic,Islamabad,Islamabad,,,15.0,22d,core,https://www.pakwheels.com/used-cars/daihatsu-mira-2006-for-sale-in-islamabad-11965257,https://cache1.pakwheels.com/ad_pictures/1509/daihatsu-mira-x-8-2006-150920277.jpg,Silver,Islamabad,Imported,Hatchback,660.0,22.0,Hatchback,660cc kei,2026-09-07,daihatsu mira|2006|16.3|148000,False,2026-09-07T20:00,False,16.3,,,1630000.0
11966814,PakWheels,Suzuki Alto,,2007,17.5,232500.0,Manual,Islamabad,Islamabad,,,8.0,22d,core,https://www.pakwheels.com/used-cars/suzuki-alto-2007-for-sale-in-islamabad-11966814,https://cache3.pakwheels.com/ad_pictures/1509/suzuki-alto-2007-150945992.jpg,White,Punjab,Imported,,660.0,22.0,Hatchback,660cc kei,2026-09-07,suzuki alto|2007|17.5|232500,False,2026-09-08T00:08,False,17.8,0.3,,1750000.0
11966348,PakWheels,Mitsubishi EK Wagon,G,2006,18.2,89000.0,Automatic,Rawalpindi,Rawalpindi,,,7.0,22d,core,https://www.pakwheels.com/used-cars/mitsubishi-ek-wagon-2006-for-sale-in-rawalpindi-11966348,https://cache3.pakwheels.com/ad_pictures/1509/mitsubishi-ek-wagon-g-3-2006-150939191.jpg,Grey,Islamabad,Imported,Hatchback,660.0,22.0,Hatchback,660cc kei,2026-09-07,mitsubishi ek wagon|2006|18.2|89000,False,2026-09-07T20:00,False,18.2,,,1820000.0
11965029,PakWheels,Suzuki Alto,X,2009,18.5,195677.0,Automatic,Rawalpindi,Rawalpindi,,,10.0,22d,core,https://www.pakwheels.com/used-cars/suzuki-alto-2009-for-sale-in-rawalpindi-11965029,https://cache2.pakwheels.com/ad_pictures/1509/suzuki-alto-x-9-2009-150915652.jpg,Beige,Un-Registered,Local,Hatchback,660.0,22.0,Hatchback,660cc kei,2026-09-07,suzuki alto|2009|18.5|195677,False,2026-09-07T20:00,False,18.5,,,1850000.0
11967417,PakWheels,Daihatsu Esse,X Special,2010,18.9,450545.0,Automatic,Islamabad,Islamabad,,,10.0,22d,core,https://www.pakwheels.com/used-cars/daihatsu-esse-2010-for-sale-in-islamabad-11967417,https://cache3.pakwheels.com/ad_pictures/1509/daihatsu-esse-x-special-5-2010-150954653.jpg,White,Islamabad,Imported,Hatchback,660.0,22.0,Hatchback,660cc kei,2026-09-07,daihatsu esse|2010|18.9|450545,False,2026-09-08T00:08,False,18.9,,very high mileage,1890000.0
11967237,PakWheels,Nissan Roox,,2012,18.9,125500.0,Automatic,Rawalpindi,Rawalpindi,,,11.0,22d,core,https://www.pakwheels.com/used-cars/nissan-roox-2012-for-sale-in-rawalpindi-11967237,https://cache4.pakwheels.com/ad_pictures/1509/nissan-roox-2012-150951928.jpg,Black,Punjab,Imported,,660.0,22.0,Tall-boy,660cc kei,2026-09-07,nissan roox|2012|18.9|125500,False,2026-09-08T00:08,False,18.9,,,1890000.0
11626392,PakWheels,Mitsubishi EK Wagon,G,2009,20.5,150000.0,Automatic,Rawalpindi,Rawalpindi,,,20.0,22d,core,https://www.pakwheels.com/used-cars/mitsubishi-ek-wagon-2009-for-sale-in-rawalpindi-11626392,https://cache2.pakwheels.com/ad_pictures/1457/mitsubishi-ek-wagon-g-3-2009-145750067.jpg,Beige,Lahore,Imported,Hatchback,660.0,22.0,Hatchback,660cc kei,2026-09-07,mitsubishi ek wagon|2009|20.5|150000,False,2026-09-07T20:00,False,21.5,1.0,,2050000.0
11867659,PakWheels,Suzuki Wagon R,,2007,20.5,225000.0,Automatic,Islamabad,Islamabad,,,8.0,22d,core,https://www.pakwheels.com/used-cars/suzuki-wagon-r-2007-for-sale-in-islamabad-11867659,https://cache4.pakwheels.com/ad_pictures/1494/suzuki-wagon-r-2007-149429507.jpg,Silver,Islamabad,Imported,Hatchback,660.0,22.0,Tall-boy,660cc kei,2026-09-07,suzuki wagon r|2007|20.5|225000,False,2026-09-07T20:00,False,20.5,,,2050000.0
11964295,PakWheels,Suzuki Wagon R,X,2012,21.3,266000.0,Automatic,Islamabad,Islamabad,,,15.0,22d,core,https://www.pakwheels.com/used-cars/suzuki-wagon-r-2012-for-sale-in-islamabad-11964295,https://cache3.pakwheels.com/ad_pictures/1509/suzuki-wagon-r-x-14-2012-150903690.jpg,Black,Islamabad,Imported,Hatchback,660.0,22.0,Tall-boy,660cc kei,2026-09-07,suzuki wagon r|2012|21.3|266000,False,2026-09-07T13:10,False,21.3,,,2130000.0
11964577,PakWheels,Suzuki Alto,,2008,21.5,107107.0,Automatic,Rawalpindi,Rawalpindi,,,17.0,22d,core,https://www.pakwheels.com/used-cars/suzuki-alto-2008-for-sale-in-rawalpindi-11964577,https://cache2.pakwheels.com/ad_pictures/1509/suzuki-alto-2008-150907607.jpg,White,Islamabad,Imported,,660.0,22.0,Hatchback,660cc kei,2026-09-07,suzuki alto|2008|21.5|107107,False,2026-09-07T20:00,False,21.5,,,2150000.0
11965011,PakWheels,Nissan Dayz,,2017,25.5,105000.0,Automatic,Islamabad,Islamabad,,,9.0,22d,core,https://www.pakwheels.com/used-cars/nissan-dayz-2017-for-sale-in-islamabad-11965011,https://cache3.pakwheels.com/ad_pictures/1509/nissan-dayz-2017-150915737.jpg,Black,Punjab,Imported,,660.0,22.0,Hatchback,660cc kei,2026-09-07,nissan dayz|2017|25.5|105000,False,2026-09-07T20:00,False,25.5,,,2550000.0
11963927,PakWheels,Suzuki Alto,ECO S,2014,26.0,150000.0,Automatic,Islamabad,Islamabad,,,12.0,22d,core,https://www.pakwheels.com/used-cars/suzuki-alto-2014-for-sale-in-islamabad-11963927,https://cache3.pakwheels.com/ad_pictures/1508/suzuki-alto-eco-s-2014-150896006.jpg,White,Islamabad,Local,Hatchback,660.0,22.0,Hatchback,660cc kei,2026-09-07,suzuki alto|2014|26.0|150000,False,2026-09-07T13:10,False,26.0,,,2600000.0
11965209,PakWheels,Suzuki Alto,Works Edition,2018,26.5,150000.0,Automatic,Rawalpindi,Rawalpindi,,,7.0,22d,core,https://www.pakwheels.com/used-cars/suzuki-alto-2018-for-sale-in-rawalpindi-11965209,https://cache2.pakwheels.com/ad_pictures/1509/suzuki-alto-works-edition-2018-150919334.jpg,White,Islamabad,Imported,Hatchback,658.0,22.0,Hatchback,660cc kei,2026-09-07,suzuki alto|2018|26.5|150000,False,2026-09-07T20:00,False,26.5,,,2650000.0
11967652,PakWheels,Suzuki Wagon R,FX,2017,27.8,107000.0,Automatic,Rawalpindi,Rawalpindi,,,10.0,22d,core,https://www.pakwheels.com/used-cars/suzuki-wagon-r-2017-for-sale-in-rawalpindi-11967652,https://cache3.pakwheels.com/ad_pictures/1509/suzuki-wagon-r-fx-2-2017-150958155.jpg,Silver,Islamabad,Imported,Hatchback,660.0,22.0,Tall-boy,660cc kei,2026-09-07,suzuki wagon r|2017|27.8|107000,False,2026-09-08T13:29,False,27.8,,,2780000.0
11964854,PakWheels,Suzuki Alto,VXR,2024,28.5,12500.0,Manual,Islamabad,Islamabad,,,5.0,22d,core,https://www.pakwheels.com/used-cars/suzuki-alto-2024-for-sale-in-islamabad-11964854,https://cache2.pakwheels.com/ad_pictures/1509/suzuki-alto-vxr-2-2024-150912622.jpg,White,Islamabad,Local,Hatchback,660.0,22.0,Hatchback,660cc kei,2026-09-07,suzuki alto|2024|28.5|12500,False,2026-09-07T20:00,False,28.5,,,2850000.0
11966997,PakWheels,Suzuki Alto,VXR,2024,29.5,8000.0,Manual,Islamabad,Islamabad,,,5.0,22d,core,https://www.pakwheels.com/used-cars/suzuki-alto-2024-for-sale-in-islamabad-11966997,https://cache4.pakwheels.com/ad_pictures/1509/suzuki-alto-vxr-2-2024-150949021.jpg,White,Karachi,Local,Hatchback,660.0,22.0,Hatchback,660cc kei,2026-09-07,suzuki alto|2024|29.5|8000,False,2026-09-08T00:08,False,29.5,,,2950000.0
11958838,PakWheels,Suzuki Alto,,2004,11.0,80000.0,Automatic,Rawalpindi,Rawalpindi,,,12.0,23d,core,https://www.pakwheels.com/used-cars/suzuki-alto-2004-for-sale-in-rawalpindi-11958838,https://cache1.pakwheels.com/ad_pictures/1508/suzuki-alto-2004-150819918.jpg,Blue,Islamabad,Local,,660.0,23.0,Hatchback,660cc kei,2026-09-06,suzuki alto|2004|11.0|80000,False,2026-09-06T13:18,False,12.5,1.5,,1100000.0
11959901,PakWheels,Suzuki Alto,VP,2004,11.35,11223.0,Automatic,Islamabad,Islamabad,,,3.0,23d,core,https://www.pakwheels.com/used-cars/suzuki-alto-2004-for-sale-in-islamabad-11959901,https://cache1.pakwheels.com/ad_pictures/1508/suzuki-alto-vp-2004-150836674.jpg,Silver,Lahore,Imported,Hatchback,660.0,23.0,Hatchback,660cc kei,2026-09-06,suzuki alto|2004|11.35|11223,False,2026-09-06T17:49,False,11.35,,,1135000.0
11959272,PakWheels,Daihatsu Esse,,2007,16.7,171000.0,Automatic,Rawalpindi,Rawalpindi,,,8.0,23d,core,https://www.pakwheels.com/used-cars/daihatsu-esse-2007-for-sale-in-rawalpindi-11959272,https://cache4.pakwheels.com/ad_pictures/1508/daihatsu-esse-2007-150826827.jpg,CREAM,Punjab,Imported,,660.0,23.0,Hatchback,660cc kei,2026-09-06,daihatsu esse|2007|16.7|171000,False,2026-09-06T13:18,False,16.7,,,1670000.0
11962301,PakWheels,Daihatsu Esse,X Special,2009,16.9,150000.0,Automatic,Islamabad,Islamabad,,,8.0,23d,core,https://www.pakwheels.com/used-cars/daihatsu-esse-2009-for-sale-in-islamabad-11962301,https://cache4.pakwheels.com/ad_pictures/1508/daihatsu-esse-x-special-5-2009-150873908.jpg,Green,Lahore,Imported,Hatchback,660.0,23.0,Hatchback,660cc kei,2026-09-06,daihatsu esse|2009|16.9|150000,False,2026-09-06T22:36,False,16.9,,,1690000.0
11961697,PakWheels,Mitsubishi EK Wagon,G,2006,17.5,180000.0,Automatic,Islamabad,Islamabad,,,12.0,23d,core,https://www.pakwheels.com/used-cars/mitsubishi-ek-wagon-2006-for-sale-in-islamabad-11961697,https://cache2.pakwheels.com/ad_pictures/1508/mitsubishi-ek-wagon-g-3-2006-150864250.jpg,Black,Islamabad,Imported,Hatchback,660.0,23.0,Hatchback,660cc kei,2026-09-06,mitsubishi ek wagon|2006|17.5|180000,False,2026-09-06T22:36,False,17.5,,,1750000.0
11962431,PakWheels,Suzuki Alto,GII,2007,18.5,274000.0,Automatic,Rawalpindi,Rawalpindi,,,8.0,23d,core,https://www.pakwheels.com/used-cars/suzuki-alto-2007-for-sale-in-rawalpindi-11962431,https://cache2.pakwheels.com/ad_pictures/1508/suzuki-alto-gii-2007-150875772.jpg,White,Islamabad,Imported,Hatchback,660.0,23.0,Hatchback,660cc kei,2026-09-06,suzuki alto|2007|18.5|274000,False,2026-09-06T22:36,False,18.5,,,1850000.0
11963364,PakWheels,Suzuki Alto,GII,2009,21.3,180000.0,Automatic,Islamabad,Islamabad,,,6.0,23d,core,https://www.pakwheels.com/used-cars/suzuki-alto-2009-for-sale-in-islamabad-11963364,https://cache3.pakwheels.com/ad_pictures/1508/suzuki-alto-gii-2009-150888690.jpg,White,Islamabad,Imported,Hatchback,660.0,23.0,Hatchback,660cc kei,2026-09-06,suzuki alto|2009|21.3|180000,False,2026-09-07T01:17,False,21.3,,,2130000.0
11960019,PakWheels,Suzuki Alto,E Manual,2014,23.5,186000.0,Manual,Rawalpindi,Rawalpindi,,,18.0,23d,core,https://www.pakwheels.com/used-cars/suzuki-alto-2014-for-sale-in-rawalpindi-11960019,https://cache3.pakwheels.com/ad_pictures/1508/suzuki-alto-e-manual-2014-150839090.jpg,White,Islamabad,Local,Hatchback,660.0,23.0,Hatchback,660cc kei,2026-09-06,suzuki alto|2014|23.5|186000,False,2026-09-06T17:49,False,23.5,,,2350000.0
11958185,PakWheels,Mitsubishi EK Wagon,G,2016,25.5,141071.0,Automatic,Rawalpindi,Rawalpindi,,,9.0,23d,core,https://www.pakwheels.com/used-cars/mitsubishi-ek-wagon-2016-for-sale-in-rawalpindi-11958185,https://cache2.pakwheels.com/ad_pictures/1508/mitsubishi-ek-wagon-g-3-2016-150810328.jpg,Silver,Islamabad,Imported,Hatchback,660.0,23.0,Hatchback,660cc kei,2026-09-06,mitsubishi ek wagon|2016|25.5|141071,False,2026-09-06T17:49,False,25.5,,,2550000.0
11956950,PakWheels,Daihatsu Mira ES,,2016,26.5,175000.0,Automatic,Rawalpindi,Rawalpindi,,,17.0,23d,core,https://www.pakwheels.com/used-cars/daihatsu-mira-2016-for-sale-in-rawalpindi-11956950,https://cache4.pakwheels.com/ad_pictures/1507/daihatsu-mira-es-2016-150790445.jpg,Pink,Islamabad,Imported,Hatchback,660.0,23.0,Hatchback,660cc kei,2026-09-06,daihatsu mira es|2016|26.5|175000,False,2026-09-06T13:18,False,26.5,,,2650000.0
11962944,PakWheels,Daihatsu Tanto,L,2015,27.3,125000.0,Automatic,Islamabad,Islamabad,,,20.0,23d,core,https://www.pakwheels.com/used-cars/daihatsu-tanto-2015-for-sale-in-islamabad-11962944,https://cache4.pakwheels.com/ad_pictures/1508/daihatsu-tanto-l-24-2015-150882615.jpg,Maroon,Punjab,Imported,Hatchback,660.0,23.0,Tall-boy,660cc kei,2026-09-06,daihatsu tanto|2015|27.3|125000,True,2026-09-06T22:36,False,27.3,,duplicate listing,2730000.0
11963376,PakWheels,Suzuki Alto,VXR,2022,27.49,39500.0,Manual,Rawalpindi,Rawalpindi,,,2.0,23d,core,https://www.pakwheels.com/used-cars/suzuki-alto-2022-for-sale-in-rawalpindi-11963376,https://cache3.pakwheels.com/ad_pictures/1508/suzuki-alto-vxr-2-2022-150888916.jpg,White,Islamabad,Local,Hatchback,660.0,23.0,Hatchback,660cc kei,2026-09-06,suzuki alto|2022|27.49|39500,False,2026-09-07T01:17,False,27.74,0.25,,2749000.0
11962087,PakWheels,Suzuki Alto,VX,2024,27.95,30000.0,Manual,Islamabad,Islamabad,,,2.0,23d,core,https://www.pakwheels.com/used-cars/suzuki-alto-2024-for-sale-in-islamabad-11962087,https://cache1.pakwheels.com/ad_pictures/1508/suzuki-alto-vx-14-2024-150870395.jpg,White,Punjab,Local,Hatchback,660.0,23.0,Hatchback,660cc kei,2026-09-06,suzuki alto|2024|27.95|30000,False,2026-09-06T22:36,False,27.95,,,2795000.0
11959963,PakWheels,Suzuki Alto,VXR,2024,28.75,55000.0,Manual,Islamabad,Islamabad,,,7.0,23d,core,https://www.pakwheels.com/used-cars/suzuki-alto-2024-for-sale-in-islamabad-11959963,https://cache4.pakwheels.com/ad_pictures/1508/suzuki-alto-vxr-2-2024-150838050.jpg,White,Lahore,Local,Hatchback,660.0,23.0,Hatchback,660cc kei,2026-09-06,suzuki alto|2024|28.75|55000,False,2026-09-06T17:49,False,28.75,,,2875000.0
11653580,PakWheels,Mitsubishi Pajero Mini,Limited,1995,11.99,100000.0,Automatic,Islamabad,Islamabad,,,12.0,24d,core,https://www.pakwheels.com/used-cars/mitsubishi-pajero-mini-1995-for-sale-in-islamabad-11653580,https://cache2.pakwheels.com/ad_pictures/1461/mitsubishi-pajero-mini-limited-1995-146151586.jpg,bottle green,Sindh,Imported,SUV,660.0,24.0,Tall-boy,660cc kei,2026-09-05,mitsubishi pajero mini|1995|11.99|100000,False,2026-09-05T17:33,False,11.99,,,1199000.0
11470563,PakWheels,Mitsubishi Pajero Mini,,2003,14.5,122308.0,Manual,Islamabad,Islamabad,,,9.0,24d,core,https://www.pakwheels.com/used-cars/mitsubishi-pajero-mini-2003-for-sale-in-islamabad-11470563,https://cache4.pakwheels.com/ad_pictures/1433/mitsubishi-pajero-mini-2003-143379766.jpg,Gold,Sindh,Imported,,660.0,24.0,Tall-boy,660cc kei,2026-09-05,mitsubishi pajero mini|2003|14.5|122308,False,2026-09-06T01:12,False,14.5,,,1450000.0
11957062,PakWheels,Daihatsu Mira,,2007,15.4,160000.0,Automatic,Islamabad,Islamabad,,,6.0,24d,core,https://www.pakwheels.com/used-cars/daihatsu-mira-2007-for-sale-in-islamabad-11957062,https://cache2.pakwheels.com/ad_pictures/1507/daihatsu-mira-2007-150793849.jpg,White,Islamabad,Imported,,660.0,24.0,Hatchback,660cc kei,2026-09-05,daihatsu mira|2007|15.4|160000,False,2026-09-05T22:16,False,15.4,,,1540000.0
11958381,PakWheels,Mitsubishi EK Wagon,G,2007,15.5,171100.0,Automatic,Rawalpindi,Rawalpindi,,,8.0,24d,core,https://www.pakwheels.com/used-cars/mitsubishi-ek-wagon-2007-for-sale-in-rawalpindi-11958381,https://cache1.pakwheels.com/ad_pictures/1508/mitsubishi-ek-wagon-g-3-2007-150813371.jpg,Blue,Sindh,Imported,Hatchback,660.0,24.0,Hatchback,660cc kei,2026-09-05,mitsubishi ek wagon|2007|15.5|171100,False,2026-09-06T01:12,False,16.0,0.5,,1550000.0
11957587,PakWheels,Daihatsu Mira,L,2007,15.5,160000.0,Automatic,Rawalpindi,Rawalpindi,,,11.0,24d,core,https://www.pakwheels.com/used-cars/daihatsu-mira-2007-for-sale-in-rawalpindi-11957587,https://cache2.pakwheels.com/ad_pictures/1508/daihatsu-mira-l-10-2007-150802010.jpg,White,Punjab,Imported,Hatchback,660.0,24.0,Hatchback,660cc kei,2026-09-05,daihatsu mira|2007|15.5|160000,False,2026-09-05T22:16,False,15.5,,,1550000.0
11955004,PakWheels,Daihatsu Esse,X Special,2007,16.8,120000.0,Automatic,Rawalpindi,Rawalpindi,,,18.0,24d,core,https://www.pakwheels.com/used-cars/daihatsu-esse-2007-for-sale-in-rawalpindi-11955004,https://cache1.pakwheels.com/ad_pictures/1507/daihatsu-esse-x-special-5-2007-150759894.jpg,White,Lahore,Imported,Hatchback,660.0,24.0,Hatchback,660cc kei,2026-09-05,daihatsu esse|2007|16.8|120000,False,2026-09-05T13:05,False,16.8,,,1680000.0
11591193,PakWheels,Mazda Carol,G,2007,16.8,327000.0,Automatic,Islamabad,Islamabad,,,12.0,24d,core,https://www.pakwheels.com/used-cars/mazda-carol-2007-for-sale-in-islamabad-11591193,https://cache3.pakwheels.com/ad_pictures/1452/mazda-carol-g-46-2007-145215619.jpg,Cats Eye Blue Metallic,Lahore,Imported,Hatchback,660.0,24.0,Hatchback,660cc kei,2026-09-05,mazda carol|2007|16.8|327000,False,2026-08-27T13:18,False,16.8,,,1680000.0
11957454,PakWheels,Mitsubishi EK Wagon,,2008,17.95,125125.0,Automatic,Islamabad,Islamabad,,,11.0,24d,core,https://www.pakwheels.com/used-cars/mitsubishi-ek-wagon-2008-for-sale-in-islamabad-11957454,https://cache4.pakwheels.com/ad_pictures/1507/mitsubishi-ek-wagon-2008-150799870.jpg,White,Islamabad,Imported,Hatchback,660.0,24.0,Hatchback,660cc kei,2026-09-05,mitsubishi ek wagon|2008|17.95|125125,False,2026-09-05T22:16,False,17.95,,,1795000.0
11954973,PakWheels,Suzuki Alto,GII,2008,18.2,160800.0,Automatic,Rawalpindi,Rawalpindi,,,6.0,24d,core,https://www.pakwheels.com/used-cars/suzuki-alto-2008-for-sale-in-rawalpindi-11954973,https://cache1.pakwheels.com/ad_pictures/1507/suzuki-alto-gii-2008-150760636.jpg,White,Lahore,Imported,Hatchback,660.0,24.0,Hatchback,660cc kei,2026-09-05,suzuki alto|2008|18.2|160800,False,2026-09-05T13:05,False,18.2,,,1820000.0
11830162,PakWheels,Daihatsu Esse,L,2007,18.5,220000.0,Automatic,Rawalpindi,Rawalpindi,,,9.0,24d,core,https://www.pakwheels.com/used-cars/daihatsu-esse-2007-for-sale-in-rawalpindi-11830162,https://cache4.pakwheels.com/ad_pictures/1488/daihatsu-esse-l-28-2007-148856568.jpg,Yellow,Islamabad,Imported,Hatchback,660.0,24.0,Hatchback,660cc kei,2026-09-05,daihatsu esse|2007|18.5|220000,False,2026-09-05T17:33,False,18.5,,,1850000.0
11954723,PakWheels,Suzuki Alto,G,2007,20.0,100000.0,Automatic,Islamabad,Islamabad,,,10.0,24d,core,https://www.pakwheels.com/used-cars/suzuki-alto-2007-for-sale-in-islamabad-11954723,https://cache1.pakwheels.com/ad_pictures/1507/suzuki-alto-g-4-2007-150756238.jpg,White,Islamabad,Imported,Hatchback,660.0,24.0,Hatchback,660cc kei,2026-09-05,suzuki alto|2007|20.0|100000,False,2026-09-05T13:05,False,20.0,,,2000000.0
11832882,PakWheels,Daihatsu Move,X,2009,20.6,105000.0,Automatic,Islamabad,Islamabad,,,14.0,24d,core,https://www.pakwheels.com/used-cars/daihatsu-move-2009-for-sale-in-islamabad-11832882,https://cache2.pakwheels.com/ad_pictures/1489/daihatsu-move-x-5-2009-148901481.jpg,Bright Silver,Islamabad,Imported,Hatchback,660.0,24.0,Tall-boy,660cc kei,2026-09-05,daihatsu move|2009|20.6|105000,False,2026-08-27T13:18,False,22.5,1.9,,2060000.0
11955151,PakWheels,Suzuki Alto,G,2013,21.5,624000.0,Automatic,Islamabad,Islamabad,,,5.0,24d,core,https://www.pakwheels.com/used-cars/suzuki-alto-2013-for-sale-in-islamabad-11955151,https://cache1.pakwheels.com/ad_pictures/1507/suzuki-alto-g-4-2013-150763239.jpg,Bronze,Rawalpindi,Local,Hatchback,660.0,24.0,Hatchback,660cc kei,2026-09-05,suzuki alto|2013|21.5|624000,False,2026-09-05T17:33,False,21.5,,very high mileage,2150000.0
11955045,PakWheels,Mazda Carol,GS,2012,23.0,13000.0,Automatic,Rawalpindi,Rawalpindi,,,5.0,24d,core,https://www.pakwheels.com/used-cars/mazda-carol-2012-for-sale-in-rawalpindi-11955045,https://cache3.pakwheels.com/ad_pictures/1507/mazda-carol-gs-3-2012-150761803.jpg,Beige,Punjab,Local,Hatchback,660.0,24.0,Hatchback,660cc kei,2026-09-05,mazda carol|2012|23.0|13000,False,2026-09-05T13:05,False,23.0,,,2300000.0
11954612,PakWheels,Suzuki Jimny,,1997,23.0,120000.0,Manual,Islamabad,Islamabad,,,1.0,24d,core,https://www.pakwheels.com/used-cars/suzuki-jimny-1997-for-sale-in-islamabad-11954612,https://cache3.pakwheels.com/ad_pictures/1507/suzuki-jimny-1997-150754414.jpg,White,Islamabad,Local,,660.0,24.0,Hatchback,660cc kei,2026-09-05,suzuki jimny|1997|23.0|120000,False,2026-09-05T13:05,False,23.0,,,2300000.0
11957470,PakWheels,Suzuki Hustler,,2015,24.0,125000.0,Automatic,Islamabad,Islamabad,,,18.0,24d,core,https://www.pakwheels.com/used-cars/suzuki-hustler-2015-for-sale-in-islamabad-11957470,https://cache1.pakwheels.com/ad_pictures/1507/suzuki-hustler-2015-150792569.jpg,Black,Sindh,Imported,,660.0,24.0,Tall-boy,660cc kei,2026-09-05,suzuki hustler|2015|24.0|125000,False,2026-09-05T22:16,False,24.0,,,2400000.0
11955883,PakWheels,Suzuki Alto,VXR,2024,25.0,120000.0,Manual,Islamabad,Islamabad,,,4.0,24d,core,https://www.pakwheels.com/used-cars/suzuki-alto-2024-for-sale-in-islamabad-11955883,https://cache3.pakwheels.com/ad_pictures/1507/suzuki-alto-vxr-2-2024-150775148.jpg,White,Islamabad,Local,Hatchback,660.0,24.0,Hatchback,660cc kei,2026-09-05,suzuki alto|2024|25.0|120000,False,2026-09-05T17:33,False,25.0,,,2500000.0
11832065,PakWheels,Suzuki Wagon R,FX Limited,2014,25.5,73400.0,Automatic,Islamabad,Islamabad,,,7.0,24d,core,https://www.pakwheels.com/used-cars/suzuki-wagon-r-2014-for-sale-in-islamabad-11832065,https://cache1.pakwheels.com/ad_pictures/1488/suzuki-wagon-r-fx-limited-2014-148887890.jpg,Black,Islamabad,Imported,Hatchback,660.0,24.0,Tall-boy,660cc kei,2026-09-05,suzuki wagon r|2014|25.5|73400,False,2026-08-09T13:20,False,25.5,,,2550000.0
11956223,PakWheels,Toyota Pixis,X,2012,25.6,205000.0,Automatic,Islamabad,Islamabad,,,13.0,24d,core,https://www.pakwheels.com/used-cars/toyota-pixis-epoch-2012-for-sale-in-islamabad-11956223,https://cache2.pakwheels.com/ad_pictures/1507/toyota-pixis-x-38-2012-150780315.jpg,Blue,Islamabad,Imported,Hatchback,660.0,24.0,Hatchback,660cc kei,2026-09-05,toyota pixis|2012|25.6|205000,False,2026-09-05T17:33,False,25.6,,,2560000.0
11955590,PakWheels,Toyota Pixis,X,2012,25.6,200000.0,Automatic,Islamabad,Islamabad,,,11.0,24d,core,https://www.pakwheels.com/used-cars/toyota-pixis-epoch-2012-for-sale-in-islamabad-11955590,https://cache3.pakwheels.com/ad_pictures/1507/toyota-pixis-x-38-2012-150770263.jpg,Navy,Islamabad,Imported,Hatchback,660.0,24.0,Hatchback,660cc kei,2026-09-05,toyota pixis|2012|25.6|200000,False,2026-09-05T17:33,False,25.6,,,2560000.0
11951943,PakWheels,Nissan Dayz,Bolero X,2017,26.5,114000.0,Automatic,Islamabad,Islamabad,,,5.0,24d,core,https://www.pakwheels.com/used-cars/nissan-dayz-2017-for-sale-in-islamabad-11951943,https://cache3.pakwheels.com/ad_pictures/1507/nissan-dayz-bolero-x-2-2017-150715475.jpg,Black,Islamabad,Imported,Hatchback,660.0,24.0,Hatchback,660cc kei,2026-09-05,nissan dayz|2017|26.5|114000,False,2026-09-05T13:05,False,26.5,,,2650000.0
11954666,PakWheels,Suzuki Alto,VXR,2022,27.0,1.0,Manual,Rawalpindi,Rawalpindi,,,4.0,24d,core,https://www.pakwheels.com/used-cars/suzuki-alto-2022-for-sale-in-rawalpindi-11954666,https://cache4.pakwheels.com/ad_pictures/1507/suzuki-alto-vxr-2-2022-150755469.jpg,White,Islamabad,Local,Hatchback,660.0,24.0,Hatchback,660cc kei,2026-09-05,suzuki alto|2022|27.0|1,False,2026-09-05T13:05,False,27.0,,mileage implausibly low,2700000.0
11954346,PakWheels,Suzuki Wagon R,T,2017,27.0,85000.0,Automatic,Islamabad,Islamabad,,,11.0,24d,core,https://www.pakwheels.com/used-cars/suzuki-wagon-r-2017-for-sale-in-islamabad-11954346,https://cache3.pakwheels.com/ad_pictures/1507/suzuki-wagon-r-t-4-2017-150750607.jpg,Navy,Punjab,Imported,Hatchback,660.0,24.0,Tall-boy,660cc kei,2026-09-05,suzuki wagon r|2017|27.0|85000,False,2026-09-05T13:05,False,27.0,,,2700000.0
11832670,PakWheels,Suzuki Alto,VXL,2022,28.2828,40400.0,Automatic,Islamabad,Islamabad,,,11.0,24d,core,https://www.pakwheels.com/used-cars/suzuki-alto-2022-for-sale-in-islamabad-11832670,https://cache2.pakwheels.com/ad_pictures/1488/suzuki-alto-vxl-2-2022-148898049.jpg,Red,Islamabad,Local,Hatchback,660.0,24.0,Hatchback,660cc kei,2026-09-05,suzuki alto|2022|28.28|40400,False,2026-09-19T18:02,False,28.5,0.22,,2828280.0
11955258,PakWheels,Suzuki Spacia Gear,Hybrid XZ,2018,30.0,57000.0,Automatic,Rawalpindi,Rawalpindi,,,5.0,24d,core,https://www.pakwheels.com/used-cars/suzuki-spacia-2018-for-sale-in-rawalpindi-11955258,https://cache1.pakwheels.com/ad_pictures/1507/suzuki-spacia-gear-hybrid-xz-2018-150764982.jpg,White,Islamabad,Imported,Hatchback,660.0,24.0,Tall-boy,660cc kei,2026-09-05,suzuki spacia gear|2018|30.0|57000,False,2026-09-05T17:33,False,30.0,,,3000000.0
11951982,PakWheels,Daihatsu Mira,L,2006,18.3,165000.0,Automatic,Islamabad,Islamabad,,,10.0,25d,core,https://www.pakwheels.com/used-cars/daihatsu-mira-2006-for-sale-in-islamabad-11951982,https://cache1.pakwheels.com/ad_pictures/1507/daihatsu-mira-l-10-2006-150716325.jpg,Golden,Islamabad,Imported,Hatchback,660.0,25.0,Hatchback,660cc kei,2026-09-04,daihatsu mira|2006|18.3|165000,False,2026-09-04T17:25,False,18.3,,,1830000.0
11953017,PakWheels,Mitsubishi Pajero Mini,XR,2012,20.0,10000.0,Automatic,Rawalpindi,Rawalpindi,,,9.0,25d,core,https://www.pakwheels.com/used-cars/mitsubishi-pajero-mini-2012-for-sale-in-rawalpindi-11953017,https://cache1.pakwheels.com/ad_pictures/1507/mitsubishi-pajero-mini-xr-2012-150732445.jpg,White,Punjab,Imported,SUV,660.0,25.0,Tall-boy,660cc kei,2026-09-04,mitsubishi pajero mini|2012|20.0|10000,False,2026-09-04T20:55,False,20.0,,,2000000.0
11950112,PakWheels,Suzuki Wagon R,X,2007,21.5,206000.0,Automatic,Rawalpindi,Rawalpindi,,,6.0,25d,core,https://www.pakwheels.com/used-cars/suzuki-wagon-r-2007-for-sale-in-rawalpindi-11950112,https://cache4.pakwheels.com/ad_pictures/1506/suzuki-wagon-r-x-14-2007-150686356.jpg,White,Islamabad,Imported,Hatchback,660.0,25.0,Tall-boy,660cc kei,2026-09-04,suzuki wagon r|2007|21.5|206000,False,2026-09-04T13:22,False,21.5,,,2150000.0
11951534,PakWheels,Daihatsu Mira,G Smart Drive Package,2016,22.35,113000.0,Automatic,Rawalpindi,Rawalpindi,,,8.0,25d,core,https://www.pakwheels.com/used-cars/daihatsu-mira-2016-for-sale-in-rawalpindi-11951534,https://cache3.pakwheels.com/ad_pictures/1507/daihatsu-mira-g-smart-drive-package-2016-150706900.jpg,Yellow,Sindh,Imported,Hatchback,660.0,25.0,Hatchback,660cc kei,2026-09-04,daihatsu mira|2016|22.35|113000,False,2026-09-04T17:25,False,22.35,,,2235000.0
11950469,PakWheels,Mazda Flair,Crossover,2014,23.9,200000.0,Automatic,Islamabad,Islamabad,,,6.0,25d,core,https://www.pakwheels.com/used-cars/mazda-flair-crossover-2014-for-sale-in-islamabad-11950469,https://cache2.pakwheels.com/ad_pictures/1506/mazda-flair-crossover-2014-150691222.jpg,Green,Punjab,Imported,,660.0,25.0,Tall-boy,660cc kei,2026-09-04,mazda flair|2014|23.9|200000,False,2026-09-04T13:22,False,23.9,,,2390000.0
11951479,PakWheels,Suzuki Wagon R,,2013,25.4,300000.0,Automatic,Rawalpindi,Rawalpindi,,,5.0,25d,core,https://www.pakwheels.com/used-cars/suzuki-wagon-r-2013-for-sale-in-rawalpindi-11951479,https://cache2.pakwheels.com/ad_pictures/1507/suzuki-wagon-r-2013-150706916.jpg,Pink,Punjab,Imported,,660.0,25.0,Tall-boy,660cc kei,2026-09-04,suzuki wagon r|2013|25.4|300000,False,2026-09-04T17:25,False,25.4,,,2540000.0
11953885,PakWheels,Suzuki Alto,ECO L,2014,26.5,150753.0,Automatic,Islamabad,Islamabad,,,13.0,25d,core,https://www.pakwheels.com/used-cars/suzuki-alto-2014-for-sale-in-islamabad-11953885,https://cache1.pakwheels.com/ad_pictures/1507/suzuki-alto-eco-l-2014-150744525.jpg,White,Islamabad,Local,Hatchback,660.0,25.0,Hatchback,660cc kei,2026-09-04,suzuki alto|2014|26.5|150753,False,2026-09-05T13:05,False,26.5,,,2650000.0
10740570,PakWheels,Mitsubishi EK Wagon,G Safety Plus Edition,2017,26.5,150000.0,Automatic,Rawalpindi,Rawalpindi,,,4.0,25d,core,https://www.pakwheels.com/used-cars/mitsubishi-ek-wagon-2017-for-sale-in-rawalpindi-10740570,https://cache2.pakwheels.com/ad_pictures/1317/mitsubishi-ek-wagon-g-safety-plus-edition-2017-131783304.jpg,Red,Islamabad,Imported,Hatchback,660.0,25.0,Hatchback,660cc kei,2026-09-04,mitsubishi ek wagon|2017|26.5|150000,False,2026-09-05T13:05,False,26.5,,,2650000.0
11952381,PakWheels,Suzuki Alto,VXL,2022,27.4,57000.0,Automatic,Islamabad,Islamabad,,,8.0,25d,core,https://www.pakwheels.com/used-cars/suzuki-alto-2022-for-sale-in-islamabad-11952381,https://cache3.pakwheels.com/ad_pictures/1507/suzuki-alto-vxl-2-2022-150722422.jpg,White,Islamabad,Local,Hatchback,660.0,25.0,Hatchback,660cc kei,2026-09-04,suzuki alto|2022|27.4|57000,False,2026-09-04T18:24,False,27.4,,,2740000.0
11948073,PakWheels,Suzuki Alto,,2002,9.0,170000.0,Automatic,Islamabad,Islamabad,,,10.0,26d,core,https://www.pakwheels.com/used-cars/suzuki-alto-2002-for-sale-in-islamabad-11948073,https://cache4.pakwheels.com/ad_pictures/1506/suzuki-alto-2002-150656301.jpg,Silver,Punjab,Local,,660.0,26.0,Hatchback,660cc kei,2026-09-03,suzuki alto|2002|9.0|170000,False,2026-09-03T18:29,False,9.0,,,900000.0
11948264,PakWheels,Suzuki Swift,,1996,12.0,69986.0,Automatic,Islamabad,Islamabad,,,,26d,core,https://www.pakwheels.com/used-cars/suzuki-swift-1996-for-sale-in-islamabad-11948264,,White,Sindh,Local,,660.0,26.0,Hatchback,1000-1300cc,2026-09-03,suzuki swift|1996|12.0|69986,False,2026-09-03T18:29,False,21.0,9.0,,1200000.0
10987325,PakWheels,Mitsubishi Pajero Mini,,1997,14.2,130656.0,Automatic,Islamabad,Islamabad,,,12.0,26d,core,https://www.pakwheels.com/used-cars/mitsubishi-pajero-mini-1997-for-sale-in-islamabad-10987325,https://cache2.pakwheels.com/ad_pictures/1356/mitsubishi-pajero-mini-1997-135695133.jpg,Green,Islamabad,Imported,,660.0,26.0,Tall-boy,660cc kei,2026-09-03,mitsubishi pajero mini|1997|14.2|130656,False,2026-09-03T23:03,False,14.2,,,1420000.0
11946996,PakWheels,Daihatsu Mira,X,2006,14.8,195000.0,Automatic,Islamabad,Islamabad,,,11.0,26d,core,https://www.pakwheels.com/used-cars/daihatsu-mira-2006-for-sale-in-islamabad-11946996,https://cache1.pakwheels.com/ad_pictures/1506/daihatsu-mira-x-8-2006-150638367.jpg,White,Punjab,Imported,Hatchback,660.0,26.0,Hatchback,660cc kei,2026-09-03,daihatsu mira|2006|14.8|195000,False,2026-09-03T16:47,False,15.4,0.6,,1480000.0
11947907,PakWheels,Daihatsu Terios Kid,Custom L,2007,16.5,121212.0,Manual,Islamabad,Islamabad,,,7.0,26d,core,https://www.pakwheels.com/used-cars/daihatsu-terios-kid-2007-for-sale-in-islamabad-11947907,https://cache2.pakwheels.com/ad_pictures/1506/daihatsu-terios-kid-custom-l-2007-150653938.jpg,Green,Islamabad,Imported,SUV,660.0,26.0,Tall-boy,660cc kei,2026-09-03,daihatsu terios kid|2007|16.5|121212,False,2026-09-03T16:47,False,16.5,,,1650000.0
11763205,PakWheels,Suzuki Alto,GII,2006,18.9,60000.0,Automatic,Rawalpindi,Rawalpindi,,,6.0,26d,core,https://www.pakwheels.com/used-cars/suzuki-alto-2006-for-sale-in-rawalpindi-11763205,https://cache3.pakwheels.com/ad_pictures/1478/suzuki-alto-gii-2006-147832509.jpg,Beige,Islamabad,Imported,Hatchback,660.0,26.0,Hatchback,660cc kei,2026-09-03,suzuki alto|2006|18.9|60000,False,2026-09-03T18:29,False,18.9,,,1890000.0
11946005,PakWheels,Suzuki Spacia,X,2014,20.0,165000.0,Automatic,Islamabad,Islamabad,,,13.0,26d,core,https://www.pakwheels.com/used-cars/suzuki-spacia-2014-for-sale-in-islamabad-11946005,https://cache1.pakwheels.com/ad_pictures/1506/suzuki-spacia-x-32-2014-150622415.jpg,Blue,Rawalpindi,Imported,Station Wagon,660.0,26.0,Tall-boy,660cc kei,2026-09-03,suzuki spacia|2014|20.0|165000,False,2026-09-03T12:24,False,22.0,2.0,,2000000.0
11946366,PakWheels,Suzuki Wagon R,FX Limited,2011,21.5,50000.0,Automatic,Islamabad,Islamabad,,,5.0,26d,core,https://www.pakwheels.com/used-cars/suzuki-wagon-r-2011-for-sale-in-islamabad-11946366,https://cache4.pakwheels.com/ad_pictures/1506/suzuki-wagon-r-fx-limited-2011-150628758.jpg,Black,Punjab,Imported,Hatchback,660.0,26.0,Tall-boy,660cc kei,2026-09-03,suzuki wagon r|2011|21.5|50000,False,2026-09-03T12:24,False,22.0,0.5,,2150000.0
11947250,PakWheels,Honda Life,,2015,22.5,77000.0,Automatic,Islamabad,Islamabad,,,4.0,26d,core,https://www.pakwheels.com/used-cars/honda-life-2015-for-sale-in-islamabad-11947250,https://cache1.pakwheels.com/ad_pictures/1506/honda-life-2015-150642737.jpg,Silver,Islamabad,Imported,,660.0,26.0,Hatchback,660cc kei,2026-09-03,honda life|2015|22.5|77000,False,2026-09-03T16:47,False,22.5,,,2250000.0
11946930,PakWheels,Suzuki Alto,ECO L,2012,23.5,135000.0,Automatic,Rawalpindi,Rawalpindi,,,9.0,26d,core,https://www.pakwheels.com/used-cars/suzuki-alto-2012-for-sale-in-rawalpindi-11946930,https://cache1.pakwheels.com/ad_pictures/1506/suzuki-alto-eco-l-2012-150637010.jpg,Black,Punjab,Imported,Hatchback,660.0,26.0,Hatchback,660cc kei,2026-09-03,suzuki alto|2012|23.5|135000,False,2026-09-03T16:47,False,23.5,,,2350000.0
11945672,PakWheels,Suzuki Alto,F,2011,24.5,97000.0,Automatic,Rawalpindi,Rawalpindi,,,6.0,26d,core,https://www.pakwheels.com/used-cars/suzuki-alto-2011-for-sale-in-rawalpindi-11945672,https://cache2.pakwheels.com/ad_pictures/1506/suzuki-alto-f-2-2015-150617978.jpg,White,Islamabad,Local,Hatchback,660.0,26.0,Hatchback,660cc kei,2026-09-03,suzuki alto|2011|24.5|97000,False,2026-09-03T12:24,False,24.95,0.45,,2450000.0
11944945,PakWheels,Suzuki Alto,VX,2021,25.7,38000.0,Manual,Islamabad,Islamabad,,,8.0,26d,core,https://www.pakwheels.com/used-cars/suzuki-alto-2021-for-sale-in-islamabad-11944945,https://cache2.pakwheels.com/ad_pictures/1506/suzuki-alto-vx-14-2021-150608340.jpg,White,Punjab,Local,Hatchback,660.0,26.0,Hatchback,660cc kei,2026-09-03,suzuki alto|2021|25.7|38000,False,2026-09-02T22:08,False,25.7,,,2570000.0
11945825,PakWheels,Suzuki Alto,X,2015,25.8,100000.0,Automatic,Islamabad,Islamabad,,,8.0,26d,core,https://www.pakwheels.com/used-cars/suzuki-alto-2015-for-sale-in-islamabad-11945825,https://cache4.pakwheels.com/ad_pictures/1506/suzuki-alto-x-9-2015-150619817.jpg,Red,Islamabad,Imported,Hatchback,660.0,26.0,Hatchback,660cc kei,2026-09-03,suzuki alto|2015|25.8|100000,False,2026-09-03T12:24,False,25.8,,,2580000.0
11949005,PakWheels,Honda N Wgn,G,2016,26.0,165000.0,Automatic,Islamabad,Islamabad,,,8.0,26d,core,https://www.pakwheels.com/used-cars/honda-n-wgn-2016-for-sale-in-islamabad-11949005,https://cache2.pakwheels.com/ad_pictures/1506/honda-n-wgn-g-52-2016-150670802.jpg,Beige,Islamabad,Imported,Hatchback,660.0,26.0,Tall-boy,660cc kei,2026-09-03,honda n wgn|2016|26.0|165000,False,2026-09-03T23:03,False,26.0,,,2600000.0
11946124,PakWheels,Suzuki Wagon R,FX Limited,2015,27.5,104000.0,Automatic,Islamabad,Islamabad,,,12.0,26d,core,https://www.pakwheels.com/used-cars/suzuki-wagon-r-2015-for-sale-in-islamabad-11946124,https://cache4.pakwheels.com/ad_pictures/1506/suzuki-wagon-r-fx-limited-2015-150624135.jpg,Silver,Islamabad,Imported,Hatchback,660.0,26.0,Tall-boy,660cc kei,2026-09-03,suzuki wagon r|2015|27.5|104000,False,2026-09-03T12:24,False,27.5,,,2750000.0
11949617,PakWheels,Suzuki Alto,VXL,2019,28.0,117600.0,Automatic,Rawalpindi,Rawalpindi,,,8.0,26d,core,https://www.pakwheels.com/used-cars/suzuki-alto-2019-for-sale-in-rawalpindi-11949617,https://cache2.pakwheels.com/ad_pictures/1506/suzuki-alto-vxl-2-2019-150679187.jpg,White,Islamabad,Local,Hatchback,660.0,26.0,Hatchback,660cc kei,2026-09-03,suzuki alto|2019|28.0|117600,False,2026-09-03T23:28,False,29.5,1.5,,2800000.0
11947242,PakWheels,Suzuki Alto,VXR,2024,28.5,29000.0,Manual,Islamabad,Islamabad,,,14.0,26d,core,https://www.pakwheels.com/used-cars/suzuki-alto-2024-for-sale-in-islamabad-11947242,https://cache2.pakwheels.com/ad_pictures/1506/suzuki-alto-vxr-2-2024-150641000.jpg,Grey,Punjab,Local,Hatchback,660.0,26.0,Hatchback,660cc kei,2026-09-03,suzuki alto|2024|28.5|29000,False,2026-09-03T16:47,False,28.5,,,2850000.0
11947544,PakWheels,Suzuki Alto,VXR,2024,29.65,27000.0,Manual,Islamabad,Islamabad,,,11.0,26d,core,https://www.pakwheels.com/used-cars/suzuki-alto-2024-for-sale-in-islamabad-11947544,https://cache4.pakwheels.com/ad_pictures/1506/suzuki-alto-vxr-2-2024-150647348.jpg,White,Islamabad,Local,Hatchback,1000.0,26.0,Hatchback,660cc kei,2026-09-03,suzuki alto|2024|29.65|27000,False,2026-09-03T16:47,False,29.65,,,2965000.0
11945528,PakWheels,Mitsubishi Pajero Mini,XR,1997,10.8,190000.0,Automatic,Rawalpindi,Rawalpindi,,,8.0,27d,core,https://www.pakwheels.com/used-cars/mitsubishi-pajero-mini-1997-for-sale-in-rawalpindi-11945528,https://cache2.pakwheels.com/ad_pictures/1506/mitsubishi-pajero-mini-xr-1997-150615891.jpg,White,Karachi,Local,SUV,660.0,27.0,Tall-boy,660cc kei,2026-09-02,mitsubishi pajero mini|1997|10.8|190000,False,2026-09-03T12:24,False,10.8,,,1080000.0
11941537,PakWheels,Suzuki Kei,A,1999,13.15,280000.0,Manual,Rawalpindi,Rawalpindi,,,9.0,27d,core,https://www.pakwheels.com/used-cars/suzuki-kei-1999-for-sale-in-rawalpindi-11941537,https://cache4.pakwheels.com/ad_pictures/1505/suzuki-kei-a-1999-150554466.jpg,Black,Islamabad,Imported,Hatchback,660.0,27.0,Hatchback,660cc kei,2026-09-02,suzuki kei|1999|13.15|280000,False,2026-09-02T13:16,False,13.8,0.65,,1315000.0
11943725,PakWheels,Suzuki Alto,,2005,13.9,40000.0,Automatic,Islamabad,Islamabad,,,10.0,27d,core,https://www.pakwheels.com/used-cars/suzuki-alto-2005-for-sale-in-islamabad-11943725,https://cache3.pakwheels.com/ad_pictures/1505/suzuki-alto-2005-150589539.jpg,Silver,Karachi,Local,,660.0,27.0,Hatchback,660cc kei,2026-09-02,suzuki alto|2005|13.9|40000,False,2026-09-02T18:31,False,13.9,,,1390000.0
11944487,PakWheels,Daihatsu Mira,Gino,2005,16.0,100000.0,Automatic,Rawalpindi,Rawalpindi,,,6.0,27d,core,https://www.pakwheels.com/used-cars/daihatsu-mira-gino-2005-for-sale-in-rawalpindi-11944487,https://cache1.pakwheels.com/ad_pictures/1506/daihatsu-mira-gino-2-2005-150601466.jpg,Green,Sindh,Imported,,660.0,27.0,Hatchback,660cc kei,2026-09-02,daihatsu mira|2005|16.0|100000,False,2026-09-02T21:01,False,16.0,,,1600000.0
11750194,PakWheels,Suzuki Alto,GII,2008,16.5,120000.0,Automatic,Rawalpindi,Rawalpindi,,,7.0,27d,core,https://www.pakwheels.com/used-cars/suzuki-alto-2008-for-sale-in-rawalpindi-11750194,https://cache4.pakwheels.com/ad_pictures/1476/suzuki-alto-gii-2008-147630685.jpg,Black,Islamabad,Imported,Hatchback,660.0,27.0,Hatchback,660cc kei,2026-09-02,suzuki alto|2008|16.5|120000,False,2026-09-22T02:54,False,16.5,,,1650000.0
11942512,PakWheels,Daihatsu Mira,L SA,2009,16.75,100000.0,Automatic,Rawalpindi,Rawalpindi,,,1.0,27d,core,https://www.pakwheels.com/used-cars/daihatsu-mira-2009-for-sale-in-rawalpindi-11942512,https://cache1.pakwheels.com/ad_pictures/1505/daihatsu-mira-l-sa-2-2009-150569935.jpg,White,Punjab,Imported,Hatchback,660.0,27.0,Hatchback,660cc kei,2026-09-02,daihatsu mira|2009|16.75|100000,False,2026-09-02T16:56,False,17.0,0.25,,1675000.0
11942744,PakWheels,Suzuki Alto,GII,2006,17.0,150000.0,Automatic,Islamabad,Islamabad,,,10.0,27d,core,https://www.pakwheels.com/used-cars/suzuki-alto-2006-for-sale-in-islamabad-11942744,https://cache4.pakwheels.com/ad_pictures/1505/suzuki-alto-gii-2006-150572792.jpg,White,Lahore,Imported,Hatchback,660.0,27.0,Hatchback,660cc kei,2026-09-02,suzuki alto|2006|17.0|150000,False,2026-09-02T16:56,False,17.0,,,1700000.0
11796520,PakWheels,Daihatsu Move,,2009,19.5,150000.0,Automatic,Islamabad,Islamabad,,,6.0,27d,core,https://www.pakwheels.com/used-cars/daihatsu-move-2009-for-sale-in-islamabad-11796520,https://cache1.pakwheels.com/ad_pictures/1484/daihatsu-move-2009-148468230.jpg,Black,Punjab,Imported,,660.0,27.0,Tall-boy,660cc kei,2026-09-02,daihatsu move|2009|19.5|150000,False,2026-09-02T16:56,False,20.5,1.0,,1950000.0
11945109,PakWheels,Suzuki Alto,GII,2007,19.6,103000.0,Automatic,Islamabad,Islamabad,,,20.0,27d,core,https://www.pakwheels.com/used-cars/suzuki-alto-2007-for-sale-in-islamabad-11945109,https://cache4.pakwheels.com/ad_pictures/1506/suzuki-alto-gii-2007-150610580.jpg,White,Islamabad,Imported,Hatchback,660.0,27.0,Hatchback,660cc kei,2026-09-02,suzuki alto|2007|19.6|103000,False,2026-09-02T23:32,False,19.6,,,1960000.0
11942598,PakWheels,Mazda Carol,GL,2015,21.65,140000.0,Automatic,Islamabad,Islamabad,,,13.0,27d,core,https://www.pakwheels.com/used-cars/mazda-carol-2015-for-sale-in-islamabad-11942598,https://cache1.pakwheels.com/ad_pictures/1505/mazda-carol-gl-6-2015-150571104.jpg,Burgundy,Islamabad,Imported,Hatchback,660.0,27.0,Hatchback,660cc kei,2026-09-02,mazda carol|2015|21.65|140000,False,2026-09-02T16:56,False,21.65,,,2165000.0
11616210,PakWheels,Suzuki Alto,ECO S,2014,22.0,95000.0,Automatic,Islamabad,Islamabad,,,10.0,27d,core,https://www.pakwheels.com/used-cars/suzuki-alto-2014-for-sale-in-islamabad-11616210,https://cache3.pakwheels.com/ad_pictures/1455/suzuki-alto-eco-s-2014-145593455.jpg,Pure Red,Punjab,Imported,Hatchback,660.0,27.0,Hatchback,660cc kei,2026-09-02,suzuki alto|2014|22.0|95000,False,2026-09-02T21:01,False,22.0,,,2200000.0
11803299,PakWheels,Suzuki Alto,ECO L,2014,24.2,86508.0,Automatic,Rawalpindi,Rawalpindi,,,10.0,27d,core,https://www.pakwheels.com/used-cars/suzuki-alto-2014-for-sale-in-rawalpindi-11803299,https://cache4.pakwheels.com/ad_pictures/1484/suzuki-alto-eco-l-2014-148444491.jpg,White,Islamabad,Local,Hatchback,660.0,27.0,Hatchback,660cc kei,2026-09-02,suzuki alto|2014|24.2|86508,False,2026-09-02T13:16,False,24.2,,,2420000.0
11613241,PakWheels,Nissan Dayz,,2014,24.5,65000.0,Automatic,Rawalpindi,Rawalpindi,,,15.0,27d,core,https://www.pakwheels.com/used-cars/nissan-dayz-2014-for-sale-in-rawalpindi-11613241,https://cache3.pakwheels.com/ad_pictures/1455/nissan-dayz-2014-145549544.jpg,Purple,Sindh,Imported,,660.0,27.0,Hatchback,660cc kei,2026-09-02,nissan dayz|2014|24.5|65000,False,2026-09-02T13:16,False,24.5,,,2450000.0
11944951,PakWheels,Suzuki Alto,VXL,2019,25.45,89000.0,Automatic,Islamabad,Islamabad,,,14.0,27d,core,https://www.pakwheels.com/used-cars/suzuki-alto-2019-for-sale-in-islamabad-11944951,https://cache4.pakwheels.com/ad_pictures/1506/suzuki-alto-vxl-2-2019-150608509.jpg,White,Rawalpindi,Local,Hatchback,660.0,27.0,Hatchback,660cc kei,2026-09-02,suzuki alto|2019|25.45|89000,False,2026-09-02T22:08,False,25.45,,,2545000.0
11942115,PakWheels,Honda N One,,2015,27.0,143500.0,Automatic,Islamabad,Islamabad,,,18.0,27d,core,https://www.pakwheels.com/used-cars/honda-n-one-2015-for-sale-in-islamabad-11942115,https://cache2.pakwheels.com/ad_pictures/1505/honda-none-2015-150564091.jpg,Red,Islamabad,Imported,,660.0,27.0,Tall-boy,660cc kei,2026-09-02,honda n one|2015|27.0|143500,False,2026-09-02T13:16,False,27.0,,,2700000.0
11944252,PakWheels,Honda N Wgn,G L Package,2014,27.3,94000.0,Automatic,Rawalpindi,Rawalpindi,,,7.0,27d,core,https://www.pakwheels.com/used-cars/honda-n-wgn-2014-for-sale-in-rawalpindi-11944252,https://cache3.pakwheels.com/ad_pictures/1505/honda-n-wgn-g-l-package-10-2014-150597126.jpg,Silver,Islamabad,Imported,Hatchback,660.0,27.0,Tall-boy,660cc kei,2026-09-02,honda n wgn|2014|27.3|94000,False,2026-09-02T21:01,False,27.3,,,2730000.0
11943071,PakWheels,Nissan Dayz,X,2021,27.5,93000.0,Automatic,Islamabad,Islamabad,,,5.0,27d,core,https://www.pakwheels.com/used-cars/nissan-dayz-2021-for-sale-in-islamabad-11943071,https://cache4.pakwheels.com/ad_pictures/1505/nissan-dayz-x-40-2021-150579321.jpg,Blue,Islamabad,Imported,Hatchback,660.0,27.0,Hatchback,660cc kei,2026-09-02,nissan dayz|2021|27.5|93000,True,2026-09-02T16:56,False,27.5,,duplicate listing,2750000.0
11944863,PakWheels,Suzuki Alto,VXR,2024,29.9,55000.0,Manual,Rawalpindi,Rawalpindi,,,9.0,27d,core,https://www.pakwheels.com/used-cars/suzuki-alto-2024-for-sale-in-rawalpindi-11944863,https://cache1.pakwheels.com/ad_pictures/1506/suzuki-alto-vxr-2-2024-150607270.jpg,White,Islamabad,Local,Hatchback,660.0,27.0,Hatchback,660cc kei,2026-09-02,suzuki alto|2024|29.9|55000,False,2026-09-02T22:08,False,29.9,,,2990000.0
11664367,PakWheels,Suzuki Hustler,G,2017,30.0,68000.0,Automatic,Islamabad,Islamabad,,,10.0,27d,core,https://www.pakwheels.com/used-cars/suzuki-hustler-2017-for-sale-in-islamabad-11664367,https://cache1.pakwheels.com/ad_pictures/1463/suzuki-hustler-g-54-2017-146311263.jpg,Metallic Torino Red,Punjab,Imported,Hatchback,660.0,27.0,Tall-boy,660cc kei,2026-09-02,suzuki hustler|2017|30.0|68000,False,2026-09-15T23:51,False,30.0,,,3000000.0
11941260,PakWheels,Mitsubishi i,G,2007,16.5,125000.0,Automatic,Rawalpindi,Rawalpindi,,,12.0,28d,core,https://www.pakwheels.com/used-cars/mitsubishi-i-2007-for-sale-in-rawalpindi-11941260,https://cache3.pakwheels.com/ad_pictures/1505/mitsubishi-i-g-49-2007-150550648.jpg,Red,Punjab,Imported,Hatchback,660.0,28.0,Hatchback,660cc kei,2026-09-01,mitsubishi i|2007|16.5|125000,False,2026-09-02T13:16,False,16.5,,,1650000.0
1118848985,OLX,Suzuki Jimny,1998,1998,16.5,,,Islamabad,"Bhara kahu, Islamabad",,,,4w,core,https://www.olx.com.pk/item/-iid-1118848985,https://images.olx.com.pk/thumbnails/643009012-600x450.jpeg,,,,,,28.0,Hatchback,660cc kei,2026-09-01,suzuki jimny|1998|16.5|-1,False,2026-09-04T13:22,False,16.5,,,1650000.0
1118723603,OLX,Nissan March,2007,2007,18.5,194.0,,Islamabad,"E-11, Islamabad",,,,4w,core,https://www.olx.com.pk/item/-iid-1118723603,https://images.olx.com.pk/thumbnails/642269021-600x450.jpeg,,,,,,28.0,Hatchback,1000-1300cc,2026-09-01,nissan march|2007|18.5|194,False,2026-08-31T15:31,False,18.5,,mileage implausibly low,1850000.0
1118784002,OLX,Toyota Vitz,2004,2004,22.5,126000.0,,Islamabad,"F-10 Markaz, Islamabad",,,,4w,core,https://www.olx.com.pk/item/-iid-1118784002,https://images.olx.com.pk/thumbnails/642625920-600x450.jpeg,,,,,,28.0,Hatchback,1000-1300cc,2026-09-01,toyota vitz|2004|22.5|126000,False,2026-09-02T13:16,False,22.5,,,2250000.0
1118900877,OLX,Mazda Carol,2012,2012,23.5,13000.0,,Rawalpindi,"Murree Road, Rawalpindi",,,,4w,core,https://www.olx.com.pk/item/-iid-1118900877,https://images.olx.com.pk/thumbnails/643323505-600x450.jpeg,,,,,,28.0,Hatchback,660cc kei,2026-09-01,mazda carol|2012|23.5|13000,False,2026-09-05T13:05,False,23.5,,,2350000.0
1118701420,OLX,Suzuki Hustler,2015/2018,2015,23.9,125000.0,,Islamabad,"Frash Town, Islamabad",,,,4w,core,https://www.olx.com.pk/item/-iid-1118701420,https://images.olx.com.pk/thumbnails/642136041-600x450.jpeg,,,,,,28.0,Tall-boy,660cc kei,2026-09-01,suzuki hustler|2015|23.9|125000,False,2026-08-31T02:47,False,23.9,,,2390000.0
1118877769,OLX,Toyota Belta,2009,2009,24.0,80000.0,,Islamabad,"Dhok Awan, Islamabad",,,,4w,core,https://www.olx.com.pk/item/-iid-1118877769,https://images.olx.com.pk/thumbnails/643183312-600x450.jpeg,,,,,,28.0,Hatchback,1000-1300cc,2026-09-01,toyota belta|2009|24.0|80000,False,2026-09-04T13:22,False,24.0,,,2400000.0
1118871875,OLX,Toyota Belta,2006/12,2006,24.75,122000.0,,Islamabad,"Gulberg Greens, Islamabad",,,,4w,core,https://www.olx.com.pk/item/-iid-1118871875,https://images.olx.com.pk/thumbnails/643141200-600x450.jpeg,,,,,,28.0,Hatchback,1000-1300cc,2026-09-01,toyota belta|2006|24.75|122000,False,2026-09-04T13:22,False,25.45,0.7,,2475000.0
11941420,PakWheels,Suzuki Alto,VX,2022,24.8,96000.0,Manual,Rawalpindi,Rawalpindi,,,4.0,28d,core,https://www.pakwheels.com/used-cars/suzuki-alto-2022-for-sale-in-rawalpindi-11941420,https://cache4.pakwheels.com/ad_pictures/1505/suzuki-alto-vx-14-2022-150552884.jpg,Silver,Islamabad,Local,Hatchback,660.0,28.0,Hatchback,660cc kei,2026-09-01,suzuki alto|2022|24.8|96000,False,2026-09-03T16:47,False,24.9,0.1,,2480000.0
1118777034,OLX,Suzuki Alto Lapin,2015,2015,25.0,120000.0,,Attock,"Kamra, Attock",,,,4w,near,https://www.olx.com.pk/item/-iid-1118777034,https://images.olx.com.pk/thumbnails/642586811-600x450.jpeg,,,,,,28.0,Hatchback,660cc kei,2026-09-01,suzuki alto lapin|2015|25.0|120000,False,2026-09-02T13:16,False,25.0,,outside city - Wah/Taxila/Attock/Jhelum area,2500000.0
1118798339,OLX,Toyota Belta,"2010, 1000cc",2010,25.5,192715.0,,Rawalpindi,"Bahria Town Phase 4, Rawalpindi",,,,4w,core,https://www.olx.com.pk/item/-iid-1118798339,https://images.olx.com.pk/thumbnails/642711022-600x450.jpeg,,,,,,28.0,Hatchback,1000-1300cc,2026-09-01,toyota belta|2010|25.5|192715,False,2026-09-02T13:16,False,25.5,,,2550000.0
1116053458,OLX,Suzuki Alto Lapin,2015,2015,26.0,144000.0,,Rawalpindi,"Airport Housing Society, Rawalpindi",,,,4w,core,https://www.olx.com.pk/item/-iid-1116053458,https://images.olx.com.pk/thumbnails/626584649-600x450.jpeg,,,,,,28.0,Hatchback,660cc kei,2026-09-01,suzuki alto lapin|2015|26.0|144000,False,2026-08-31T20:19,False,26.0,,,2600000.0
1118787675,OLX,Nissan Dayz,full option 2021,2021,27.5,93000.0,,Islamabad,"G-9, Islamabad",,,,4w,core,https://www.olx.com.pk/item/-iid-1118787675,https://images.olx.com.pk/thumbnails/642647776-600x450.jpeg,,,,,,28.0,Hatchback,660cc kei,2026-09-01,nissan dayz|2021|27.5|93000,True,2026-09-02T13:16,False,27.5,,duplicate listing,2750000.0
1118713646,OLX,Toyota Vitz,2013 import 2015,2013,28.0,12345.0,,Rawalpindi,"Bahria Town Phase 7, Rawalpindi",,,,4w,core,https://www.olx.com.pk/item/-iid-1118713646,https://images.olx.com.pk/thumbnails/642206583-600x450.jpeg,,,,,,28.0,Hatchback,1000-1300cc,2026-09-01,toyota vitz|2013|28.0|12345,False,2026-08-31T12:13,False,28.0,,,2800000.0
1118713596,OLX,Toyota Vitz,2014 import 2017,2014,28.0,112000.0,,Rawalpindi,"Bahria Town Phase 7, Rawalpindi",,,,4w,core,https://www.olx.com.pk/item/-iid-1118713596,https://images.olx.com.pk/thumbnails/642206341-600x450.jpeg,,,,,,28.0,Hatchback,1000-1300cc,2026-09-01,toyota vitz|2014|28.0|112000,False,2026-08-31T12:13,False,28.0,,,2800000.0
1116589215,OLX,Toyota Passo,2013,2013,28.75,154007.0,,Islamabad,"G-9 Markaz, Islamabad",,,,4w,core,https://www.olx.com.pk/item/-iid-1116589215,https://images.olx.com.pk/thumbnails/629719332-600x450.jpeg,,,,,,28.0,Hatchback,1000-1300cc,2026-09-01,toyota passo|2013|28.75|154007,False,2026-09-01T18:26,False,28.75,,,2875000.0
1117360386,OLX,Suzuki Hustler,2017,2017,30.0,66000.0,,Islamabad,"I-10/4, Islamabad",,,,4w,core,https://www.olx.com.pk/item/-iid-1117360386,https://images.olx.com.pk/thumbnails/646587009-600x450.jpeg,,,,,,28.0,Tall-boy,660cc kei,2026-09-01,suzuki hustler|2017|30.0|66000,False,2026-09-19T13:27,False,30.0,,,3000000.0
11224189,PakWheels,Daihatsu Tanto,L SA,2013,23.5,82000.0,Automatic,Islamabad,Islamabad,,,23.0,2mo,core,https://www.pakwheels.com/used-cars/daihatsu-tanto-2013-for-sale-in-islamabad-11224189,https://cache4.pakwheels.com/ad_pictures/1421/daihatsu-tanto-l-sa-2013-142141502.jpg,Black,Punjab,Imported,Hatchback,660.0,60.8,Tall-boy,660cc kei,2026-07-30,daihatsu tanto|2013|23.5|82000,False,2026-07-30T17:22,False,26.0,2.5,,2350000.0
11836060,PakWheels,Daihatsu Move,,2013,24.0,178000.0,Automatic,Islamabad,Islamabad,,,16.0,2mo,core,https://www.pakwheels.com/used-cars/daihatsu-move-2013-for-sale-in-islamabad-11836060,https://cache3.pakwheels.com/ad_pictures/1489/daihatsu-move-2013-148947150.jpg,White,Islamabad,Imported,,660.0,60.8,Tall-boy,660cc kei,2026-07-30,daihatsu move|2013|24.0|178000,False,2026-08-09T22:34,False,24.0,,,2400000.0
11668041,PakWheels,Suzuki Hustler,,2019,30.0,125000.0,Automatic,Rawalpindi,Rawalpindi,,,12.0,2mo,core,https://www.pakwheels.com/used-cars/suzuki-hustler-2019-for-sale-in-rawalpindi-11668041,https://cache2.pakwheels.com/ad_pictures/1463/suzuki-hustler-2019-146367269.jpg,Yellow,Punjab,Imported,Hatchback,660.0,60.8,Tall-boy,660cc kei,2026-07-30,suzuki hustler|2019|30.0|125000,False,2026-08-10T11:09,False,30.0,,,3000000.0
