id,title,loc,spec,badge,rating,pics,cache,slug,path
11703275,Suzuki Alto 2014,Rawalpindi,"2014 126,876 km Petrol 660 cc Automatic",M,7.3,14,4,suzuki-alto-2014-146907754,/used-cars/suzuki-alto-2014-for-sale-in-rawalpindi-11703275
11573861,Suzuki Alto 2022,Islamabad,"2022 60,872 km Petrol 660 cc Manual",M,8.7,13,1,suzuki-alto-vxr-2-2022-144955679,/used-cars/suzuki-alto-2022-for-sale-in-islamabad-11573861
11791962,Mitsubishi EK Wagon 2014,Rawalpindi,"2014 150,000 km Petrol 660 cc Automatic",,,8,3,mitsubishi-ek-wagon-e-10-2014-148268960,/used-cars/mitsubishi-ek-wagon-2014-for-sale-in-rawalpindi-11791962
11791921,Suzuki Alto 2021,Islamabad,"2021 88,000 km Petrol 660 cc Manual",,,10,2,suzuki-alto-2021-148268439,/used-cars/suzuki-alto-2021-for-sale-in-islamabad-11791921
11791749,Mitsubishi EK Wagon 2015,Islamabad,"2015 80,000 km Petrol 660 cc Automatic",,,16,2,mitsubishi-ek-wagon-2015-148262038,/used-cars/mitsubishi-ek-wagon-2015-for-sale-in-islamabad-11791749
11615432,Daihatsu Mira 2014,Islamabad,"2014 131,200 km Petrol 660 cc Automatic",,,14,3,daihatsu-mira-x-sa-2-2014-148080986,/used-cars/daihatsu-mira-2014-for-sale-in-islamabad-11615432
11791453,Daihatsu Move 2014,Islamabad,"2014 120,000 km Petrol 660 cc Automatic",,,5,3,daihatsu-move-x-5-2014-148261174,/used-cars/daihatsu-move-2014-for-sale-in-islamabad-11791453
11747654,Suzuki Alto 2014,Islamabad,"2014 141,291 km Petrol 660 cc Automatic",M,6.9,15,3,suzuki-alto-2014-147589642,/used-cars/suzuki-alto-2014-for-sale-in-islamabad-11747654
11780395,Suzuki Wagon R 2014,Islamabad,"2014 89,000 km Petrol 660 cc Automatic",,,13,2,suzuki-wagon-r-2014-148261234,/used-cars/suzuki-wagon-r-2014-for-sale-in-islamabad-11780395
11511891,Suzuki Wagon R 2015,Islamabad,"2015 68,000 km Petrol 660 cc Automatic",,,8,2,suzuki-wagon-r-fx-limited-2015-147050521,/used-cars/suzuki-wagon-r-2015-for-sale-in-islamabad-11511891
11791654,Mitsubishi EK Custom 2015,Islamabad,"2015 120,000 km Petrol 660 cc Automatic",,,6,3,mitsubishi-ek-custom-t-6-2016-148264264,/used-cars/mitsubishi-ek-custom-2015-for-sale-in-islamabad-11791654
11791461,Suzuki Alto 2021,Islamabad,"2021 99,850 km Petrol 660 cc Automatic",,,4,3,suzuki-alto-vxl-2-2021-148261686,/used-cars/suzuki-alto-2021-for-sale-in-islamabad-11791461
11724773,Suzuki Alto 2014,Islamabad,"2014 75,000 km Petrol 660 cc Automatic",,,8,1,suzuki-alto-eco-s-2014-147236115,/used-cars/suzuki-alto-2014-for-sale-in-islamabad-11724773
11435234,Suzuki Alto 2012,Rawalpindi,"2012 111,000 km Petrol 660 cc Automatic",,,12,3,suzuki-alto-e-2012-142817201,/used-cars/suzuki-alto-2012-for-sale-in-rawalpindi-11435234
11791251,Mitsubishi EK Wagon 2016,Islamabad,"2016 200,000 km Petrol 660 cc Automatic",,,20,4,mitsubishi-ek-wagon-g-safety-plus-edition-2016-148258086,/used-cars/mitsubishi-ek-wagon-2016-for-sale-in-islamabad-11791251
11585619,Suzuki Wagon R 2014,Islamabad,"2014 71,000 km Petrol 660 cc Automatic",,,11,4,suzuki-wagon-r-fx-limited-2014-145130761,/used-cars/suzuki-wagon-r-2014-for-sale-in-islamabad-11585619
11736662,Suzuki Every 2013,Rawalpindi,"2013 149,000 km Petrol 660 cc Automatic",,,8,2,suzuki-every-ga-2013-148064775,/used-cars/suzuki-every-2013-for-sale-in-rawalpindi-11736662
11791118,Suzuki Alto 2019,Islamabad,"2019 260,000 km Petrol 660 cc Manual",,,5,1,suzuki-alto-vxr-2-2019-148256401,/used-cars/suzuki-alto-2019-for-sale-in-islamabad-11791118
11791100,Suzuki Wagon R 2012,Islamabad,"2012 115,000 km Petrol 660 cc Automatic",,,10,3,suzuki-wagon-r-fx-idling-stop-2012-148256190,/used-cars/suzuki-wagon-r-2012-for-sale-in-islamabad-11791100
11791068,Honda N Box 2013,Rawalpindi,"2013 88,000 km Petrol 660 cc Automatic",,,9,2,honda-n-box-custom-2013-148255791,/used-cars/honda-n-box-2013-for-sale-in-rawalpindi-11791068
11571929,Daihatsu Move 2014,Islamabad,"2014 81,000 km Petrol 660 cc Automatic",,,11,3,daihatsu-move-custom-x-limited-2014-144926198,/used-cars/daihatsu-move-2014-for-sale-in-islamabad-11571929
11731526,Nissan Dayz 2015,Islamabad,"2015 67,000 km Petrol 660 cc Automatic",,,10,4,nissan-dayz-highway-star-3-2015-147341805,/used-cars/nissan-dayz-2015-for-sale-in-islamabad-11731526
11791036,Mazda Flair 2016,Islamabad,"2016 150,000 km Petrol 660 cc Automatic",,,8,1,mazda-flair-wagon-2016-148255358,/used-cars/mazda-flair-wagon-2016-for-sale-in-islamabad-11791036
11707708,Suzuki Wagon R 2014,Islamabad,"2014 140,000 km Petrol 660 cc Automatic",,,15,2,suzuki-wagon-r-t-4-2014-146976258,/used-cars/suzuki-wagon-r-2014-for-sale-in-islamabad-11707708
11791028,Subaru Pleo 2018,Rawalpindi,"2018 48,500 km Petrol 660 cc Automatic",,,10,2,subaru-pleo-plus-2018-148255152,/used-cars/subaru-pleo-plus-2018-for-sale-in-rawalpindi-11791028
11635941,Suzuki Alto 2011,Rawalpindi,"2011 127,000 km Petrol 660 cc Automatic",,,15,2,suzuki-alto-f-2-2011-145893779,/used-cars/suzuki-alto-2011-for-sale-in-rawalpindi-11635941
11790720,Suzuki Alto 2022,Rawalpindi,"2022 55,000 km Petrol 660 cc Manual",,,20,1,suzuki-alto-vxr-2-2022-148250179,/used-cars/suzuki-alto-2022-for-sale-in-rawalpindi-11790720
11790764,Suzuki Alto 2019,Rawalpindi,"2019 155,993 km Petrol 660 cc Automatic",,,7,4,suzuki-alto-vxl-2-2019-148251220,/used-cars/suzuki-alto-2019-for-sale-in-rawalpindi-11790764
11790802,Suzuki Alto 2015,Rawalpindi,"2015 200,000 km Petrol 660 cc Automatic",,,5,2,suzuki-alto-works-edition-2015-148251922,/used-cars/suzuki-alto-2015-for-sale-in-rawalpindi-11790802
11790742,Suzuki Alto 2025,Islamabad,2025 700 km Petrol 660 cc Manual,,,7,2,suzuki-alto-vxr-upgraded-2025-148250809,/used-cars/suzuki-alto-2025-for-sale-in-islamabad-11790742
11671183,Suzuki Alto 2013,Islamabad,"2013 100,000 km Petrol 660 cc Automatic",,,18,1,suzuki-alto-eco-l-2013-148249070,/used-cars/suzuki-alto-2013-for-sale-in-islamabad-11671183
11634740,Suzuki Alto 2013,Islamabad,"2013 82,000 km Petrol 660 cc Automatic",,,14,2,suzuki-alto-eco-s-2013-147130742,/used-cars/suzuki-alto-2013-for-sale-in-islamabad-11634740
11790680,Suzuki Alto 2021,Rawalpindi,"2021 122,535 km Petrol 660 cc Manual",,,7,4,suzuki-alto-vx-14-2021-148249232,/used-cars/suzuki-alto-2021-for-sale-in-rawalpindi-11790680
11790707,Suzuki Alto 2011,Islamabad,"2011 106,000 km Petrol 660 cc Automatic",,,18,2,suzuki-alto-e-2011-148250009,/used-cars/suzuki-alto-2011-for-sale-in-islamabad-11790707
11787475,Suzuki Alto 2022,Islamabad,"2022 121,260 km Petrol 660 cc Manual",M,9.1,14,4,suzuki-alto-vxr-2-2022-148203008,/used-cars/suzuki-alto-2022-for-sale-in-islamabad-11787475
11790551,Suzuki Alto 2022,Rawalpindi,"2022 87,000 km Petrol 660 cc Manual",,,11,3,suzuki-alto-vxr-2-2022-148247433,/used-cars/suzuki-alto-2022-for-sale-in-rawalpindi-11790551
11790102,Suzuki Alto 2022,Rawalpindi,"2022 69,168 km Petrol 660 cc Manual",,,12,2,suzuki-alto-2022-148241421,/used-cars/suzuki-alto-2022-for-sale-in-rawalpindi-11790102
11790118,Daihatsu Mira 2014,Rawalpindi,"2014 100,000 km Petrol 660 cc Automatic",,,16,1,daihatsu-mira-x-limited-smart-drive-package-2014-148241656,/used-cars/daihatsu-mira-2014-for-sale-in-rawalpindi-11790118
11789958,Suzuki Alto 2012,Islamabad,"2012 230,000 km Petrol 660 cc Automatic",,,19,2,suzuki-alto-e-2012-148237840,/used-cars/suzuki-alto-2012-for-sale-in-islamabad-11789958
11789913,Mazda Carol 2010,Rawalpindi,"2010 150,000 km Petrol 660 cc Automatic",,,21,4,mazda-carol-gl-6-2010-148238840,/used-cars/mazda-carol-2010-for-sale-in-rawalpindi-11789913
11789584,Mitsubishi EK Wagon 2013,Islamabad,"2013 165,000 km Petrol 660 cc Automatic",,,25,3,mitsubishi-ek-wagon-g-safety-package-2013-148234025,/used-cars/mitsubishi-ek-wagon-2013-for-sale-in-islamabad-11789584
11789617,Nissan Dayz 2015,Rawalpindi,"2015 200,000 km Petrol 660 cc Automatic",,,19,4,nissan-dayz-highway-star-3-2015-148234477,/used-cars/nissan-dayz-2015-for-sale-in-rawalpindi-11789617
11789628,Nissan Dayz 2015,Islamabad,"2015 100,000 km Petrol 660 cc Automatic",,,5,3,nissan-dayz-highway-star-3-2015-148234726,/used-cars/nissan-dayz-2015-for-sale-in-islamabad-11789628
11789678,Suzuki Alto 2024,Islamabad,"2024 57,000 km Petrol 660 cc Manual",,,8,4,suzuki-alto-vx-14-2024-148235504,/used-cars/suzuki-alto-2024-for-sale-in-islamabad-11789678
11789490,Suzuki Alto 2013,Islamabad,"2013 97,300 km Petrol 660 cc Automatic",,,19,1,suzuki-alto-eco-l-2013-148232706,/used-cars/suzuki-alto-2013-for-sale-in-islamabad-11789490
11789397,Suzuki Alto 2015,Islamabad,"2015 121,212 km Petrol 660 cc Automatic",,,14,,,/used-cars/suzuki-alto-2015-for-sale-in-islamabad-11789397
11278373,Suzuki Every 2025,Islamabad,2025 550 km Petrol 660 cc Manual,,,16,3,suzuki-every-vx-2-2025-145306679,/used-cars/suzuki-every-2025-for-sale-in-islamabad-11278373
11766760,Suzuki Alto 2016,Islamabad,"2016 100,000 km Petrol 660 cc Automatic",,,16,1,suzuki-alto-works-edition-2016-147887801,/used-cars/suzuki-alto-2016-for-sale-in-islamabad-11766760
11788826,Suzuki Alto 2022,Islamabad,"2022 42,000 km Petrol 660 cc Automatic",,,13,1,suzuki-alto-vxl-2-2022-148223151,/used-cars/suzuki-alto-2022-for-sale-in-islamabad-11788826
11788876,Daihatsu Mira 2013,Islamabad,"2013 65,000 km Petrol 660 cc Automatic",,,4,4,daihatsu-mira-2013-148223871,/used-cars/daihatsu-mira-2013-for-sale-in-islamabad-11788876
11788874,Mazda Flair 2016,Islamabad,"2016 96,000 km Petrol 660 cc Automatic",,,6,1,mazda-flair-xg-4-2016-148223835,/used-cars/mazda-flair-2016-for-sale-in-islamabad-11788874
11789054,Nissan Dayz 2014,Islamabad,"2014 71,000 km Petrol 660 cc Automatic",,,10,2,nissan-dayz-highway-star-3-2014-148226490,/used-cars/nissan-dayz-2014-for-sale-in-islamabad-11789054
11691240,Suzuki Alto 2016,Islamabad,"2016 97,000 km Petrol 660 cc Automatic",,,12,3,suzuki-alto-works-edition-2016-147647348,/used-cars/suzuki-alto-2016-for-sale-in-islamabad-11691240
11765135,Daihatsu Mira 2010,Islamabad,"2010 171,425 km Petrol 660 cc Automatic",M,5.1,14,2,daihatsu-mira-l-4-2010-147869967,/used-cars/daihatsu-mira-2010-for-sale-in-islamabad-11765135
11788805,Suzuki Alto 2013,Islamabad,"2013 91,381 km Petrol 660 cc Automatic",,,7,2,suzuki-alto-f-2-2013-148222565,/used-cars/suzuki-alto-2013-for-sale-in-islamabad-11788805
11788752,Suzuki Alto 2020,Islamabad,"2020 72,000 km Petrol 660 cc Automatic",,,10,3,suzuki-alto-vxl-2-2020-148221960,/used-cars/suzuki-alto-2020-for-sale-in-islamabad-11788752
11788681,Suzuki Alto 2023,Islamabad,"2023 70,000 km Petrol 660 cc Manual",,,10,3,suzuki-alto-vxr-2-2023-148220934,/used-cars/suzuki-alto-2023-for-sale-in-islamabad-11788681
11788412,Daihatsu Mira 2013,Rawalpindi,"2013 110,000 km Petrol 660 cc Automatic",,,17,3,daihatsu-mira-2013-148216608,/used-cars/daihatsu-mira-2013-for-sale-in-rawalpindi-11788412
11568552,Suzuki Alto 2011,Rawalpindi,"2011 210,131 km Petrol 660 cc Automatic",M,6,14,1,suzuki-alto-eco-l-2011-144876462,/used-cars/suzuki-alto-2011-for-sale-in-rawalpindi-11568552
11786597,Daihatsu Move Conte 2010,Rawalpindi,"2010 228,000 km Petrol 660 cc Automatic",,,11,,,/used-cars/daihatsu-move-conte-2010-for-sale-in-rawalpindi-11786597
11786685,Mitsubishi EK Wagon 2012,Rawalpindi,"2012 115,000 km Petrol 660 cc Automatic",,,7,2,mitsubishi-ek-wagon-g-3-2012-148190844,/used-cars/mitsubishi-ek-wagon-2012-for-sale-in-rawalpindi-11786685
11787983,Daihatsu Mira ES 2013,Rawalpindi,"2013 85,000 km Petrol 660 cc Automatic",,,9,4,daihatsu-mira-es-2013-148209913,/used-cars/daihatsu-mira-2013-for-sale-in-rawalpindi-11787983
11664393,Daihatsu Mira ES 2014,Islamabad,"2014 95,500 km Petrol 660 cc Automatic",,,8,3,daihatsu-mira-es-2014-146310360,/used-cars/daihatsu-mira-2014-for-sale-in-islamabad-11664393
11787948,Suzuki Wagon R 2012,Islamabad,"2012 114,000 km Petrol 660 cc Automatic",,,16,1,suzuki-wagon-r-x-14-2012-148209561,/used-cars/suzuki-wagon-r-2012-for-sale-in-islamabad-11787948
11146863,Mitsubishi EK Custom 2014,Islamabad,"2014 112,000 km Petrol 660 cc Automatic",,,13,1,mitsubishi-ek-custom-g-50-2014-138260394,/used-cars/mitsubishi-ek-custom-2014-for-sale-in-islamabad-11146863
11786663,Suzuki Alto 2014,Rawalpindi,"2014 100,000 km Petrol 660 cc Automatic",,,25,1,suzuki-alto-eco-s-2014-148190446,/used-cars/suzuki-alto-2014-for-sale-in-rawalpindi-11786663
11777896,Suzuki Alto 2021,Islamabad,"2021 95,000 km Petrol 660 cc Manual",,,16,4,suzuki-alto-2021-148057224,/used-cars/suzuki-alto-2021-for-sale-in-islamabad-11777896
11444124,Suzuki Alto 2019,Rawalpindi,"2019 77,000 km Petrol 660 cc Automatic",,,5,4,suzuki-alto-2019-142958797,/used-cars/suzuki-alto-2019-for-sale-in-rawalpindi-11444124
11653211,Daihatsu Move 2014,Islamabad,"2014 88,000 km Petrol 660 cc Automatic",,,20,4,daihatsu-move-x-limited-2014-148176835,/used-cars/daihatsu-move-2014-for-sale-in-islamabad-11653211
11758396,Suzuki Alto 2016,Rawalpindi,"2016 122,000 km Petrol 660 cc Manual",,,17,2,suzuki-alto-2016-147756884,/used-cars/suzuki-alto-2016-for-sale-in-rawalpindi-11758396
11786696,Nissan Moco 2013,Rawalpindi,"2013 110,000 km Petrol 660 cc Automatic",,,12,4,nissan-moco-x-18-2013-148191001,/used-cars/nissan-moco-2013-for-sale-in-rawalpindi-11786696
11788168,Daihatsu Move 2016,Islamabad,"2016 120,000 km Petrol 660 cc Automatic",,,10,1,daihatsu-move-custom-x-2016-148211628,/used-cars/daihatsu-move-2016-for-sale-in-islamabad-11788168
11743376,Suzuki Wagon R 2014,Islamabad,"2014 84,000 km Petrol 660 cc Automatic",,,10,2,suzuki-wagon-r-fx-limited-2014-147523638,/used-cars/suzuki-wagon-r-2014-for-sale-in-islamabad-11743376
11787452,Toyota Pixis 2012,Islamabad,"2012 200,000 km Petrol 660 cc Automatic",,,17,4,toyota-pixis-x-38-2012-148202430,/used-cars/toyota-pixis-epoch-2012-for-sale-in-islamabad-11787452
11661756,Mitsubishi EK Wagon 2014,Rawalpindi,"2014 94,000 km Petrol 660 cc Automatic",,,13,4,mitsubishi-ek-wagon-2014-146714926,/used-cars/mitsubishi-ek-wagon-2014-for-sale-in-rawalpindi-11661756
11788159,Suzuki Alto 2022,Islamabad,"2022 44,546 km Petrol 660 cc Manual",,,13,2,suzuki-alto-vxr-2-2022-148212847,/used-cars/suzuki-alto-2022-for-sale-in-islamabad-11788159
11567771,Suzuki Every 2025,Islamabad,"2025 8,357 km Petrol 660 cc Manual",M,9.4,15,1,suzuki-every-vx-2-2025-144864267,/used-cars/suzuki-every-2025-for-sale-in-islamabad-11567771
11784725,Daihatsu Mira ES 2016,Rawalpindi,"2016 78,000 km Petrol 660 cc Automatic",,,13,1,daihatsu-mira-es-2016-148161906,/used-cars/daihatsu-mira-2016-for-sale-in-rawalpindi-11784725
11635716,Suzuki Wagon R 2016,Islamabad,"2016 135,000 km Petrol 660 cc Automatic",,,8,1,suzuki-wagon-r-fx-2-2016-145889639,/used-cars/suzuki-wagon-r-2016-for-sale-in-islamabad-11635716
11739229,Suzuki Alto 2016,Islamabad,"2016 121,000 km Petrol 660 cc Automatic",,,13,2,suzuki-alto-works-edition-2016-147460565,/used-cars/suzuki-alto-2016-for-sale-in-islamabad-11739229
11788112,Suzuki Alto 2022,Islamabad,"2022 40,000 km Petrol 660 cc Automatic",,,18,3,suzuki-alto-vxr-ags-2022-148210533,/used-cars/suzuki-alto-2022-for-sale-in-islamabad-11788112
11787187,Honda N Wgn 2014,Islamabad,"2014 165,000 km Petrol 660 cc Automatic",,,9,4,honda-n-wgn-custom-g-turbo-2014-148198547,/used-cars/honda-n-wgn-2014-for-sale-in-islamabad-11787187
11784231,Suzuki Wagon R 2023,Islamabad,"2023 44,000 km Petrol 660 cc Automatic",,,4,2,suzuki-wagon-r-hybrid-fz-2023-148153837,/used-cars/suzuki-wagon-r-2023-for-sale-in-islamabad-11784231
11651077,Daihatsu Mira 2011,Rawalpindi,"2011 100,000 km Petrol 660 cc Manual",,,7,1,daihatsu-mira-2011-146116606,/used-cars/daihatsu-mira-2011-for-sale-in-rawalpindi-11651077
11607567,Suzuki Every 2010,Islamabad,"2010 194,600 km Petrol 660 cc Automatic",M,6.7,14,4,suzuki-every-join-turbo-2010-145462905,/used-cars/suzuki-every-2010-for-sale-in-islamabad-11607567
11631974,Daihatsu Tanto 2012,Islamabad,"2012 74,000 km Petrol 660 cc Automatic",,,11,1,daihatsu-tanto-custom-x-limited-sa-iii-2012-145833878,/used-cars/daihatsu-tanto-2012-for-sale-in-islamabad-11631974
11785279,Suzuki Alto 2011,Islamabad,"2011 196,000 km Petrol 660 cc Automatic",,,14,4,suzuki-alto-e-2011-148169445,/used-cars/suzuki-alto-2011-for-sale-in-islamabad-11785279
11737086,Mitsubishi EK Wagon 2013,Rawalpindi,"2013 150,000 km Petrol 660 cc Automatic",,,16,4,mitsubishi-ek-wagon-e-10-2013-147427694,/used-cars/mitsubishi-ek-wagon-2013-for-sale-in-rawalpindi-11737086
11785382,Mitsubishi EK Wagon 2012,Islamabad,"2012 150,000 km Petrol 660 cc Automatic",,,10,2,mitsubishi-ek-wagon-limited-2-2012-148171051,/used-cars/mitsubishi-ek-wagon-2012-for-sale-in-islamabad-11785382
11782672,Daihatsu Move 2010,Islamabad,"2010 140,000 km Petrol 660 cc Manual",,,15,3,daihatsu-move-l-6-2015-148130211,/used-cars/daihatsu-move-2010-for-sale-in-islamabad-11782672
11782416,Honda N One 2013,Islamabad,"2013 165,000 km Petrol 660 cc Automatic",,,17,1,honda-none-premium-2-2013-148127019,/used-cars/honda-n-one-2013-for-sale-in-islamabad-11782416
11491161,Suzuki Alto 2014,Islamabad,"2014 165,600 km Petrol 660 cc Automatic",,,19,4,suzuki-alto-g-4-2014-148145621,/used-cars/suzuki-alto-2014-for-sale-in-islamabad-11491161
11783878,Daihatsu Mira 2013,Islamabad,"2013 105,000 km Petrol 660 cc Automatic",,,11,1,daihatsu-mira-g-smart-drive-package-2013-148149803,/used-cars/daihatsu-mira-2013-for-sale-in-islamabad-11783878
11781984,Suzuki Every 2012,Rawalpindi,"2012 112,331 km Petrol 660 cc Automatic",,,17,1,suzuki-every-join-turbo-2012-148120023,/used-cars/suzuki-every-2012-for-sale-in-rawalpindi-11781984
11722100,Suzuki Wagon R 2014,Islamabad,"2014 130,000 km Petrol 660 cc Automatic",,,11,3,suzuki-wagon-r-fx-2-2014-147196448,/used-cars/suzuki-wagon-r-2014-for-sale-in-islamabad-11722100
11784720,Suzuki Alto 2011,Islamabad,"2011 165,000 km Petrol 660 cc Automatic",,,9,1,suzuki-alto-g-4-2011-148162085,/used-cars/suzuki-alto-2011-for-sale-in-islamabad-11784720
11783136,Nissan Moco 2011,Rawalpindi,"2011 226,800 km Petrol 660 cc Automatic",,,6,2,nissan-moco-2011-148138526,/used-cars/nissan-moco-2011-for-sale-in-rawalpindi-11783136
11473653,Suzuki Alto 2014,Islamabad,"2014 81,000 km Petrol 660 cc Automatic",,,8,4,suzuki-alto-eco-s-2014-143430328,/used-cars/suzuki-alto-2014-for-sale-in-islamabad-11473653
11782791,Daihatsu Mira 2012,Rawalpindi,"2012 136,411 km Petrol 660 cc Automatic",,,7,3,daihatsu-mira-g-sa-2-2012-148131786,/used-cars/daihatsu-mira-2012-for-sale-in-rawalpindi-11782791
11782980,Suzuki Alto 2014,Islamabad,"2014 140,000 km Petrol 660 cc Automatic",,,20,2,suzuki-alto-eco-l-2014-148136300,/used-cars/suzuki-alto-2014-for-sale-in-islamabad-11782980
11596076,Daihatsu Move 2013,Islamabad,"2013 72,000 km Petrol 660 cc Automatic",,,9,1,daihatsu-move-rs-8-2013-145290220,/used-cars/daihatsu-move-2013-for-sale-in-islamabad-11596076
11522508,Mitsubishi EK Wagon 2014,Islamabad,"2014 138,000 km Petrol 660 cc Automatic",,,7,3,mitsubishi-ek-wagon-g-3-2014-144192268,/used-cars/mitsubishi-ek-wagon-2014-for-sale-in-islamabad-11522508
11781747,Suzuki Wagon R 2014,Islamabad,2014 29 km Petrol 660 cc Automatic,,,12,2,suzuki-wagon-r-fx-limited-2014-148116069,/used-cars/suzuki-wagon-r-2014-for-sale-in-islamabad-11781747
11782184,Suzuki Alto 2020,Rawalpindi,"2020 97,000 km Petrol 660 cc Automatic",,,17,4,suzuki-alto-vxl-2-2020-148123268,/used-cars/suzuki-alto-2020-for-sale-in-rawalpindi-11782184
11784330,Suzuki Alto 2015,Islamabad,"2015 123,000 km Petrol 660 cc Automatic",,,17,4,suzuki-alto-turbo-rs-2015-148156603,/used-cars/suzuki-alto-2015-for-sale-in-islamabad-11784330
11764632,Suzuki Wagon R 2011,Islamabad,"2011 154,000 km Petrol 660 cc Automatic",,,17,1,suzuki-wagon-r-stingray-limited-2011-147855346,/used-cars/suzuki-wagon-r-2011-for-sale-in-islamabad-11764632
11500865,Suzuki Alto 2024,Islamabad,"2024 16,585 km Petrol 660 cc Manual",M,9.4,20,4,suzuki-alto-vx-14-2024-143859337,/used-cars/suzuki-alto-2024-for-sale-in-islamabad-11500865
11729197,Suzuki Alto 2021,Islamabad,"2021 54,279 km Petrol 660 cc Automatic",,8.7,20,2,suzuki-alto-vxl-2-2021-147340039,/used-cars/suzuki-alto-2021-for-sale-in-islamabad-11729197
11646406,Suzuki Alto 2022,Rawalpindi,"2022 40,015 km Petrol 660 cc Automatic",M,8.9,15,2,suzuki-alto-vxl-2-2022-147382382,/used-cars/suzuki-alto-2022-for-sale-in-rawalpindi-11646406
11783348,Suzuki Alto 2025,Islamabad,"2025 40,000 km Petrol 660 cc Manual",,,7,1,suzuki-alto-vxr-2-2025-148141759,/used-cars/suzuki-alto-2025-for-sale-in-islamabad-11783348
11783498,Suzuki Alto Lapin 2019,Islamabad,"2019 103,000 km Petrol 660 cc Automatic",,,13,2,suzuki-alto-lapin-g-5-2019-148144168,/used-cars/suzuki-alto-lapin-2019-for-sale-in-islamabad-11783498
11781914,Suzuki Alto 2023,Islamabad,"2023 29,000 km Petrol 660 cc Automatic",,,13,2,suzuki-alto-vxl-2-2023-148118423,/used-cars/suzuki-alto-2023-for-sale-in-islamabad-11781914
11782287,Suzuki Alto 2024,Islamabad,"2024 49,000 km Petrol 660 cc Manual",,,6,4,suzuki-alto-vxr-2-2024-148125273,/used-cars/suzuki-alto-2024-for-sale-in-islamabad-11782287
11780447,Suzuki Alto 2010,Rawalpindi,"2010 10,000 km Petrol 660 cc Automatic",,,15,2,suzuki-alto-vxr-2-2010-148097839,/used-cars/suzuki-alto-2010-for-sale-in-rawalpindi-11780447
11780438,Nissan Clipper 2014,Islamabad,"2014 100,000 km Petrol 660 cc Automatic",,,5,4,nissan-clipper-2014-148097683,/used-cars/nissan-clipper-2014-for-sale-in-islamabad-11780438
11778515,Mitsubishi Minicab 2010,Rawalpindi,"2010 250,000 km Petrol 660 cc Automatic",,,10,1,mitsubishi-minicab-bravo-g-66-2010-148067971,/used-cars/mitsubishi-minicab-2010-for-sale-in-rawalpindi-11778515
11777476,Daihatsu Esse 2010,Islamabad,"2010 90,000 km Petrol 660 cc Automatic",,,10,3,daihatsu-esse-custom-3-2010-148050181,/used-cars/daihatsu-esse-2010-for-sale-in-islamabad-11777476
11777020,Daihatsu Hijet 2014,Rawalpindi,"2014 150,000 km Petrol 660 cc Automatic",,,16,3,daihatsu-hijet-van-cruise-turbo-2014-148042777,/used-cars/daihatsu-hijet-2014-for-sale-in-rawalpindi-11777020
11780087,Suzuki Every 2013,Rawalpindi,"2013 200,000 km Petrol 660 cc Automatic",,,15,3,suzuki-every-wagon-jp-2013-148092675,/used-cars/suzuki-every-wagon-2013-for-sale-in-rawalpindi-11780087
11780612,Mazda Carol 2011,Islamabad,"2011 110,000 km Petrol 660 cc Automatic",,,9,1,mazda-carol-xs-5-2011-148100321,/used-cars/mazda-carol-2011-for-sale-in-islamabad-11780612
11779942,Daihatsu Mira 2011,Islamabad,"2011 200,000 km Petrol 660 cc Automatic",,,13,4,daihatsu-mira-l-10-2011-148236154,/used-cars/daihatsu-mira-2011-for-sale-in-islamabad-11779942
11222377,Suzuki Wagon R 2010,Islamabad,"2010 179,950 km Petrol 660 cc Automatic",,,18,2,suzuki-wagon-r-stingray-limited-2010-139457263,/used-cars/suzuki-wagon-r-2010-for-sale-in-islamabad-11222377
11689376,Suzuki Wagon R 2014,Islamabad,"2014 110,000 km Petrol 660 cc Automatic",,,13,1,suzuki-wagon-r-fx-2-2014-148076649,/used-cars/suzuki-wagon-r-2014-for-sale-in-islamabad-11689376
11778463,Daihatsu Move 2014,Islamabad,"2014 142,000 km Petrol 660 cc Automatic",,,11,3,daihatsu-move-custom-g-2014-148066152,/used-cars/daihatsu-move-2014-for-sale-in-islamabad-11778463
11770268,Daihatsu Mira ES 2011,Islamabad,"2011 175,000 km Petrol 660 cc Automatic",,,16,2,daihatsu-mira-es-2011-147938496,/used-cars/daihatsu-mira-2011-for-sale-in-islamabad-11770268
11780004,Daihatsu Move 2013,Islamabad,"2013 98,000 km Petrol 660 cc Automatic",,,16,3,daihatsu-move-x-5-2013-148131164,/used-cars/daihatsu-move-2013-for-sale-in-islamabad-11780004
11780963,Suzuki Alto 2019,Islamabad,"2019 100,000 km Petrol 660 cc Manual",,,13,1,suzuki-alto-vxr-2-2019-148105047,/used-cars/suzuki-alto-2019-for-sale-in-islamabad-11780963
11777970,Suzuki Wagon R 2012,Islamabad,"2012 137,000 km Petrol 660 cc Automatic",,,9,1,suzuki-wagon-r-2012-148058659,/used-cars/suzuki-wagon-r-2012-for-sale-in-islamabad-11777970
11778735,Suzuki Wagon R 2012,Rawalpindi,"2012 110,000 km Petrol 660 cc Automatic",,,5,4,suzuki-wagon-r-fx-limited-2012-148071847,/used-cars/suzuki-wagon-r-2012-for-sale-in-rawalpindi-11778735
11780191,Suzuki Wagon R 2014,Rawalpindi,"2014 160,000 km Petrol 660 cc Automatic",,,8,2,suzuki-wagon-r-fa-2014-148094156,/used-cars/suzuki-wagon-r-2014-for-sale-in-rawalpindi-11780191
11777379,Mitsubishi Pajero Mini 2012,Islamabad,"2012 115,000 km Petrol 660 cc Automatic",,,13,1,mitsubishi-pajero-mini-limited-2012-148049177,/used-cars/mitsubishi-pajero-mini-2012-for-sale-in-islamabad-11777379
11777454,Suzuki Alto 2021,Islamabad,"2021 98,000 km Petrol 660 cc Manual",,,12,2,suzuki-alto-vxr-2-2021-148050348,/used-cars/suzuki-alto-2021-for-sale-in-islamabad-11777454
11681357,Daihatsu Move 2014,Islamabad,"2014 87,120 km Petrol 660 cc Automatic",,,20,1,daihatsu-move-x-limited-2014-146571435,/used-cars/daihatsu-move-2014-for-sale-in-islamabad-11681357
11686984,Nissan Dayz 2013,Rawalpindi,"2013 88,000 km Petrol 660 cc Automatic",,,9,2,nissan-dayz-highway-star-3-2013-146659203,/used-cars/nissan-dayz-2013-for-sale-in-rawalpindi-11686984
11543613,Nissan Dayz 2014,Islamabad,"2014 175,305 km Petrol 660 cc Automatic",M,6.7,13,1,nissan-dayz-x-40-2014-144502229,/used-cars/nissan-dayz-2014-for-sale-in-islamabad-11543613
11752686,Nissan Moco 2014,Islamabad,"2014 90,000 km Petrol 660 cc Automatic",,,8,2,nissan-moco-x-idling-stop-4-2014-147668964,/used-cars/nissan-moco-2014-for-sale-in-islamabad-11752686
11777093,Daihatsu Tanto 2014,Islamabad,"2014 136,000 km Petrol 660 cc Automatic",,,15,3,daihatsu-tanto-g-47-2014-148044281,/used-cars/daihatsu-tanto-2014-for-sale-in-islamabad-11777093
11779927,Suzuki Alto 2014,Rawalpindi,"2014 132,000 km Petrol 660 cc Automatic",,,12,4,suzuki-alto-eco-l-2014-148090011,/used-cars/suzuki-alto-2014-for-sale-in-rawalpindi-11779927
11615525,Suzuki Alto 2021,Islamabad,"2021 103,376 km Petrol 660 cc Automatic",,,15,2,suzuki-alto-vxl-2-2021-145583698,/used-cars/suzuki-alto-2021-for-sale-in-islamabad-11615525
11749106,Mitsubishi EK Wagon 2015,Islamabad,"2015 77,392 km Petrol 660 cc Automatic",M,8.2,14,4,mitsubishi-ek-wagon-g-3-2015-147613369,/used-cars/mitsubishi-ek-wagon-2015-for-sale-in-islamabad-11749106
11777079,Suzuki Wagon R 2014,Islamabad,"2014 150,000 km Petrol 660 cc Automatic",,,6,1,suzuki-wagon-r-fx-limited-2014-148044088,/used-cars/suzuki-wagon-r-2014-for-sale-in-islamabad-11777079
11776906,Suzuki Alto 2019,Rawalpindi,"2019 117,953 km Petrol 660 cc Automatic",,,9,3,suzuki-alto-vxl-2-2019-148040923,/used-cars/suzuki-alto-2019-for-sale-in-rawalpindi-11776906
11781088,Suzuki Alto 2022,Islamabad,"2022 77,000 km Petrol 660 cc Manual",,,4,2,suzuki-alto-vxr-2-2022-148106460,/used-cars/suzuki-alto-2022-for-sale-in-islamabad-11781088
11778869,Suzuki Alto 2020,Islamabad,"2020 77,008 km Petrol 660 cc Automatic",,,12,4,suzuki-alto-works-edition-2020-148073662,/used-cars/suzuki-alto-2020-for-sale-in-islamabad-11778869
11781108,Suzuki Alto 2022,Islamabad,"2022 77,500 km Petrol 660 cc Manual",,,4,4,suzuki-alto-vxr-2-2022-148107001,/used-cars/suzuki-alto-2022-for-sale-in-islamabad-11781108
11776959,Suzuki Alto 2024,Islamabad,"2024 21,800 km Petrol 660 cc Manual",,,4,4,suzuki-alto-vx-14-2024-148041787,/used-cars/suzuki-alto-2024-for-sale-in-islamabad-11776959
11593350,Suzuki Alto 2017,Rawalpindi,"2017 78,500 km Petrol 660 cc Automatic",,,6,2,suzuki-alto-f-2-2017-145934888,/used-cars/suzuki-alto-2017-for-sale-in-rawalpindi-11593350
11779730,Suzuki Alto 2022,Islamabad,"2022 89,000 km Petrol 660 cc Automatic",,,10,3,suzuki-alto-vxr-ags-2022-148087022,/used-cars/suzuki-alto-2022-for-sale-in-islamabad-11779730
11729695,Suzuki Alto 2022,Rawalpindi,"2022 65,000 km Petrol 660 cc Automatic",,,17,4,suzuki-alto-vxl-2-2022-147313150,/used-cars/suzuki-alto-2022-for-sale-in-rawalpindi-11729695
11633260,Mazda Scrum 2020,Islamabad,"2020 43,000 km Petrol 660 cc Automatic",,,18,1,mazda-scrum-pc-2-2020-145854385,/used-cars/mazda-scrum-van-2020-for-sale-in-islamabad-11633260
11778069,Daihatsu Mira 2016,Rawalpindi,"2016 75,000 km Petrol 660 cc Automatic",,,1,2,daihatsu-mira-x-8-2016-148060371,/used-cars/daihatsu-mira-2016-for-sale-in-rawalpindi-11778069
11522139,Suzuki Hustler 2015,Islamabad,"2015 150,000 km Petrol 660 cc Automatic",,,7,4,suzuki-hustler-x-turbo-2015-144186585,/used-cars/suzuki-hustler-2015-for-sale-in-islamabad-11522139
11779426,Suzuki Alto 2023,Islamabad,"2023 55,000 km Petrol 660 cc Manual",,,7,4,suzuki-alto-vxr-2-2023-148082290,/used-cars/suzuki-alto-2023-for-sale-in-islamabad-11779426
11780863,Suzuki Alto 2022,Islamabad,"2022 45,000 km Petrol 660 cc Manual",,,11,3,suzuki-alto-vxr-2-2022-148103327,/used-cars/suzuki-alto-2022-for-sale-in-islamabad-11780863
11778461,Suzuki Wagon R 2015,Islamabad,"2015 145,223 km Petrol 660 cc Automatic",,,14,4,suzuki-wagon-r-j-style-2015-148066496,/used-cars/suzuki-wagon-r-2015-for-sale-in-islamabad-11778461
11780240,Mitsubishi EK Wagon 2018,Islamabad,"2018 100,000 km Petrol 660 cc Automatic",,,13,3,mitsubishi-ek-wagon-g-3-2018-148094997,/used-cars/mitsubishi-ek-wagon-2018-for-sale-in-islamabad-11780240
11540469,Toyota Pixis 2018,Islamabad,"2018 57,776 km Petrol 660 cc Automatic",M,7.2,14,3,toyota-pixis-l-26-2018-144454893,/used-cars/toyota-pixis-epoch-2018-for-sale-in-islamabad-11540469
11778150,Suzuki Alto 2015,Islamabad,"2015 63,000 km Petrol 660 cc Automatic",,,12,4,suzuki-alto-2015-148060990,/used-cars/suzuki-alto-2015-for-sale-in-islamabad-11778150
11503691,Suzuki Alto 2023,Islamabad,"2023 56,000 km Petrol 660 cc Automatic",,,9,4,suzuki-alto-vxl-2-2023-143902552,/used-cars/suzuki-alto-2023-for-sale-in-islamabad-11503691
11642921,Suzuki Alto 2014,Islamabad,"2014 185,000 km Petrol 660 cc Automatic",,,14,3,suzuki-alto-eco-s-2014-145995286,/used-cars/suzuki-alto-2014-for-sale-in-islamabad-11642921
11773397,Daihatsu Hijet 2012,Islamabad,"2012 88,000 km Petrol 660 cc Automatic",,,4,1,daihatsu-hijet-van-cruise-2012-147988711,/used-cars/daihatsu-hijet-2012-for-sale-in-islamabad-11773397
11763811,Daihatsu Move 2015,Islamabad,"2015 130,000 km Petrol 660 cc Automatic",,,6,2,daihatsu-move-custom-rs-2015-147841447,/used-cars/daihatsu-move-2015-for-sale-in-islamabad-11763811
11775547,Suzuki Wagon R 2018,Islamabad,"2018 200,000 km Petrol 660 cc Automatic",,,13,3,suzuki-wagon-r-2018-148022519,/used-cars/suzuki-wagon-r-2018-for-sale-in-islamabad-11775547
11775143,Daihatsu Mira 2014,Islamabad,"2014 104,000 km Petrol 660 cc Automatic",,,11,3,daihatsu-mira-2014-148017452,/used-cars/daihatsu-mira-2014-for-sale-in-islamabad-11775143
11776192,Suzuki Alto 2011,Islamabad,"2011 157,000 km Petrol 660 cc Automatic",,,11,4,suzuki-alto-2011-148031702,/used-cars/suzuki-alto-2011-for-sale-in-islamabad-11776192
11651753,Suzuki Spacia 2014,Islamabad,"2014 118,798 km Petrol 660 cc Automatic",,,12,1,suzuki-spacia-2014-146125574,/used-cars/suzuki-spacia-2014-for-sale-in-islamabad-11651753
11772528,Suzuki Alto 2011,Rawalpindi,"2011 106,500 km Petrol 660 cc Automatic",,,10,1,suzuki-alto-f-2-2011-147974499,/used-cars/suzuki-alto-2011-for-sale-in-rawalpindi-11772528
11771341,Suzuki Alto 2011,Islamabad,"2011 106,700 km Petrol 660 cc Automatic",,,8,2,suzuki-alto-e-2011-148163864,/used-cars/suzuki-alto-2011-for-sale-in-islamabad-11771341
11773868,Daihatsu Mira 2012,Rawalpindi,"2012 200,000 km Petrol 660 cc Automatic",,,6,1,daihatsu-mira-g-smart-drive-package-2012-147995553,/used-cars/daihatsu-mira-2012-for-sale-in-rawalpindi-11773868
11754475,Daihatsu Mira 2012,Rawalpindi,2012 170 km Petrol 660 cc Automatic,,,10,1,daihatsu-mira-2012-147695776,/used-cars/daihatsu-mira-2012-for-sale-in-rawalpindi-11754475
11774671,Suzuki Alto 2011,Islamabad,"2011 96,000 km Petrol 660 cc Automatic",,,12,1,suzuki-alto-eco-s-2011-148008662,/used-cars/suzuki-alto-2011-for-sale-in-islamabad-11774671
11774863,Daihatsu Mira ES 2013,Islamabad,"2013 158,000 km Petrol 660 cc Automatic",,,6,4,daihatsu-mira-es-2013-148012224,/used-cars/daihatsu-mira-2013-for-sale-in-islamabad-11774863
11135183,Suzuki Spacia 2018,Rawalpindi,"2018 74,000 km Petrol 660 cc Automatic",,,6,1,suzuki-spacia-x-32-2018-138072631,/used-cars/suzuki-spacia-2018-for-sale-in-rawalpindi-11135183
11773021,Suzuki Alto 2022,Islamabad,"2022 48,000 km Petrol 660 cc Manual",,,3,1,suzuki-alto-vxr-2-2022-147982712,/used-cars/suzuki-alto-2022-for-sale-in-islamabad-11773021
11768395,Suzuki Alto 2019,Rawalpindi,"2019 53,000 km Petrol 660 cc Manual",,,6,3,suzuki-alto-vxr-2-2019-147911694,/used-cars/suzuki-alto-2019-for-sale-in-rawalpindi-11768395
11775295,Suzuki Wagon R 2016,Islamabad,"2016 108,000 km Petrol 660 cc Automatic",,,10,3,suzuki-wagon-r-fx-limited-2016-148019262,/used-cars/suzuki-wagon-r-2016-for-sale-in-islamabad-11775295
11774823,Suzuki Spacia 2014,Islamabad,"2014 146,594 km Petrol 660 cc Automatic",,,11,1,suzuki-spacia-x-32-2014-148010155,/used-cars/suzuki-spacia-2014-for-sale-in-islamabad-11774823
11775015,Suzuki Alto 2015,Islamabad,"2015 128,000 km Petrol 660 cc Automatic",,,7,4,suzuki-alto-2015-148014696,/used-cars/suzuki-alto-2015-for-sale-in-islamabad-11775015
11776556,Suzuki Alto 2022,Rawalpindi,"2022 77,000 km Petrol 660 cc Manual",,,6,4,suzuki-alto-vxr-2-2022-148036491,/used-cars/suzuki-alto-2022-for-sale-in-rawalpindi-11776556
11773336,Suzuki Wagon R 2015,Islamabad,"2015 43,000 km Petrol 660 cc Automatic",,,19,3,suzuki-wagon-r-fx-limited-2015-147987557,/used-cars/suzuki-wagon-r-2015-for-sale-in-islamabad-11773336
11728716,Suzuki Alto 2022,Rawalpindi,"2022 65,993 km Petrol 660 cc Manual",M,8.7,14,4,suzuki-alto-vx-14-2022-147297794,/used-cars/suzuki-alto-2022-for-sale-in-rawalpindi-11728716
11773940,Suzuki Alto 2014,Islamabad,"2014 180,000 km Petrol 660 cc Automatic",,,3,4,suzuki-alto-x-9-2014-147996866,/used-cars/suzuki-alto-2014-for-sale-in-islamabad-11773940
11739276,Suzuki Alto 2022,Islamabad,"2022 64,000 km Petrol 660 cc Manual",,,15,2,suzuki-alto-vxr-2-2022-147461336,/used-cars/suzuki-alto-2022-for-sale-in-islamabad-11739276
11775582,Daihatsu Tanto 2014,Islamabad,"2014 1,800 km Petrol 660 cc Automatic",,,8,3,daihatsu-tanto-custom-rs-4-2014-148023354,/used-cars/daihatsu-tanto-2014-for-sale-in-islamabad-11775582
11773888,Suzuki Every 2025,Islamabad,2025 63 km Petrol 660 cc Manual,,,10,2,suzuki-every-2025-147995311,/used-cars/suzuki-every-2025-for-sale-in-islamabad-11773888
11776642,Daihatsu Move 2015,Islamabad,"2015 70,000 km Petrol 660 cc Automatic",,,3,4,daihatsu-move-x-turbo-2-2015-148037554,/used-cars/daihatsu-move-2015-for-sale-in-islamabad-11776642
11646711,Suzuki Wagon R 2016,Rawalpindi,"2016 110,000 km Petrol 660 cc Automatic",,,12,3,suzuki-wagon-r-fx-2-2016-146051906,/used-cars/suzuki-wagon-r-2016-for-sale-in-rawalpindi-11646711
11770826,Suzuki Alto 2020,Islamabad,"2020 70,000 km Petrol 660 cc Automatic",,,9,2,suzuki-alto-vxl-2-2020-147950493,/used-cars/suzuki-alto-2020-for-sale-in-islamabad-11770826
11776220,Suzuki Alto 2021,Islamabad,"2021 74,458 km Petrol 660 cc Automatic",,,9,4,suzuki-alto-vxl-2-2021-148158187,/used-cars/suzuki-alto-2021-for-sale-in-islamabad-11776220
11776469,Daihatsu Mira ES 2016,Rawalpindi,"2016 80,000 km Petrol 660 cc Automatic",,,3,4,daihatsu-mira-es-2016-148036381,/used-cars/daihatsu-mira-2016-for-sale-in-rawalpindi-11776469
11649706,Suzuki Every 2026,Rawalpindi,"2026 7,000 km Petrol 660 cc Manual",,,9,2,suzuki-every-vxr-2-2026-146096762,/used-cars/suzuki-every-2026-for-sale-in-rawalpindi-11649706
11772329,Suzuki Alto 2022,Rawalpindi,"2022 74,000 km Petrol 660 cc Automatic",,,9,1,suzuki-alto-vxl-2-2022-147971204,/used-cars/suzuki-alto-2022-for-sale-in-rawalpindi-11772329
11773556,Suzuki Alto 2021,Islamabad,"2021 36,000 km Petrol 660 cc Automatic",,,6,4,suzuki-alto-vxl-2-2021-147991143,/used-cars/suzuki-alto-2021-for-sale-in-islamabad-11773556
11776073,Suzuki Alto 2023,Islamabad,"2023 23,000 km Petrol 660 cc Automatic",,,13,4,suzuki-alto-vxl-2-2023-148029964,/used-cars/suzuki-alto-2023-for-sale-in-islamabad-11776073
11774913,Suzuki Alto 2022,Islamabad,"2022 30,300 km Petrol 660 cc Automatic",,,11,4,suzuki-alto-vxr-ags-2022-148012869,/used-cars/suzuki-alto-2022-for-sale-in-islamabad-11774913
11772964,Daihatsu Mira 2018,Islamabad,"2018 100,000 km Petrol 660 cc Automatic",,,13,2,daihatsu-mira-l-sa-iii-2018-147981818,/used-cars/daihatsu-mira-2018-for-sale-in-islamabad-11772964
11771327,Suzuki Alto 2026,Rawalpindi,"2026 23,000 km Petrol 660 cc Automatic",,,1,2,suzuki-alto-vxl-ags-upgraded-2026-147957732,/used-cars/suzuki-alto-2026-for-sale-in-rawalpindi-11771327
11770074,Suzuki Alto 2011,Islamabad,"2011 98,000 km Petrol 660 cc Automatic",,,4,1,suzuki-alto-2011-147939426,/used-cars/suzuki-alto-2011-for-sale-in-islamabad-11770074
11769234,Suzuki MR Wagon 2015,Islamabad,"2015 90,000 km Petrol 660 cc Automatic",,,9,3,suzuki-mr-wagon-2015-147924684,/used-cars/suzuki-mr-wagon-2015-for-sale-in-islamabad-11769234
11768917,Suzuki Wagon R 2012,Islamabad,"2012 170,000 km Petrol 660 cc Automatic",,,12,3,suzuki-wagon-r-ft-limited-2012-147920865,/used-cars/suzuki-wagon-r-2012-for-sale-in-islamabad-11768917
11770662,Daihatsu Move 2011,Islamabad,"2011 118,000 km Petrol 660 cc Automatic",,,16,1,daihatsu-move-2011-147948608,/used-cars/daihatsu-move-2011-for-sale-in-islamabad-11770662
11619376,Honda N One 2013,Islamabad,"2013 166,048 km Petrol 660 cc Automatic",M,5,13,3,honda-none-g-2013-145642951,/used-cars/honda-n-one-2013-for-sale-in-islamabad-11619376
11579760,Suzuki Hustler 2017,Islamabad,"2017 126,000 km Petrol 660 cc Automatic",,,15,4,suzuki-hustler-x-41-2017-145040830,/used-cars/suzuki-hustler-2017-for-sale-in-islamabad-11579760
11689889,Nissan Dayz 2013,Islamabad,"2013 103,000 km Petrol 660 cc Automatic",,,9,1,nissan-dayz-s-29-2013-146703554,/used-cars/nissan-dayz-2013-for-sale-in-islamabad-11689889
11771029,Daihatsu Move 2013,Islamabad,"2013 111,684 km Petrol 660 cc Automatic",,,16,1,daihatsu-move-l-22-2013-147952797,/used-cars/daihatsu-move-2013-for-sale-in-islamabad-11771029
11769982,Daihatsu Move 2013,Islamabad,"2013 126,973 km Petrol 660 cc Automatic",,,6,3,daihatsu-move-l-22-2013-147937059,/used-cars/daihatsu-move-2013-for-sale-in-islamabad-11769982
11768955,Mazda Flair 2014,Rawalpindi,"2014 155,000 km Petrol 660 cc Automatic",,,17,4,mazda-flair-2014-147921017,/used-cars/mazda-flair-2014-for-sale-in-rawalpindi-11768955
11771856,Suzuki Alto 2022,Islamabad,"2022 86,000 km Petrol 660 cc Manual",,,9,3,suzuki-alto-vxr-2-2022-147964696,/used-cars/suzuki-alto-2022-for-sale-in-islamabad-11771856
11771004,Suzuki Alto 2016,Islamabad,"2016 92,000 km Petrol 660 cc Automatic",,,6,1,suzuki-alto-l-27-2016-147953424,/used-cars/suzuki-alto-2016-for-sale-in-islamabad-11771004
11770512,Suzuki Alto 2016,Islamabad,"2016 63,000 km Petrol 660 cc Manual",,,20,2,suzuki-alto-l-27-2016-147945973,/used-cars/suzuki-alto-2016-for-sale-in-islamabad-11770512
11768205,Suzuki Alto 2014,Rawalpindi,"2014 200,000 km Petrol 660 cc Automatic",,,13,3,suzuki-alto-g-4-2014-147908859,/used-cars/suzuki-alto-2014-for-sale-in-rawalpindi-11768205
11768243,Suzuki Every 2013,Islamabad,"2013 100,000 km Petrol 660 cc Automatic",,,2,1,suzuki-every-ga-2013-147909310,/used-cars/suzuki-every-wagon-2013-for-sale-in-islamabad-11768243
11768158,Suzuki Alto 2014,Islamabad,"2014 130,000 km Petrol 660 cc Automatic",,,1,2,suzuki-alto-x-9-2014-147907977,/used-cars/suzuki-alto-2014-for-sale-in-islamabad-11768158
11769695,Suzuki Alto 2022,Islamabad,"2022 73,000 km Petrol 660 cc Manual",,,7,4,suzuki-alto-vxr-2-2022-147933207,/used-cars/suzuki-alto-2022-for-sale-in-islamabad-11769695
11769819,Suzuki Alto 2020,Islamabad,"2020 100,000 km Petrol 660 cc Automatic",,,4,4,suzuki-alto-vxl-2-2020-147935091,/used-cars/suzuki-alto-2020-for-sale-in-islamabad-11769819
11770101,Suzuki Alto 2022,Islamabad,"2022 100,000 km Petrol 660 cc Manual",,,10,4,suzuki-alto-vxr-2-2022-147939599,/used-cars/suzuki-alto-2022-for-sale-in-islamabad-11770101
11678834,Suzuki Wagon R 2015,Rawalpindi,"2015 101,500 km Petrol 660 cc Automatic",,,6,3,suzuki-wagon-r-fa-2015-147915538,/used-cars/suzuki-wagon-r-2015-for-sale-in-rawalpindi-11678834
11771275,Daihatsu Mira 2015,Islamabad,"2015 166,000 km Petrol 660 cc Automatic",,,9,1,daihatsu-mira-g-smart-drive-package-2015-147957185,/used-cars/daihatsu-mira-2015-for-sale-in-islamabad-11771275
11768750,Nissan Roox 2019,Islamabad,"2019 200,000 km Petrol 660 cc Automatic",,,16,4,nissan-roox-2019-147917900,/used-cars/nissan-roox-2019-for-sale-in-islamabad-11768750
11771938,Honda N Box 2014,Islamabad,"2014 105,000 km Petrol 660 cc Automatic",,,5,2,honda-n-box-custom-2014-147965559,/used-cars/honda-n-box-2014-for-sale-in-islamabad-11771938
11769950,Suzuki Alto 2023,Islamabad,"2023 62,500 km Petrol 660 cc Manual",,,7,1,suzuki-alto-vxr-2-2023-147937172,/used-cars/suzuki-alto-2023-for-sale-in-islamabad-11769950
11712439,Suzuki Alto 2020,Islamabad,"2020 77,000 km Petrol 660 cc Automatic",,,6,2,suzuki-alto-vxl-2-2020-147966949,/used-cars/suzuki-alto-2020-for-sale-in-islamabad-11712439
11353388,Suzuki Every 2025,Islamabad,"2025 2,500 km Petrol 660 cc Manual",,,17,2,suzuki-every-vxr-2-2025-141574293,/used-cars/suzuki-every-2025-for-sale-in-islamabad-11353388
11768708,Suzuki Alto 2024,Islamabad,"2024 80,000 km Petrol 660 cc Manual",,,10,2,suzuki-alto-vxr-2-2024-147917597,/used-cars/suzuki-alto-2024-for-sale-in-islamabad-11768708
11771663,Suzuki Alto 2023,Islamabad,"2023 70,733 km Petrol 660 cc Automatic",,,19,4,suzuki-alto-vxl-2-2023-147961893,/used-cars/suzuki-alto-2023-for-sale-in-islamabad-11771663
11764537,Daihatsu Hijet 2010,Islamabad,"2010 224,000 km Petrol 660 cc Automatic",,,15,3,daihatsu-hijet-van-cruise-2010-147854181,/used-cars/daihatsu-hijet-2010-for-sale-in-islamabad-11764537
11763827,Daihatsu Hijet 2012,Islamabad,"2012 250,000 km Petrol 660 cc Automatic",,,7,3,daihatsu-hijet-van-deluxe-2012-147843526,/used-cars/daihatsu-hijet-2012-for-sale-in-islamabad-11763827
11764252,Suzuki Wagon R 2012,Rawalpindi,"2012 110,000 km Petrol 660 cc Automatic",,,8,2,suzuki-wagon-r-fx-idling-stop-2012-147849748,/used-cars/suzuki-wagon-r-2012-for-sale-in-rawalpindi-11764252
11765202,Suzuki Wagon R 2014,Islamabad,"2014 175,000 km Petrol 660 cc Automatic",,,14,2,suzuki-wagon-r-2014-147864634,/used-cars/suzuki-wagon-r-2014-for-sale-in-islamabad-11765202
11592205,Daihatsu Mira ES 2012,Islamabad,"2012 150,000 km Petrol 660 cc Automatic",,,15,3,daihatsu-mira-es-2012-145226699,/used-cars/daihatsu-mira-2012-for-sale-in-islamabad-11592205
11688034,Daihatsu Move 2014,Rawalpindi,"2014 91,670 km Petrol 660 cc Automatic",,,16,1,daihatsu-move-custom-x-limited-2014-146674258,/used-cars/daihatsu-move-2014-for-sale-in-rawalpindi-11688034
11726620,Daihatsu Move Conte 2014,Islamabad,"2014 130,000 km Petrol 660 cc Automatic",,,12,3,daihatsu-move-conte-2014-147266243,/used-cars/daihatsu-move-conte-2014-for-sale-in-islamabad-11726620
11767714,Suzuki Alto 2013,Islamabad,"2013 142,000 km Petrol 660 cc Automatic",,,10,4,suzuki-alto-eco-s-2013-147901519,/used-cars/suzuki-alto-2013-for-sale-in-islamabad-11767714
11484548,Mazda Flair 2014,Islamabad,"2014 100,000 km Petrol 660 cc Automatic",,,13,1,mazda-flair-xg-4-2014-147884231,/used-cars/mazda-flair-2014-for-sale-in-islamabad-11484548
11764848,Daihatsu Mira 2013,Islamabad,"2013 162,650 km Petrol 660 cc Automatic",,,20,2,daihatsu-mira-g-smart-drive-package-2013-147859084,/used-cars/daihatsu-mira-2013-for-sale-in-islamabad-11764848
11582897,Suzuki Alto 2011,Islamabad,"2011 95,000 km Petrol 660 cc Automatic",,,13,4,suzuki-alto-eco-s-2011-147130914,/used-cars/suzuki-alto-2011-for-sale-in-islamabad-11582897
11765286,Suzuki Wagon R 2014,Islamabad,"2014 200,000 km Petrol 660 cc Automatic",,,8,3,suzuki-wagon-r-2014-147866164,/used-cars/suzuki-wagon-r-2014-for-sale-in-islamabad-11765286
11586263,Daihatsu Mira ES 2013,Rawalpindi,"2013 120,000 km Petrol 660 cc Automatic",,,19,1,daihatsu-mira-es-2013-145141197,/used-cars/daihatsu-mira-2013-for-sale-in-rawalpindi-11586263
11640142,Suzuki Alto 2014,Islamabad,"2014 157,000 km Petrol 660 cc Automatic",,,11,3,suzuki-alto-eco-s-2014-146329834,/used-cars/suzuki-alto-2014-for-sale-in-islamabad-11640142
11766124,Suzuki Alto 2012,Rawalpindi,"2012 127,000 km Petrol 660 cc Automatic",,,11,1,suzuki-alto-eco-s-2012-147877998,/used-cars/suzuki-alto-2012-for-sale-in-rawalpindi-11766124
11764345,Daihatsu Mira ES 2012,Islamabad,"2012 112,000 km Petrol 660 cc Automatic",,,16,3,daihatsu-mira-es-2012-147851316,/used-cars/daihatsu-mira-2012-for-sale-in-islamabad-11764345
11224189,Daihatsu Tanto 2013,Islamabad,"2013 82,000 km Petrol 660 cc Automatic",,,23,4,daihatsu-tanto-l-sa-2013-142141502,/used-cars/daihatsu-tanto-2013-for-sale-in-islamabad-11224189
11763868,Suzuki Alto 2013,Islamabad,"2013 110,000 km Petrol 660 cc Automatic",,,9,4,suzuki-alto-e-2013-147842392,/used-cars/suzuki-alto-2013-for-sale-in-islamabad-11763868
11765996,Suzuki Alto 2021,Rawalpindi,"2021 75,000 km Petrol 660 cc Manual",,,5,1,suzuki-alto-vxr-2-2021-147876355,/used-cars/suzuki-alto-2021-for-sale-in-rawalpindi-11765996
11753371,Mitsubishi EK Wagon 2014,Islamabad,"2014 139,000 km Petrol 660 cc Automatic",,,14,2,mitsubishi-ek-wagon-2014-147679818,/used-cars/mitsubishi-ek-wagon-2014-for-sale-in-islamabad-11753371
11764240,Suzuki Alto 2021,Islamabad,"2021 74,000 km Petrol 660 cc Manual",,,17,3,suzuki-alto-vxr-2-2021-147849688,/used-cars/suzuki-alto-2021-for-sale-in-islamabad-11764240
11766002,Suzuki Alto 2022,Islamabad,"2022 141,000 km Petrol 660 cc Manual",,,6,4,suzuki-alto-vxr-2-2022-147876660,/used-cars/suzuki-alto-2022-for-sale-in-islamabad-11766002
11764624,Suzuki Every 2019,Islamabad,"2019 124,804 km Petrol 660 cc Automatic",,,4,1,suzuki-every-join-2-2024-147855329,/used-cars/suzuki-every-2019-for-sale-in-islamabad-11764624
11765999,Suzuki Alto 2022,Islamabad,"2022 87,000 km Petrol 660 cc Automatic",,,15,3,suzuki-alto-vxl-2-2022-147875824,/used-cars/suzuki-alto-2022-for-sale-in-islamabad-11765999
11764665,Suzuki Alto 2022,Rawalpindi,"2022 73,000 km Petrol 660 cc Automatic",,,8,3,suzuki-alto-vxl-2-2022-147855500,/used-cars/suzuki-alto-2022-for-sale-in-rawalpindi-11764665
11607937,Suzuki Alto 2022,Rawalpindi,"2022 54,000 km Petrol 660 cc Automatic",,,14,4,suzuki-alto-vxr-ags-2022-147996617,/used-cars/suzuki-alto-2022-for-sale-in-rawalpindi-11607937
11764654,Suzuki Alto 2023,Rawalpindi,"2023 39,000 km Petrol 660 cc Automatic",,,6,2,suzuki-alto-vxl-2-2023-147855430,/used-cars/suzuki-alto-2023-for-sale-in-rawalpindi-11764654
11636857,Nissan Clipper 2013,Rawalpindi,"2013 150,300 km Petrol 660 cc Automatic",,,14,1,nissan-clipper-e-7-2013-146833864,/used-cars/nissan-clipper-2013-for-sale-in-rawalpindi-11636857
11760580,Daihatsu Esse 2010,Islamabad,"2010 85,000 km Petrol 660 cc Automatic",,,16,2,daihatsu-esse-x-special-5-2010-147790318,/used-cars/daihatsu-esse-2010-for-sale-in-islamabad-11760580
11759518,Suzuki Wagon R 2011,Islamabad,"2011 115,000 km Petrol 660 cc Automatic",,,13,4,suzuki-wagon-r-limited-7-2011-147773036,/used-cars/suzuki-wagon-r-2011-for-sale-in-islamabad-11759518
11763282,Daihatsu Mira 2012,Islamabad,"2012 118,520 km Petrol 660 cc Automatic",,,12,1,daihatsu-mira-x-limited-er-2012-147963382,/used-cars/daihatsu-mira-2012-for-sale-in-islamabad-11763282
11762350,Suzuki Alto 2013,Islamabad,"2013 87,000 km Petrol 660 cc Automatic",,,14,3,suzuki-alto-eco-s-2013-147820182,/used-cars/suzuki-alto-2013-for-sale-in-islamabad-11762350
11762168,Suzuki Alto 2012,Islamabad,"2012 254,000 km Petrol 660 cc Automatic",,,9,1,suzuki-alto-g-4-2012-147817077,/used-cars/suzuki-alto-2012-for-sale-in-islamabad-11762168
11535581,Suzuki Alto 2014,Rawalpindi,"2014 63,500 km Petrol 660 cc Automatic",,,16,4,suzuki-alto-eco-s-2014-144384902,/used-cars/suzuki-alto-2014-for-sale-in-rawalpindi-11535581
11616210,Suzuki Alto 2014,Islamabad,"2014 95,000 km Petrol 660 cc Automatic",,,10,3,suzuki-alto-eco-s-2014-145593455,/used-cars/suzuki-alto-2014-for-sale-in-islamabad-11616210
11760262,Daihatsu Tanto 2015,Rawalpindi,"2015 124,000 km Petrol 660 cc Automatic",,,19,2,daihatsu-tanto-custom-x-sa-2015-147783723,/used-cars/daihatsu-tanto-2015-for-sale-in-rawalpindi-11760262
11762954,Suzuki Alto 2019,Rawalpindi,"2019 69,275 km Petrol 660 cc Automatic",,,10,4,suzuki-alto-vxl-2-2019-147828968,/used-cars/suzuki-alto-2019-for-sale-in-rawalpindi-11762954
11760273,Suzuki Wagon R 2014,Rawalpindi,"2014 115,000 km Petrol 660 cc Automatic",,,12,3,suzuki-wagon-r-fx-2-2014-147784845,/used-cars/suzuki-wagon-r-2014-for-sale-in-rawalpindi-11760273
11763279,Mitsubishi EK Custom 2013,Rawalpindi,"2013 100,000 km Petrol 660 cc Automatic",,,7,4,mitsubishi-ek-custom-2013-147833450,/used-cars/mitsubishi-ek-custom-2013-for-sale-in-rawalpindi-11763279
11761020,Nissan Dayz 2015,Rawalpindi,"2015 117,000 km Petrol 660 cc Automatic",,,14,1,nissan-dayz-2015-147797922,/used-cars/nissan-dayz-2015-for-sale-in-rawalpindi-11761020
11763401,Suzuki Alto 2022,Rawalpindi,"2022 70,000 km Petrol 660 cc Manual",,,1,3,suzuki-alto-vxr-2-2022-147835025,/used-cars/suzuki-alto-2022-for-sale-in-rawalpindi-11763401
11761542,Mazda Flair 2014,Islamabad,"2014 159,306 km Petrol 660 cc Automatic",,,9,4,mazda-flair-xg-4-2014-147806823,/used-cars/mazda-flair-2014-for-sale-in-islamabad-11761542
11760964,Suzuki Wagon R 2014,Islamabad,"2014 163,000 km Petrol 660 cc Automatic",,,9,2,suzuki-wagon-r-x-14-2014-147796771,/used-cars/suzuki-wagon-r-2014-for-sale-in-islamabad-11760964
11762632,Daihatsu Mira ES 2013,Islamabad,"2013 150,000 km Petrol 660 cc Automatic",,,7,4,daihatsu-mira-es-2013-147824465,/used-cars/daihatsu-mira-2013-for-sale-in-islamabad-11762632
11763568,Suzuki Alto 2021,Rawalpindi,"2021 40,000 km Petrol 660 cc Manual",,,19,4,suzuki-alto-vxr-2-2021-147837382,/used-cars/suzuki-alto-2021-for-sale-in-rawalpindi-11763568
11761942,Suzuki Alto 2021,Islamabad,"2021 90,000 km Petrol 660 cc Automatic",,,13,2,suzuki-alto-l-27-2021-147812566,/used-cars/suzuki-alto-2021-for-sale-in-islamabad-11761942
11760063,Suzuki Alto 2022,Islamabad,"2022 70,000 km Petrol 660 cc Manual",,,4,2,suzuki-alto-vxr-2-2022-147781727,/used-cars/suzuki-alto-2022-for-sale-in-islamabad-11760063
11763064,Suzuki Alto 2021,Islamabad,"2021 54,000 km Petrol 660 cc Automatic",,,11,1,suzuki-alto-l-upgrade-2021-147830308,/used-cars/suzuki-alto-2021-for-sale-in-islamabad-11763064
11719382,Nissan Clipper 2020,Islamabad,"2020 88,500 km Petrol 660 cc Automatic",,,13,4,nissan-clipper-dx-8-2020-147156022,/used-cars/nissan-clipper-2020-for-sale-in-islamabad-11719382
11760050,Suzuki Alto 2024,Islamabad,"2024 27,000 km Petrol 660 cc Manual",,,10,3,suzuki-alto-vxr-2-2024-147781620,/used-cars/suzuki-alto-2024-for-sale-in-islamabad-11760050
11762206,Suzuki Every 2026,Islamabad,2026 100 km Petrol 660 cc Manual,,,1,2,suzuki-every-vxr-2-2026-147817638,/used-cars/suzuki-every-2026-for-sale-in-islamabad-11762206
11760763,Daihatsu Cast 2016,Rawalpindi,"2016 93,000 km Petrol 660 cc Automatic",,,5,1,daihatsu-cast-style-g-turbo-2016-147793452,/used-cars/daihatsu-cast-2016-for-sale-in-rawalpindi-11760763
11755520,Suzuki Every 2012,Islamabad,"2012 165,000 km Petrol 660 cc Automatic",,,11,4,suzuki-every-join-2-2017-147710817,/used-cars/suzuki-every-2012-for-sale-in-islamabad-11755520
11756282,Suzuki Alto 2011,Rawalpindi,"2011 294,000 km Petrol 660 cc Automatic",,,6,1,suzuki-alto-e-manual-2011-147722113,/used-cars/suzuki-alto-2011-for-sale-in-rawalpindi-11756282
11757470,Mitsubishi EK Wagon 2011,Rawalpindi,"2011 158,000 km Petrol 660 cc Automatic",,,10,4,mitsubishi-ek-wagon-g-3-2011-147742275,/used-cars/mitsubishi-ek-wagon-2011-for-sale-in-rawalpindi-11757470
11755584,Suzuki Alto 2019,Rawalpindi,"2019 89,000 km Petrol 660 cc Automatic",,,6,4,suzuki-alto-vxl-2-2019-147711932,/used-cars/suzuki-alto-2019-for-sale-in-rawalpindi-11755584
11757476,Suzuki Every 2014,Islamabad,"2014 210,000 km Petrol 660 cc Automatic",,,15,4,suzuki-every-wagon-jp-2014-147742895,/used-cars/suzuki-every-wagon-2014-for-sale-in-islamabad-11757476
11757540,Daihatsu Mira ES 2015,Islamabad,"2015 136,000 km Petrol 660 cc Automatic",,,6,4,daihatsu-mira-es-2015-147744055,/used-cars/daihatsu-mira-2015-for-sale-in-islamabad-11757540
11756491,Suzuki Wagon R 2011,Islamabad,"2011 150,000 km Petrol 660 cc Automatic",,,7,3,suzuki-wagon-r-limited-7-2011-147726807,/used-cars/suzuki-wagon-r-2011-for-sale-in-islamabad-11756491
11756603,Suzuki Alto 2010,Rawalpindi,"2010 112,164 km Petrol 660 cc Automatic",,,25,3,suzuki-alto-eco-s-2010-147729095,/used-cars/mazda-carol-2010-for-sale-in-rawalpindi-11756603
11758173,Mitsubishi EK Wagon 2014,Islamabad,"2014 138,000 km Petrol 660 cc Automatic",,,11,2,mitsubishi-ek-wagon-g-3-2014-147753692,/used-cars/mitsubishi-ek-wagon-2014-for-sale-in-islamabad-11758173
11758321,Suzuki Wagon R 2014,Islamabad,"2014 94,000 km Petrol 660 cc Automatic",,,9,2,suzuki-wagon-r-fx-limited-2014-147756135,/used-cars/suzuki-wagon-r-2014-for-sale-in-islamabad-11758321
11501483,Suzuki Alto 2019,Rawalpindi,"2019 70,500 km Petrol 660 cc Automatic",,,5,3,suzuki-alto-vxl-2-2019-143870383,/used-cars/suzuki-alto-2019-for-sale-in-rawalpindi-11501483
11757861,Suzuki Wagon R 2014,Islamabad,"2014 15,000 km Petrol 660 cc Automatic",,,18,4,suzuki-wagon-r-fx-2-2014-147750017,/used-cars/suzuki-wagon-r-2014-for-sale-in-islamabad-11757861
11757163,Honda N Wgn 2014,Islamabad,"2014 140,000 km Petrol 660 cc Automatic",,,4,1,honda-n-wgn-custom-g-3-2014-147737341,/used-cars/honda-n-wgn-2014-for-sale-in-islamabad-11757163
11756928,Suzuki Alto 2019,Islamabad,"2019 81,000 km Petrol 660 cc Automatic",,,9,3,suzuki-alto-vxl-2-2019-147734298,/used-cars/suzuki-alto-2019-for-sale-in-islamabad-11756928
11755823,Suzuki Alto 2021,Rawalpindi,"2021 31,000 km Petrol 660 cc Automatic",,,20,3,suzuki-alto-vxl-2-2021-147715775,/used-cars/suzuki-alto-2021-for-sale-in-rawalpindi-11755823
11756795,Suzuki Alto 2024,Rawalpindi,2024 1 km Petrol 660 cc Automatic,,,11,2,suzuki-alto-vxr-ags-2024-147732133,/used-cars/suzuki-alto-2024-for-sale-in-rawalpindi-11756795
11755591,Suzuki Alto 2025,Islamabad,"2025 18,000 km Petrol 660 cc Manual",,,8,1,suzuki-alto-vxr-upgraded-2025-147711909,/used-cars/suzuki-alto-2025-for-sale-in-islamabad-11755591
11700505,Nissan Moco 2012,Islamabad,"2012 140,000 km Petrol 660 cc Automatic",,,20,3,nissan-moco-x-idling-stop-4-2012-146863214,/used-cars/nissan-moco-2012-for-sale-in-islamabad-11700505
11752023,Suzuki Alto 2012,Islamabad,"2012 199,157 km Petrol 660 cc Automatic",,,14,2,suzuki-alto-eco-s-2012-147658453,/used-cars/suzuki-alto-2012-for-sale-in-islamabad-11752023
11754473,Daihatsu Move 2014,Rawalpindi,"2014 110,000 km Petrol 660 cc Automatic",,,13,1,daihatsu-move-rs-8-2014-147695755,/used-cars/daihatsu-move-2014-for-sale-in-rawalpindi-11754473
11753469,Suzuki Alto 2012,Rawalpindi,"2012 220,000 km Petrol 660 cc Automatic",,,11,1,suzuki-alto-eco-l-2012-147680609,/used-cars/suzuki-alto-2012-for-sale-in-rawalpindi-11753469
11752691,Suzuki Alto 2012,Islamabad,"2012 127,000 km Petrol 660 cc Automatic",,,11,3,suzuki-alto-vp-2012-147669209,/used-cars/suzuki-alto-2012-for-sale-in-islamabad-11752691
11752215,Daihatsu Move Conte 2014,Islamabad,"2014 100,000 km Petrol 660 cc Automatic",,,8,3,daihatsu-move-conte-custom-rs-2-2014-147661092,/used-cars/daihatsu-move-conte-2014-for-sale-in-islamabad-11752215
11753573,Suzuki Alto 2015,Rawalpindi,"2015 128,000 km Petrol 660 cc Automatic",,,12,1,suzuki-alto-x-9-2015-147682887,/used-cars/suzuki-alto-2015-for-sale-in-rawalpindi-11753573
11754234,Suzuki Alto 2015,Rawalpindi,"2015 100,000 km Petrol 660 cc Automatic",,,1,2,suzuki-alto-f-2-2015-147692486,/used-cars/suzuki-alto-2015-for-sale-in-rawalpindi-11754234
11752929,Daihatsu Move 2014,Islamabad,"2014 160,000 km Petrol 660 cc Automatic",,,9,3,daihatsu-move-l-sa-3-2014-147673108,/used-cars/daihatsu-move-2014-for-sale-in-islamabad-11752929
11754213,Suzuki Alto 2013,Islamabad,"2013 125,000 km Petrol 660 cc Automatic",,,9,3,suzuki-alto-eco-l-2013-147691873,/used-cars/suzuki-alto-2013-for-sale-in-islamabad-11754213
11751893,Suzuki Wagon R 2012,Islamabad,"2012 140,000 km Petrol 660 cc Automatic",,,20,3,suzuki-wagon-r-fx-limited-2012-147708102,/used-cars/suzuki-wagon-r-2012-for-sale-in-islamabad-11751893
11754219,Daihatsu Mira ES 2012,Islamabad,"2012 248,000 km Petrol 660 cc Automatic",,,8,3,daihatsu-mira-es-2012-147692334,/used-cars/daihatsu-mira-2012-for-sale-in-islamabad-11754219
11705250,Suzuki Alto 2015,Islamabad,"2015 125,000 km Petrol 660 cc Automatic",,,15,4,suzuki-alto-x-9-2015-146936156,/used-cars/suzuki-alto-2015-for-sale-in-islamabad-11705250
11753068,Suzuki Alto 2021,Rawalpindi,"2021 69,000 km Petrol 660 cc Manual",,,10,3,suzuki-alto-vxr-2-2021-147674897,/used-cars/suzuki-alto-2021-for-sale-in-rawalpindi-11753068
11618054,Suzuki Alto 2021,Rawalpindi,"2021 70,000 km Petrol 660 cc Automatic",,,12,4,suzuki-alto-vxl-2-2021-145621568,/used-cars/suzuki-alto-2021-for-sale-in-rawalpindi-11618054
11755160,Suzuki Alto 2025,Rawalpindi,"2025 29,000 km Petrol 660 cc Manual",,,6,1,suzuki-alto-vx-14-2025-147705593,/used-cars/suzuki-alto-2025-for-sale-in-rawalpindi-11755160
11753413,Suzuki Alto 2024,Islamabad,"2024 45,000 km Petrol 660 cc Manual",,,8,4,suzuki-alto-vxr-2-2024-147680184,/used-cars/suzuki-alto-2024-for-sale-in-islamabad-11753413
11753221,Suzuki Alto 2024,Rawalpindi,"2024 35,000 km Petrol 660 cc Automatic",,,6,1,suzuki-alto-vxr-2-2024-147677445,/used-cars/suzuki-alto-2024-for-sale-in-rawalpindi-11753221
11753838,Suzuki Alto 2025,Rawalpindi,"2025 33,000 km Petrol 660 cc Manual",,,4,2,suzuki-alto-vxr-2-2025-147686769,/used-cars/suzuki-alto-2025-for-sale-in-rawalpindi-11753838
11747969,Toyota Pixis 2015,Islamabad,"2015 80,000 km Petrol 660 cc Automatic",,,11,3,toyota-pixis-mega-2015-147594424,/used-cars/toyota-pixis-mega-2015-for-sale-in-islamabad-11747969
11748323,Suzuki Alto 2014,Rawalpindi,"2014 170,000 km Petrol 660 cc Automatic",,,10,4,suzuki-alto-eco-s-2014-147600384,/used-cars/suzuki-alto-2014-for-sale-in-rawalpindi-11748323
11615117,Suzuki Alto 2014,Islamabad,"2014 118,000 km Petrol 660 cc Automatic",,,7,1,suzuki-alto-eco-l-2014-145576359,/used-cars/suzuki-alto-2014-for-sale-in-islamabad-11615117
11586426,Suzuki Alto 2022,Rawalpindi,2022 225 km Petrol 660 cc Manual,,,7,1,suzuki-alto-vx-14-2022-147599203,/used-cars/suzuki-alto-2022-for-sale-in-rawalpindi-11586426
11749588,Daihatsu Mira ES 2015,Islamabad,"2015 100,000 km Petrol 660 cc Automatic",,,2,1,daihatsu-mira-es-2015-147621241,/used-cars/daihatsu-mira-2015-for-sale-in-islamabad-11749588
11749556,Suzuki Alto 2021,Islamabad,"2021 49,000 km Petrol 660 cc Manual",,,11,3,suzuki-alto-vx-14-2021-147620847,/used-cars/suzuki-alto-2021-for-sale-in-islamabad-11749556
11748896,Daihatsu Mira 2013,Islamabad,"2013 129,000 km Petrol 660 cc Automatic",,,11,2,daihatsu-mira-2013-147610213,/used-cars/daihatsu-mira-2013-for-sale-in-islamabad-11748896
11748588,Suzuki Wagon R 2014,Islamabad,"2014 100,000 km Petrol 660 cc Automatic",,,5,1,suzuki-wagon-r-x-14-2014-147604971,/used-cars/suzuki-wagon-r-2014-for-sale-in-islamabad-11748588
11749207,Mazda Carol 2014,Islamabad,"2014 160,000 km Petrol 660 cc Automatic",,,13,4,mazda-carol-2014-147614915,/used-cars/mazda-carol-2014-for-sale-in-islamabad-11749207
11749083,Suzuki Alto 2021,Islamabad,"2021 54,000 km Petrol 660 cc Manual",,,15,3,suzuki-alto-vxr-2-2021-147612750,/used-cars/suzuki-alto-2021-for-sale-in-islamabad-11749083
11747606,Suzuki Alto 2019,Islamabad,"2019 78,000 km Petrol 660 cc Automatic",,,7,4,suzuki-alto-vxl-2-2019-147588558,/used-cars/suzuki-alto-2019-for-sale-in-islamabad-11747606
11745946,Suzuki Alto 2019,Islamabad,"2019 78,000 km Petrol 660 cc Automatic",,,7,1,suzuki-alto-vxl-2-2019-147563313,/used-cars/suzuki-alto-2019-for-sale-in-islamabad-11745946
11749451,Suzuki Alto 2020,Islamabad,"2020 47,500 km Petrol 660 cc Manual",,,15,2,suzuki-alto-vxr-2-2020-147619112,/used-cars/suzuki-alto-2020-for-sale-in-islamabad-11749451
11748804,Suzuki Alto 2022,Islamabad,"2022 65,000 km Petrol 660 cc Manual",,,13,4,suzuki-alto-vxr-2-2022-147608459,/used-cars/suzuki-alto-2022-for-sale-in-islamabad-11748804
11747436,Suzuki Wagon R 2015,Islamabad,"2015 113,000 km Petrol 660 cc Automatic",,,14,4,suzuki-wagon-r-x-14-2015-147584194,/used-cars/suzuki-wagon-r-2015-for-sale-in-islamabad-11747436
11743279,Mitsubishi Minicab 2011,Rawalpindi,"2011 100,000 km Petrol 660 cc Automatic",,,13,4,mitsubishi-minicab-bravo-g-66-2011-147522092,/used-cars/mitsubishi-minicab-2011-for-sale-in-rawalpindi-11743279
11745242,Mitsubishi EK Wagon 2011,Rawalpindi,"2011 187,000 km Petrol 660 cc Automatic",,,4,4,mitsubishi-ek-wagon-g-3-2011-147552719,/used-cars/mitsubishi-ek-wagon-2011-for-sale-in-rawalpindi-11745242
11492737,Suzuki MR Wagon 2012,Islamabad,"2012 185,000 km Petrol 660 cc Automatic",,,8,4,suzuki-mr-wagon-eco-x-selection-2012-143729874,/used-cars/suzuki-mr-wagon-2012-for-sale-in-islamabad-11492737
11742894,Mitsubishi EK Wagon 2016,Rawalpindi,"2016 50,000 km Petrol 660 cc Automatic",,,9,3,mitsubishi-ek-wagon-2016-147515772,/used-cars/mitsubishi-ek-wagon-2016-for-sale-in-rawalpindi-11742894
11746085,Nissan Moco 2012,Rawalpindi,"2012 120,000 km Petrol 660 cc Automatic",,,6,4,nissan-moco-x-idling-stop-4-2012-147564731,/used-cars/nissan-moco-2012-for-sale-in-rawalpindi-11746085
11743646,Suzuki Wagon R 2012,Rawalpindi,"2012 163,000 km Petrol 660 cc Automatic",,,7,2,suzuki-wagon-r-fx-limited-ii-2012-147527585,/used-cars/suzuki-wagon-r-2012-for-sale-in-rawalpindi-11743646
11742733,Suzuki Wagon R 2014,Rawalpindi,"2014 160,000 km Petrol 660 cc Automatic",,,11,2,suzuki-wagon-r-2014-147513434,/used-cars/suzuki-wagon-r-2014-for-sale-in-rawalpindi-11742733
11744042,Daihatsu Move 2013,Rawalpindi,"2013 142,000 km Petrol 660 cc Automatic",,,7,2,daihatsu-move-custom-g-2013-147534295,/used-cars/daihatsu-move-2013-for-sale-in-rawalpindi-11744042
11744527,Mitsubishi EK Wagon 2013,Rawalpindi,"2013 120,000 km Petrol 660 cc Automatic",,,10,2,mitsubishi-ek-wagon-e-10-2013-147541336,/used-cars/mitsubishi-ek-wagon-2013-for-sale-in-rawalpindi-11744527
11742624,Daihatsu Mira 2012,Islamabad,"2012 111,453 km Petrol 660 cc Automatic",,,13,2,daihatsu-mira-x-special-6-2012-147511035,/used-cars/daihatsu-mira-2012-for-sale-in-islamabad-11742624
11744826,Suzuki Spacia 2016,Islamabad,"2016 128,854 km Petrol 660 cc Automatic",,,18,3,suzuki-spacia-x-32-2016-147545396,/used-cars/suzuki-spacia-2016-for-sale-in-islamabad-11744826
11746305,Suzuki Wagon R 2015,Islamabad,"2015 93,000 km Petrol 660 cc Automatic",,,6,1,suzuki-wagon-r-fx-limited-2015-147567800,/used-cars/suzuki-wagon-r-2015-for-sale-in-islamabad-11746305
11745220,Nissan Dayz 2014,Rawalpindi,"2014 151,000 km Petrol 660 cc Automatic",,,5,1,nissan-dayz-highway-star-x-2014-147552080,/used-cars/nissan-dayz-2014-for-sale-in-rawalpindi-11745220
11746384,Suzuki Alto 2013,Rawalpindi,"2013 206,000 km Petrol 660 cc Automatic",,,11,4,suzuki-alto-2013-147568981,/used-cars/suzuki-alto-2013-for-sale-in-rawalpindi-11746384
11745309,Daihatsu Mira ES 2013,Islamabad,"2013 101,500 km Petrol 660 cc Automatic",,,16,3,daihatsu-mira-es-2013-147553760,/used-cars/daihatsu-mira-2013-for-sale-in-islamabad-11745309
11459645,Daihatsu Hijet 2020,Islamabad,"2020 42,000 km Petrol 660 cc Automatic",,,18,2,daihatsu-hijet-van-2020-143202317,/used-cars/daihatsu-hijet-2020-for-sale-in-islamabad-11459645
11631115,Daihatsu Mira ES 2014,Islamabad,"2014 90,000 km Petrol 660 cc Automatic",,,14,4,daihatsu-mira-es-2014-147554755,/used-cars/daihatsu-mira-2014-for-sale-in-islamabad-11631115
11743720,Daihatsu Move 2014,Islamabad,"2014 90,500 km Petrol 660 cc Automatic",,,7,1,daihatsu-move-2014-147529277,/used-cars/daihatsu-move-2014-for-sale-in-islamabad-11743720
11746810,Suzuki Hustler 2015,Islamabad,"2015 200,000 km Petrol 660 cc Automatic",,,7,1,suzuki-hustler-2015-147575079,/used-cars/suzuki-hustler-2015-for-sale-in-islamabad-11746810
11743329,Suzuki Alto 2020,Rawalpindi,"2020 73,000 km Petrol 660 cc Automatic",,,11,2,suzuki-alto-vxl-2-2020-147523014,/used-cars/suzuki-alto-2020-for-sale-in-rawalpindi-11743329
11743491,Honda N Box 2016,Islamabad,"2016 121,000 km Petrol 660 cc Automatic",,,4,3,honda-n-box-2016-147525466,/used-cars/honda-n-box-2016-for-sale-in-islamabad-11743491
11711745,Suzuki Alto 2015,Islamabad,"2015 150,000 km Petrol 660 cc Automatic",,,16,2,suzuki-alto-turbo-rs-2015-147037406,/used-cars/suzuki-alto-2015-for-sale-in-islamabad-11711745
11385707,Daihatsu Hijet 2013,Islamabad,"2013 160,000 km Petrol 660 cc Automatic",,,8,2,daihatsu-hijet-van-deluxe-2013-142070551,/used-cars/daihatsu-hijet-2013-for-sale-in-islamabad-11385707
11740737,Daihatsu Mira ES 2014,Islamabad,"2014 115,000 km Petrol 660 cc Automatic",,,5,3,daihatsu-mira-es-2014-147484158,/used-cars/daihatsu-mira-2014-for-sale-in-islamabad-11740737
11739007,Daihatsu Mira 2010,Islamabad,2010 198 km Petrol 660 cc Automatic,,,9,4,daihatsu-mira-l-4-2010-147456491,/used-cars/daihatsu-mira-2010-for-sale-in-islamabad-11739007
11662565,Nissan Moco 2014,Islamabad,"2014 112,000 km Petrol 660 cc Automatic",,,8,3,nissan-moco-s-8-2014-146283134,/used-cars/nissan-moco-2014-for-sale-in-islamabad-11662565
11740964,Nissan Moco 2013,Islamabad,2013 90 km Petrol 660 cc Automatic,,,10,1,nissan-moco-x-idling-stop-4-2013-147487861,/used-cars/nissan-moco-2013-for-sale-in-islamabad-11740964
11687116,Daihatsu Hijet 2019,Islamabad,"2019 49,000 km Petrol 660 cc Automatic",,,7,3,daihatsu-hijet-van-special-4-2019-146661428,/used-cars/daihatsu-hijet-2019-for-sale-in-islamabad-11687116
11740472,Daihatsu Mira 2012,Rawalpindi,"2012 120,000 km Petrol 660 cc Automatic",,,6,4,daihatsu-mira-g-smart-drive-package-2012-147479884,/used-cars/daihatsu-mira-2012-for-sale-in-rawalpindi-11740472
11738799,Suzuki Wagon R 2012,Rawalpindi,"2012 175,000 km Petrol 660 cc Automatic",,,15,3,suzuki-wagon-r-limited-7-2012-147453092,/used-cars/suzuki-wagon-r-2012-for-sale-in-rawalpindi-11738799
11738516,Daihatsu Terios Kid 2010,Islamabad,"2010 92,000 km Petrol 660 cc Automatic",,,18,3,daihatsu-terios-kid-custom-memorial-edition-2010-147449090,/used-cars/daihatsu-terios-kid-2010-for-sale-in-islamabad-11738516
11741737,Nissan Dayz 2016,Islamabad,"2016 100,000 km Petrol 660 cc Automatic",,,7,4,nissan-dayz-j-2016-147499430,/used-cars/nissan-dayz-2016-for-sale-in-islamabad-11741737
11741069,Subaru Pleo 2015,Islamabad,"2015 60,000 km Petrol 660 cc Automatic",,,16,2,subaru-pleo-2015-147489639,/used-cars/subaru-pleo-2015-for-sale-in-islamabad-11741069
11738929,Suzuki Alto 2021,Rawalpindi,"2021 70,000 km Petrol 660 cc Manual",,,11,4,suzuki-alto-vxr-2-2021-147455413,/used-cars/suzuki-alto-2021-for-sale-in-rawalpindi-11738929
11738852,Suzuki Alto 2019,Islamabad,"2019 120,000 km Petrol 660 cc Automatic",,,15,4,suzuki-alto-vxl-2-2019-147453925,/used-cars/suzuki-alto-2019-for-sale-in-islamabad-11738852
11742200,Toyota Pixis 2014,Islamabad,"2014 70,000 km Petrol 660 cc Automatic",,,20,3,toyota-pixis-gsa-2014-147505192,/used-cars/toyota-pixis-epoch-2014-for-sale-in-islamabad-11742200
11738859,Mitsubishi EK Custom 2014,Rawalpindi,"2014 114,000 km Petrol 660 cc Automatic",,,6,3,mitsubishi-ek-custom-g-50-2014-147454270,/used-cars/mitsubishi-ek-custom-2014-for-sale-in-rawalpindi-11738859
11738001,Nissan Dayz Roox 2017,Islamabad,"2017 181,000 km Petrol 660 cc Automatic",,,6,2,nissan-dayz-roox-x-v-selection-2017-147440745,/used-cars/nissan-dayz-roox-2017-for-sale-in-islamabad-11738001
11737701,Daihatsu Move 2014,Islamabad,"2014 214,179 km Petrol 660 cc Automatic",,,7,2,daihatsu-move-2014-147435838,/used-cars/daihatsu-move-2014-for-sale-in-islamabad-11737701
11455232,Nissan Dayz 2013,Islamabad,"2013 127,000 km Petrol 660 cc Automatic",,,12,2,nissan-dayz-x-40-2013-143136044,/used-cars/nissan-dayz-2013-for-sale-in-islamabad-11455232
11739904,Nissan Dayz 2014,Islamabad,"2014 109,000 km Petrol 660 cc Automatic",,,18,2,nissan-dayz-highway-star-3-2014-147470913,/used-cars/nissan-dayz-2014-for-sale-in-islamabad-11739904
11739789,Suzuki Alto 2022,Islamabad,"2022 100,000 km Petrol 660 cc Manual",,,11,2,suzuki-alto-vxr-2-2022-147469473,/used-cars/suzuki-alto-2022-for-sale-in-islamabad-11739789
11685447,Suzuki Alto 2016,Islamabad,"2016 146,000 km Petrol 660 cc Automatic",,,17,1,suzuki-alto-f-2-2016-146636322,/used-cars/suzuki-alto-2016-for-sale-in-islamabad-11685447
11738059,Nissan Dayz 2015,Rawalpindi,"2015 82,000 km Petrol 660 cc Automatic",,,13,1,nissan-dayz-x-40-2015-147441507,/used-cars/nissan-dayz-2015-for-sale-in-rawalpindi-11738059
11569622,Mazda Carol 2016,Islamabad,"2016 145,000 km Petrol 660 cc Automatic",,,13,4,mazda-carol-gx-2-2016-144892010,/used-cars/mazda-carol-2016-for-sale-in-islamabad-11569622
11737791,Suzuki Alto 2022,Islamabad,"2022 80,000 km Petrol 660 cc Automatic",,,18,1,suzuki-alto-vxl-2-2022-147437419,/used-cars/suzuki-alto-2022-for-sale-in-islamabad-11737791
11738999,Suzuki Alto 2022,Rawalpindi,"2022 86,000 km Petrol 660 cc Manual",,,5,2,suzuki-alto-vxr-2-2022-147456606,/used-cars/suzuki-alto-2022-for-sale-in-rawalpindi-11738999
11738320,Suzuki Alto 2021,Islamabad,"2021 184,000 km Petrol 660 cc Automatic",,,5,1,suzuki-alto-f-2-2021-147446245,/used-cars/suzuki-alto-2021-for-sale-in-islamabad-11738320
11738009,Suzuki Alto 2022,Islamabad,"2022 145,000 km Petrol 660 cc Automatic",,,16,2,suzuki-alto-vxl-2-2022-148171380,/used-cars/suzuki-alto-2022-for-sale-in-islamabad-11738009
11739460,Suzuki Alto 2022,Rawalpindi,"2022 47,000 km Petrol 660 cc Automatic",,,15,3,suzuki-alto-vxr-ags-2022-147463486,/used-cars/suzuki-alto-2022-for-sale-in-rawalpindi-11739460
11740706,Suzuki Alto 2015,Rawalpindi,"2015 95,000 km Petrol 660 cc Automatic",,,10,2,suzuki-alto-turbo-rs-2015-147483616,/used-cars/suzuki-alto-2015-for-sale-in-rawalpindi-11740706
11730292,Suzuki Every 2021,Islamabad,"2021 125,000 km Petrol 660 cc Automatic",,,18,3,suzuki-every-pa-2021-147322579,/used-cars/suzuki-every-2021-for-sale-in-islamabad-11730292
10712314,Nissan Clipper 2013,Islamabad,"2013 145,000 km Petrol 660 cc Automatic",,,8,4,nissan-clipper-2013-131360503,/used-cars/nissan-clipper-2013-for-sale-in-islamabad-10712314
11285701,Daihatsu Hijet 2019,Rawalpindi,"2019 136,000 km Petrol 660 cc Automatic",,,9,3,daihatsu-hijet-van-special-4-2019-147771118,/used-cars/daihatsu-hijet-2019-for-sale-in-rawalpindi-11285701
11736216,Suzuki Every 2016,Rawalpindi,"2016 10,000 km Petrol 660 cc Automatic",,,8,3,suzuki-every-2016-147415951,/used-cars/daihatsu-hijet-2016-for-sale-in-rawalpindi-11736216
11733097,Suzuki Alto 2012,Islamabad,"2012 150,000 km Petrol 660 cc Automatic",,,6,4,suzuki-alto-f-2-2012-147365380,/used-cars/suzuki-alto-2012-for-sale-in-islamabad-11733097
11735690,Suzuki Alto 2011,Islamabad,"2011 100,000 km Petrol 660 cc Automatic",,,12,1,suzuki-alto-g-4-2011-147407683,/used-cars/suzuki-alto-2011-for-sale-in-islamabad-11735690
11735038,Suzuki Alto 2013,Rawalpindi,"2013 87,000 km Petrol 660 cc Automatic",,,16,1,suzuki-alto-e-2013-147397430,/used-cars/suzuki-alto-2013-for-sale-in-rawalpindi-11735038
11735110,Suzuki Wagon R 2012,Islamabad,"2012 266,000 km Petrol 660 cc Manual",,,12,2,suzuki-wagon-r-stingray-limited-2012-147398358,/used-cars/suzuki-wagon-r-2012-for-sale-in-islamabad-11735110
11735277,Suzuki Alto 2010,Rawalpindi,"2010 312,346 km Petrol 660 cc Automatic",,,3,1,suzuki-alto-e-2010-147400048,/used-cars/suzuki-alto-2010-for-sale-in-rawalpindi-11735277
11734436,Daihatsu Mira ES 2012,Rawalpindi,"2012 150,000 km Petrol 660 cc Automatic",,,4,2,daihatsu-mira-es-2012-147387299,/used-cars/daihatsu-mira-2012-for-sale-in-rawalpindi-11734436
11734068,Daihatsu Mira 2011,Islamabad,"2011 301,306 km Petrol 660 cc Automatic",,,3,3,daihatsu-mira-2011-147380696,/used-cars/daihatsu-mira-2011-for-sale-in-islamabad-11734068
11733552,Daihatsu Mira 2012,Islamabad,"2012 113,000 km Petrol 660 cc Automatic",,,10,3,daihatsu-mira-x-special-6-2012-147373329,/used-cars/daihatsu-mira-2012-for-sale-in-islamabad-11733552
11733722,Daihatsu Move 2014,Islamabad,"2014 150,000 km Petrol 660 cc Automatic",,,15,3,daihatsu-move-x-5-2014-147375645,/used-cars/daihatsu-move-2014-for-sale-in-islamabad-11733722
11733501,Mitsubishi EK Wagon 2013,Rawalpindi,"2013 140,000 km Petrol 660 cc Automatic",,,18,4,mitsubishi-ek-wagon-e-10-2013-147372316,/used-cars/mitsubishi-ek-wagon-2013-for-sale-in-rawalpindi-11733501
11737252,Daihatsu Move 2014,Islamabad,"2014 200,000 km Petrol 660 cc Automatic",,,6,2,daihatsu-move-custom-x-2014-147450980,/used-cars/daihatsu-move-2014-for-sale-in-islamabad-11737252
11734454,Suzuki Every 2013,Islamabad,"2013 98,000 km Petrol 660 cc Automatic",,,18,4,suzuki-every-wagon-pz-turbo-special-2013-147387720,/used-cars/suzuki-every-wagon-2013-for-sale-in-islamabad-11734454
11735543,Suzuki Wagon R 2014,Islamabad,"2014 90,000 km Petrol 660 cc Automatic",,,17,1,suzuki-wagon-r-2014-147404638,/used-cars/suzuki-wagon-r-2014-for-sale-in-islamabad-11735543
11734017,Nissan Dayz 2016,Islamabad,"2016 93,500 km Petrol 660 cc Automatic",,,5,2,nissan-dayz-x-40-2016-147380434,/used-cars/nissan-dayz-2016-for-sale-in-islamabad-11734017
11733537,Suzuki Every 2025,Islamabad,"2025 26,000 km Petrol 660 cc Manual",,,12,1,suzuki-every-vx-2-2025-147372515,/used-cars/suzuki-every-2025-for-sale-in-islamabad-11733537
11735415,Suzuki Alto 2021,Islamabad,"2021 123,000 km Petrol 660 cc Automatic",,,9,3,suzuki-alto-vxl-2-2021-148067764,/used-cars/suzuki-alto-2021-for-sale-in-islamabad-11735415
11732885,Suzuki Alto 2024,Rawalpindi,"2024 26,000 km Petrol 660 cc Manual",,,5,3,suzuki-alto-vx-14-2024-147362023,/used-cars/suzuki-alto-2024-for-sale-in-rawalpindi-11732885
11736797,Suzuki Every 2025,Rawalpindi,"2025 5,500 km Petrol 660 cc Manual",,,11,4,suzuki-every-vx-2-2025-147423538,/used-cars/suzuki-every-2025-for-sale-in-rawalpindi-11736797
11733964,Suzuki Alto 2021,Rawalpindi,"2021 45,000 km Petrol 660 cc Automatic",,,5,1,suzuki-alto-vxl-2-2021-147379775,/used-cars/suzuki-alto-2021-for-sale-in-rawalpindi-11733964
11737234,Honda N Box 2019,Islamabad,"2019 121,000 km Petrol 660 cc Automatic",,,19,3,honda-n-box-2019-147591711,/used-cars/honda-n-box-2019-for-sale-in-islamabad-11737234
11732722,Suzuki Alto 2025,Islamabad,"2025 12,000 km Petrol 660 cc Manual",,,6,2,suzuki-alto-vxr-2-2025-147359739,/used-cars/suzuki-alto-2025-for-sale-in-islamabad-11732722
11736676,Suzuki Alto 2025,Rawalpindi,"2025 11,500 km Petrol 660 cc Manual",,,20,2,suzuki-alto-vxr-2-2025-147422007,/used-cars/suzuki-alto-2025-for-sale-in-rawalpindi-11736676
11729282,Nissan Clipper 2014,Rawalpindi,"2014 139,000 km Petrol 660 cc Automatic",,,4,3,nissan-clipper-2014-147306485,/used-cars/nissan-clipper-2014-for-sale-in-rawalpindi-11729282
11730627,Toyota Pixis 2012,Islamabad,"2012 100,000 km Petrol 660 cc Automatic",,,10,1,toyota-pixis-space-l-29-2012-147327803,/used-cars/toyota-pixis-space-2012-for-sale-in-islamabad-11730627
11728421,Suzuki MR Wagon 2012,Rawalpindi,"2012 85,000 km Petrol 660 cc Automatic",,,10,4,suzuki-mr-wagon-l-2012-147292679,/used-cars/mazda-scrum-van-2012-for-sale-in-rawalpindi-11728421
11730820,Nissan Moco 2012,Islamabad,"2012 217,000 km Petrol 660 cc Automatic",,,12,1,nissan-moco-s-8-2012-148063333,/used-cars/nissan-moco-2012-for-sale-in-islamabad-11730820
11728913,Suzuki Alto 2015,Islamabad,"2015 138,000 km Petrol 660 cc Automatic",,,1,3,suzuki-alto-x-9-2015-147301269,/used-cars/suzuki-alto-2015-for-sale-in-islamabad-11728913
11729609,Nissan Dayz 2013,Islamabad,"2013 80,000 km Petrol 660 cc Automatic",,,16,1,nissan-dayz-x-40-2013-147311950,/used-cars/nissan-dayz-2013-for-sale-in-islamabad-11729609
11732818,Nissan Moco 2014,Rawalpindi,"2014 93,000 km Petrol 660 cc Automatic",,,12,1,nissan-moco-x-idling-stop-4-2014-147361018,/used-cars/nissan-moco-2014-for-sale-in-rawalpindi-11732818
11730862,Daihatsu Move 2017,Islamabad,"2017 142,410 km Petrol 660 cc Automatic",,,20,3,daihatsu-move-custom-x-2017-147601969,/used-cars/daihatsu-move-2017-for-sale-in-islamabad-11730862
11731034,Suzuki Wagon R 2012,Rawalpindi,"2012 100,000 km Petrol 660 cc Automatic",,,10,1,suzuki-wagon-r-fx-2-2012-147334488,/used-cars/suzuki-wagon-r-2012-for-sale-in-rawalpindi-11731034
11732016,Daihatsu Mira 2011,Islamabad,"2011 160,000 km Petrol 660 cc Automatic",,,9,2,daihatsu-mira-2011-147350128,/used-cars/daihatsu-mira-2011-for-sale-in-islamabad-11732016
11729774,Daihatsu Mira ES 2013,Islamabad,"2013 106,400 km Petrol 660 cc Automatic",,,14,3,daihatsu-mira-es-2013-147314529,/used-cars/daihatsu-mira-2013-for-sale-in-islamabad-11729774
11637654,Suzuki Wagon R 2014,Islamabad,"2014 130,000 km Petrol 660 cc Automatic",,,10,3,suzuki-wagon-r-fx-limited-2014-147340823,/used-cars/suzuki-wagon-r-2014-for-sale-in-islamabad-11637654
11732020,Daihatsu Mira ES 2015,Islamabad,"2015 99,000 km Petrol 660 cc Automatic",,,11,3,daihatsu-mira-es-2015-147349935,/used-cars/daihatsu-mira-2015-for-sale-in-islamabad-11732020
11622774,Suzuki Alto 2013,Islamabad,"2013 144,000 km Petrol 660 cc Automatic",,,19,3,suzuki-alto-e-2013-145694430,/used-cars/suzuki-alto-2013-for-sale-in-islamabad-11622774
11720859,Honda N Wgn 2014,Islamabad,"2014 180,000 km Petrol 660 cc Automatic",,,15,3,honda-n-wgn-custom-g-turbo-2014-147179558,/used-cars/honda-n-wgn-2014-for-sale-in-islamabad-11720859
11732170,Suzuki Alto 2019,Islamabad,"2019 47,250 km Petrol 660 cc Automatic",,,20,3,suzuki-alto-vxl-2-2019-147352061,/used-cars/suzuki-alto-2019-for-sale-in-islamabad-11732170
11732713,Suzuki Alto 2022,Islamabad,"2022 85,000 km Petrol 660 cc Manual",,,12,2,suzuki-alto-vxr-2-2022-147359607,/used-cars/suzuki-alto-2022-for-sale-in-islamabad-11732713
11730835,Suzuki Alto 2022,Islamabad,"2022 78,000 km Petrol 660 cc Manual",,,8,3,suzuki-alto-vxr-2-2022-147331242,/used-cars/suzuki-alto-2022-for-sale-in-islamabad-11730835
11730642,Honda N Box 2014,Islamabad,"2014 90,000 km Petrol 660 cc Automatic",,,10,4,honda-n-box-moduro-x-g-2014-147327967,/used-cars/honda-n-box-2014-for-sale-in-islamabad-11730642
11731410,Suzuki Alto 2022,Islamabad,"2022 57,000 km Petrol 660 cc Manual",,,9,3,suzuki-alto-vxr-2-2022-147339914,/used-cars/suzuki-alto-2022-for-sale-in-islamabad-11731410
11218087,Suzuki Every 2026,Islamabad,2026 5 km Petrol 660 cc Manual,,,5,1,suzuki-every-vxr-2-2026-147506999,/used-cars/suzuki-every-2026-for-sale-in-islamabad-11218087
11728954,Suzuki Alto 2024,Rawalpindi,"2024 25,000 km Petrol 660 cc Manual",,,15,4,suzuki-alto-vxr-2-2024-147301670,/used-cars/suzuki-alto-2024-for-sale-in-rawalpindi-11728954
11606711,Suzuki Alto 2025,Islamabad,"2025 10,000 km Petrol 660 cc Manual",,,6,4,suzuki-alto-vxr-2-2025-145448804,/used-cars/suzuki-alto-2025-for-sale-in-islamabad-11606711
11603896,Nissan Clipper 2017,Islamabad,"2017 91,000 km Petrol 660 cc Automatic",,,8,2,nissan-clipper-dx-8-2017-145409170,/used-cars/nissan-clipper-2017-for-sale-in-islamabad-11603896
11430262,Suzuki Every 2010,Islamabad,"2010 100,000 km Petrol 660 cc Automatic",,,20,1,suzuki-every-join-2-2010-144246883,/used-cars/suzuki-every-2010-for-sale-in-islamabad-11430262
11724362,Nissan Moco 2010,Rawalpindi,"2010 150,000 km Petrol 660 cc Automatic",,,5,3,nissan-moco-2010-147229899,/used-cars/nissan-moco-2010-for-sale-in-rawalpindi-11724362
11727490,Mitsubishi EK Wagon 2013,Rawalpindi,"2013 110,000 km Petrol 660 cc Automatic",,,8,3,mitsubishi-ek-wagon-2013-147280006,/used-cars/mitsubishi-ek-wagon-2013-for-sale-in-rawalpindi-11727490
11725212,Suzuki Every 2013,Rawalpindi,"2013 165,000 km Petrol 660 cc Automatic",,,11,1,suzuki-every-2013-147242785,/used-cars/suzuki-every-2013-for-sale-in-rawalpindi-11725212
11727094,Daihatsu Mira 2014,Islamabad,"2014 192,000 km Petrol 660 cc Manual",,,13,4,daihatsu-mira-2014-147273698,/used-cars/daihatsu-mira-2014-for-sale-in-islamabad-11727094
11724112,Nissan Moco 2015,Islamabad,"2015 100,000 km Petrol 660 cc Automatic",,,5,1,nissan-moco-x-idling-stop-aero-style-2015-147225921,/used-cars/nissan-moco-2015-for-sale-in-islamabad-11724112
11418932,Nissan Dayz Roox 2018,Rawalpindi,"2018 120,000 km Petrol 660 cc Automatic",,,8,2,nissan-dayz-roox-2018-142559206,/used-cars/nissan-dayz-roox-2018-for-sale-in-rawalpindi-11418932
11723919,Suzuki Alto 2013,Rawalpindi,"2013 162,700 km Petrol 660 cc Automatic",,,14,3,suzuki-alto-eco-l-2013-147222484,/used-cars/suzuki-alto-2013-for-sale-in-rawalpindi-11723919
11379630,Suzuki Wagon R 2010,Islamabad,"2010 130,000 km Petrol 660 cc Automatic",,,9,1,suzuki-wagon-r-limited-7-2010-141995082,/used-cars/suzuki-wagon-r-2010-for-sale-in-islamabad-11379630
11724506,Suzuki Hustler 2015,Islamabad,"2015 150,000 km Petrol 660 cc Automatic",,,20,4,suzuki-hustler-g-54-2015-147231805,/used-cars/suzuki-hustler-2015-for-sale-in-islamabad-11724506
11726956,Suzuki Spacia 2015,Islamabad,"2015 86,000 km Petrol 660 cc Automatic",,,5,2,suzuki-spacia-x-32-2015-147270963,/used-cars/suzuki-spacia-2015-for-sale-in-islamabad-11726956
11459775,Honda N One 2015,Rawalpindi,"2015 112,000 km Petrol 660 cc Automatic",,,9,3,honda-none-premium-2-2015-143204425,/used-cars/honda-n-one-2015-for-sale-in-rawalpindi-11459775
11724246,Nissan Dayz 2016,Islamabad,"2016 150,000 km Petrol 660 cc Automatic",,,7,1,nissan-dayz-highway-star-x-2016-147228341,/used-cars/nissan-dayz-2016-for-sale-in-islamabad-11724246
11278287,Suzuki Every 2025,Islamabad,"2025 15,000 km Petrol 660 cc Manual",,,11,2,suzuki-every-vx-2-2025-140348632,/used-cars/suzuki-every-2025-for-sale-in-islamabad-11278287
11724159,Honda N Wgn 2013,Islamabad,"2013 82,000 km Petrol 660 cc Automatic",,,8,4,honda-n-wgn-g-52-2013-147226681,/used-cars/honda-n-wgn-2013-for-sale-in-islamabad-11724159
11727251,Suzuki Alto 2022,Rawalpindi,"2022 52,200 km Petrol 660 cc Manual",,,13,2,suzuki-alto-vx-14-2022-147276373,/used-cars/suzuki-alto-2022-for-sale-in-rawalpindi-11727251
11659125,Daihatsu Cast 2016,Islamabad,"2016 121,000 km Petrol 660 cc Automatic",,,9,1,daihatsu-cast-style-g-2016-146232861,/used-cars/daihatsu-cast-2016-for-sale-in-islamabad-11659125
11725973,Honda N Box 2014,Islamabad,"2014 91,000 km Petrol 660 cc Automatic",,,14,4,honda-n-box-g-12-2014-147294271,/used-cars/honda-n-box-2014-for-sale-in-islamabad-11725973
11721057,Suzuki Alto 2022,Rawalpindi,"2022 34,500 km Petrol 660 cc Manual",,,11,3,suzuki-alto-vxr-2-2022-147182613,/used-cars/suzuki-alto-2022-for-sale-in-rawalpindi-11721057
11727497,Honda N Wgn 2017,Islamabad,"2017 100,000 km Petrol 660 cc Automatic",,,16,2,honda-n-wgn-g-l-package-10-2017-147280113,/used-cars/honda-n-wgn-2017-for-sale-in-islamabad-11727497
11724484,Suzuki Alto 2022,Islamabad,"2022 75,000 km Petrol 660 cc Automatic",,,7,3,suzuki-alto-vxl-2-2022-147231792,/used-cars/suzuki-alto-2022-for-sale-in-islamabad-11724484
11728227,Daihatsu Wake 2019,Islamabad,"2019 60,000 km Petrol 660 cc Automatic",,,20,3,daihatsu-wake-g-turbo-4-2019-147289595,/used-cars/daihatsu-wake-2019-for-sale-in-islamabad-11728227
11725695,Suzuki Alto 2025,Islamabad,"2025 40,000 km Petrol 660 cc Manual",,,19,3,suzuki-alto-vxr-2-2025-147251677,/used-cars/suzuki-alto-2025-for-sale-in-islamabad-11725695
11725419,Daihatsu Mira 2018,Rawalpindi,"2018 90,600 km Petrol 660 cc Automatic",,,10,3,daihatsu-mira-x-8-2018-147246948,/used-cars/daihatsu-mira-2018-for-sale-in-rawalpindi-11725419
11723760,Suzuki Alto 2024,Islamabad,"2024 32,000 km Petrol 660 cc Manual",,,7,1,suzuki-alto-vxr-2-2024-147220234,/used-cars/suzuki-alto-2024-for-sale-in-islamabad-11723760
11721352,Suzuki Alto 2013,Rawalpindi,"2013 112,000 km Petrol 660 cc Automatic",,,6,2,suzuki-alto-g-4-2013-147186996,/used-cars/suzuki-alto-2013-for-sale-in-rawalpindi-11721352
11723363,Daihatsu Move 2014,Rawalpindi,"2014 110,000 km Petrol 660 cc Automatic",,,16,2,daihatsu-move-custom-g-2014-147214542,/used-cars/daihatsu-move-2014-for-sale-in-rawalpindi-11723363
11722518,Suzuki Wagon R 2014,Islamabad,"2014 120,000 km Petrol 660 cc Automatic",,,7,4,suzuki-wagon-r-2014-147203300,/used-cars/suzuki-wagon-r-2014-for-sale-in-islamabad-11722518
11601594,Suzuki Alto 2011,Islamabad,"2011 190,000 km Petrol 660 cc Automatic",,,8,4,suzuki-alto-eco-l-2011-145373331,/used-cars/suzuki-alto-2011-for-sale-in-islamabad-11601594
11723158,Suzuki Alto 2021,Rawalpindi,"2021 78,000 km Petrol 660 cc Manual",,,15,4,suzuki-alto-vx-14-2021-147212026,/used-cars/suzuki-alto-2021-for-sale-in-rawalpindi-11723158
11718981,Suzuki Alto 2014,Islamabad,"2014 150,000 km Petrol 660 cc Automatic",,,9,4,suzuki-alto-e-2014-147148826,/used-cars/suzuki-alto-2014-for-sale-in-islamabad-11718981
11719374,Suzuki Alto 2020,Islamabad,"2020 150,000 km Petrol 660 cc Manual",,,5,4,suzuki-alto-vxr-2-2020-147155716,/used-cars/suzuki-alto-2020-for-sale-in-islamabad-11719374
11720683,Mazda Flair 2014,Islamabad,2014 97 km Petrol 660 cc Automatic,,,11,1,mazda-flair-wagon-2014-147176875,/used-cars/mazda-flair-wagon-2014-for-sale-in-islamabad-11720683
11720570,Nissan Otti 2013,Islamabad,"2013 77,000 km Petrol 660 cc Automatic",,,14,3,nissan-otti-2013-147175123,/used-cars/nissan-otti-2013-for-sale-in-islamabad-11720570
11721144,Suzuki Alto 2016,Rawalpindi,"2016 114,000 km Petrol 660 cc Automatic",,,12,4,suzuki-alto-f-2-2016-147183512,/used-cars/suzuki-alto-2016-for-sale-in-rawalpindi-11721144
11719777,Suzuki Alto 2021,Rawalpindi,"2021 78,000 km Petrol 660 cc Manual",,,10,2,suzuki-alto-vxr-2-2021-147162851,/used-cars/suzuki-alto-2021-for-sale-in-rawalpindi-11719777
11718925,Honda N Box 2014,Rawalpindi,"2014 159,000 km Petrol 660 cc Automatic",,,11,4,honda-n-box-g-turbo-ss-package-2014-147148038,/used-cars/honda-n-box-2014-for-sale-in-rawalpindi-11718925
11721522,Suzuki Alto 2023,Islamabad,"2023 66,000 km Petrol 660 cc Manual",,,9,4,suzuki-alto-2023-147190097,/used-cars/suzuki-alto-2023-for-sale-in-islamabad-11721522
11723082,Suzuki Alto 2023,Rawalpindi,"2023 50,000 km Petrol 660 cc Manual",,,6,1,suzuki-alto-2023-147211079,/used-cars/suzuki-alto-2023-for-sale-in-rawalpindi-11723082
11722556,Suzuki Every 2020,Islamabad,"2020 125,000 km Petrol 660 cc Automatic",,,15,1,suzuki-every-ga-2020-147203860,/used-cars/suzuki-every-2020-for-sale-in-islamabad-11722556
11715040,Suzuki Alto 2014,Islamabad,"2014 91,500 km Petrol 660 cc Automatic",,,17,4,suzuki-alto-2014-147087879,/used-cars/suzuki-alto-2014-for-sale-in-islamabad-11715040
11717437,Daihatsu Mira 2014,Rawalpindi,"2014 165,000 km Petrol 660 cc Automatic",,,11,4,daihatsu-mira-2014-147126896,/used-cars/daihatsu-mira-2014-for-sale-in-rawalpindi-11717437
11716984,Suzuki Every 2017,Islamabad,"2017 55,258 km Petrol 660 cc Automatic",,,13,4,suzuki-every-wagon-2017-147118431,/used-cars/suzuki-every-wagon-2017-for-sale-in-islamabad-11716984
11714507,Nissan Moco 2014,Islamabad,"2014 130,000 km Petrol 660 cc Automatic",,,10,4,nissan-moco-x-idling-stop-4-2014-147079102,/used-cars/nissan-moco-2014-for-sale-in-islamabad-11714507
11712454,Suzuki Wagon R 2014,Islamabad,"2014 127,000 km Petrol 660 cc Automatic",,,4,4,suzuki-wagon-r-fx-2-2014-147047135,/used-cars/suzuki-wagon-r-2014-for-sale-in-islamabad-11712454
11703651,Suzuki Wagon R 2013,Islamabad,"2013 130,000 km Petrol 660 cc Automatic",,,13,3,suzuki-wagon-r-j-style-2013-146913639,/used-cars/suzuki-wagon-r-2013-for-sale-in-islamabad-11703651
11716345,Suzuki Alto 2021,Islamabad,"2021 80,000 km Petrol 660 cc Manual",,,19,3,suzuki-alto-vxr-2-2021-147108087,/used-cars/suzuki-alto-2021-for-sale-in-islamabad-11716345
11716137,Suzuki Alto 2015,Rawalpindi,"2015 110,000 km Petrol 660 cc Automatic",,,11,2,suzuki-alto-l-27-2015-147105674,/used-cars/suzuki-alto-2015-for-sale-in-rawalpindi-11716137
11717229,Suzuki Alto 2022,Islamabad,"2022 81,500 km Petrol 660 cc Manual",,,9,1,suzuki-alto-vxr-2-2022-147123636,/used-cars/suzuki-alto-2022-for-sale-in-islamabad-11717229
11715731,Suzuki Wagon R 2014,Rawalpindi,"2014 84,000 km Petrol 660 cc Automatic",,,16,3,suzuki-wagon-r-fx-limited-2014-147099318,/used-cars/suzuki-wagon-r-2014-for-sale-in-rawalpindi-11715731
11717672,Daihatsu Mira 2016,Islamabad,"2016 96,000 km Petrol 660 cc Automatic",,,6,3,daihatsu-mira-l-10-2016-147130709,/used-cars/daihatsu-mira-2016-for-sale-in-islamabad-11717672
11718447,Suzuki Alto 2019,Islamabad,"2019 150,000 km Petrol 660 cc Automatic",,,9,2,suzuki-alto-vxl-2-2019-147141554,/used-cars/suzuki-alto-2019-for-sale-in-islamabad-11718447
11718464,Suzuki Alto 2021,Islamabad,"2021 115,000 km Petrol 660 cc Automatic",,,8,2,suzuki-alto-vxl-2-2021-147458173,/used-cars/suzuki-alto-2021-for-sale-in-islamabad-11718464
11718568,Suzuki Alto 2016,Rawalpindi,"2016 140,000 km Petrol 660 cc Automatic",,,4,4,suzuki-alto-turbo-rs-2016-147142991,/used-cars/suzuki-alto-2016-for-sale-in-rawalpindi-11718568
11594628,Suzuki Alto 2021,Islamabad,"2021 80,000 km Petrol 660 cc Automatic",,,8,2,suzuki-alto-vxl-2-2021-145267442,/used-cars/suzuki-alto-2021-for-sale-in-islamabad-11594628
11717763,Suzuki Wagon R 2016,Islamabad,"2016 80,000 km Petrol 660 cc Automatic",,,11,1,suzuki-wagon-r-fx-limited-2016-147131209,/used-cars/suzuki-wagon-r-2016-for-sale-in-islamabad-11717763
11717557,Daihatsu Terios Kid 2011,Rawalpindi,"2011 128,000 km Petrol 660 cc Automatic",,,13,2,daihatsu-terios-kid-2016-147129148,/used-cars/daihatsu-terios-kid-2011-for-sale-in-rawalpindi-11717557
11712179,Daihatsu Tanto 2010,Rawalpindi,"2010 200,000 km Petrol 660 cc Automatic",,,14,2,daihatsu-tanto-2010-147043478,/used-cars/daihatsu-tanto-2010-for-sale-in-rawalpindi-11712179
11711098,Daihatsu Hijet 2014,Islamabad,"2014 233,000 km Petrol 660 cc Automatic",,,20,1,daihatsu-hijet-van-2019-147027027,/used-cars/daihatsu-hijet-2014-for-sale-in-islamabad-11711098
11314259,Daihatsu Hijet 2014,Islamabad,"2014 233,000 km Petrol 660 cc Automatic",,,20,2,daihatsu-hijet-van-2014-147037395,/used-cars/daihatsu-hijet-2014-for-sale-in-islamabad-11314259
11711339,Nissan Moco 2010,Islamabad,"2010 123,000 km Petrol 660 cc Automatic",,,10,2,nissan-moco-2010-147031091,/used-cars/nissan-moco-2010-for-sale-in-islamabad-11711339
11711549,Mitsubishi Pajero Mini 2012,Islamabad,"2012 125,550 km Petrol 660 cc Automatic",,,6,2,mitsubishi-pajero-mini-limited-2012-147033906,/used-cars/mitsubishi-pajero-mini-2012-for-sale-in-islamabad-11711549
11710504,Daihatsu Mira ES 2015,Islamabad,"2015 108,000 km Petrol 660 cc Automatic",,,12,2,daihatsu-mira-es-2015-147018802,/used-cars/daihatsu-mira-2015-for-sale-in-islamabad-11710504
11713078,Suzuki Alto 2015,Rawalpindi,"2015 285,000 km Petrol 660 cc Automatic",,,16,4,suzuki-alto-2015-147055331,/used-cars/suzuki-alto-2015-for-sale-in-rawalpindi-11713078
11710182,Nissan Moco 2014,Rawalpindi,"2014 140,000 km Petrol 660 cc Automatic",,,11,2,nissan-moco-x-idling-stop-aero-style-2014-147013447,/used-cars/nissan-moco-2014-for-sale-in-rawalpindi-11710182
11710900,Mazda Flair 2014,Islamabad,"2014 97,000 km Petrol 660 cc Automatic",,,12,3,mazda-flair-wagon-2014-147025077,/used-cars/mazda-flair-wagon-2014-for-sale-in-islamabad-11710900
11712678,Suzuki Alto 2015,Islamabad,"2015 250,000 km Petrol 660 cc Automatic",,,13,1,suzuki-alto-l-27-2015-147050966,/used-cars/suzuki-alto-2015-for-sale-in-islamabad-11712678
11385519,Mazda Flair 2014,Islamabad,"2014 90,000 km Petrol 660 cc Automatic",,,14,3,mazda-flair-wagon-2014-142068122,/used-cars/mazda-flair-wagon-2014-for-sale-in-islamabad-11385519
11713207,Suzuki Alto 2022,Rawalpindi,"2022 40,000 km Petrol 660 cc Manual",,,9,4,suzuki-alto-vxr-2-2022-147058927,/used-cars/suzuki-alto-2022-for-sale-in-rawalpindi-11713207
11710833,Suzuki Alto 2021,Rawalpindi,"2021 50,000 km Petrol 660 cc Automatic",,,4,3,suzuki-alto-vxl-2-2021-147023953,/used-cars/suzuki-alto-2021-for-sale-in-rawalpindi-11710833
11710957,Daihatsu Mira 2016,Islamabad,"2016 111,000 km Petrol 660 cc Automatic",,,17,1,daihatsu-mira-l-sa-2-2016-147025619,/used-cars/daihatsu-mira-2016-for-sale-in-islamabad-11710957
11582325,Suzuki Alto 2014,Islamabad,"2014 83,000 km Petrol 660 cc Automatic",,,13,1,suzuki-alto-eco-l-2014-145098734,/used-cars/suzuki-alto-2014-for-sale-in-islamabad-11582325
11709276,Suzuki Alto 2011,Islamabad,"2011 140,000 km Petrol 660 cc Manual",,,16,1,suzuki-alto-e-manual-2011-147000842,/used-cars/suzuki-alto-2011-for-sale-in-islamabad-11709276
11494651,Daihatsu Esse 2011,Islamabad,"2011 190,000 km Petrol 660 cc Automatic",,,7,3,daihatsu-esse-2012-143761309,/used-cars/daihatsu-esse-2011-for-sale-in-islamabad-11494651
11708110,Suzuki Every 2013,Islamabad,"2013 218,625 km Petrol 660 cc Automatic",,,6,4,suzuki-every-join-turbo-2013-146984131,/used-cars/suzuki-every-2013-for-sale-in-islamabad-11708110
11705333,Mitsubishi Minicab 2014,Rawalpindi,"2014 111,000 km Petrol 660 cc Automatic",,,14,2,mitsubishi-minicab-bravo-g-66-2014-146937378,/used-cars/mitsubishi-minicab-2014-for-sale-in-rawalpindi-11705333
11515164,Daihatsu Move 2013,Islamabad,"2013 140,000 km Petrol 660 cc Automatic",,,5,3,daihatsu-move-custom-g-2013-147630146,/used-cars/daihatsu-move-2013-for-sale-in-islamabad-11515164
11706563,Suzuki Alto 2014,Islamabad,"2014 82,000 km Petrol 660 cc Automatic",,,20,1,suzuki-alto-eco-s-2014-146957073,/used-cars/suzuki-alto-2014-for-sale-in-islamabad-11706563
11709047,Nissan Dayz 2013,Rawalpindi,"2013 96,000 km Petrol 660 cc Automatic",,,7,1,nissan-dayz-highway-star-3-2013-146997907,/used-cars/nissan-dayz-2013-for-sale-in-rawalpindi-11709047
11707245,Suzuki Wagon R 2013,Rawalpindi,"2013 106,000 km Petrol 660 cc Automatic",,,13,1,suzuki-wagon-r-t-4-2013-146969306,/used-cars/suzuki-wagon-r-2013-for-sale-in-rawalpindi-11707245
11707571,Suzuki Alto 2014,Islamabad,"2014 141,270 km Petrol 660 cc Automatic",,,7,1,suzuki-alto-x-9-2014-146974699,/used-cars/suzuki-alto-2014-for-sale-in-islamabad-11707571
11706573,Suzuki Wagon R 2015,Islamabad,"2015 113,000 km Petrol 660 cc Automatic",,,20,3,suzuki-wagon-r-x-14-2015-146956598,/used-cars/suzuki-wagon-r-2015-for-sale-in-islamabad-11706573
11706875,Suzuki Alto 2023,Rawalpindi,"2023 75,000 km Petrol 660 cc Manual",,,12,1,suzuki-alto-vxr-2-2023-146963126,/used-cars/suzuki-alto-2023-for-sale-in-rawalpindi-11706875
11708798,Suzuki Alto 2021,Rawalpindi,"2021 63,000 km Petrol 660 cc Automatic",,,4,4,suzuki-alto-vxl-2-2021-146993320,/used-cars/suzuki-alto-2021-for-sale-in-rawalpindi-11708798
11706196,Nissan Clipper 2019,Islamabad,"2019 158,000 km Petrol 660 cc Automatic",,,9,3,nissan-clipper-rio-g-4wd-2019-146951587,/used-cars/nissan-clipper-2019-for-sale-in-islamabad-11706196
11616828,Suzuki Alto 2022,Islamabad,"2022 93,000 km Petrol 660 cc Automatic",,,14,2,suzuki-alto-vxl-2-2022-145604399,/used-cars/suzuki-alto-2022-for-sale-in-islamabad-11616828
11701970,Suzuki Alto 2011,Islamabad,"2011 10,000 km Petrol 660 cc Automatic",,,4,2,suzuki-alto-vp-2011-146885917,/used-cars/suzuki-alto-2011-for-sale-in-islamabad-11701970
11704038,Daihatsu Hijet 2012,Rawalpindi,"2012 137,000 km Petrol 660 cc Automatic",,,11,2,daihatsu-hijet-van-2012-146919423,/used-cars/daihatsu-hijet-2012-for-sale-in-rawalpindi-11704038
11699465,Suzuki Wagon R 2013,Islamabad,"2013 157,000 km Petrol 660 cc Automatic",,,14,4,suzuki-wagon-r-fx-limited-2013-146891627,/used-cars/suzuki-wagon-r-2013-for-sale-in-islamabad-11699465
11703664,Suzuki Alto 2012,Islamabad,"2012 119,000 km Petrol 660 cc Automatic",,,13,2,suzuki-alto-eco-s-2012-146913936,/used-cars/suzuki-alto-2012-for-sale-in-islamabad-11703664
11703852,Suzuki Wagon R 2012,Islamabad,"2012 150,000 km Petrol 660 cc Automatic",,,2,4,suzuki-wagon-r-limited-7-2012-146916818,/used-cars/suzuki-wagon-r-2012-for-sale-in-islamabad-11703852
11703305,Suzuki Alto 2013,Rawalpindi,"2013 12,349 km Petrol 660 cc Automatic",,,14,4,suzuki-alto-x-9-2013-146908095,/used-cars/suzuki-alto-2013-for-sale-in-rawalpindi-11703305
11703905,Suzuki Wagon R 2012,Islamabad,"2012 128,000 km Petrol 660 cc Automatic",,,16,2,suzuki-wagon-r-fx-2-2012-147172396,/used-cars/suzuki-wagon-r-2012-for-sale-in-islamabad-11703905
11703360,Suzuki Alto 2014,Islamabad,"2014 141,270 km Petrol 660 cc Automatic",,,7,4,suzuki-alto-e-2014-146925781,/used-cars/suzuki-alto-2014-for-sale-in-islamabad-11703360
11701552,Daihatsu Mira ES 2015,Islamabad,"2015 36,000 km Petrol 660 cc Automatic",,,10,1,daihatsu-mira-es-2015-146879163,/used-cars/daihatsu-mira-2015-for-sale-in-islamabad-11701552
11513972,Toyota Pixis 2013,Rawalpindi,"2013 74,000 km Petrol 660 cc Automatic",,,9,4,toyota-pixis-d-3-2013-144060397,/used-cars/toyota-pixis-epoch-2013-for-sale-in-rawalpindi-11513972
11701095,Mitsubishi EK Wagon 2013,Islamabad,"2013 150,000 km Petrol 660 cc Automatic",,,11,2,mitsubishi-ek-wagon-2013-146871711,/used-cars/mitsubishi-ek-wagon-2013-for-sale-in-islamabad-11701095
11558583,Suzuki Alto 2016,Rawalpindi,"2016 165,800 km Petrol 660 cc Automatic",,,12,1,suzuki-alto-2016-144727920,/used-cars/suzuki-alto-2016-for-sale-in-rawalpindi-11558583
11704461,Mitsubishi EK Wagon 2016,Rawalpindi,"2016 62,057 km Petrol 660 cc Automatic",,,11,2,mitsubishi-ek-wagon-e-10-2016-146925461,/used-cars/mitsubishi-ek-wagon-2016-for-sale-in-rawalpindi-11704461
11701750,Suzuki Alto 2021,Islamabad,"2021 120,000 km Petrol 660 cc Manual",,,8,4,suzuki-alto-vxr-2-2021-146882539,/used-cars/suzuki-alto-2021-for-sale-in-islamabad-11701750
11704438,Honda N One 2016,Rawalpindi,"2016 70,000 km Petrol 660 cc Automatic",,,9,3,honda-none-premium-tourer-2016-146924860,/used-cars/honda-n-one-2016-for-sale-in-rawalpindi-11704438
11585070,Suzuki Alto 2021,Islamabad,"2021 102,700 km Petrol 660 cc Automatic",,,20,1,suzuki-alto-vxl-2-2021-147940781,/used-cars/suzuki-alto-2021-for-sale-in-islamabad-11585070
11696978,Suzuki Alto 2024,Islamabad,"2024 39,000 km Petrol 660 cc Manual",,,5,4,suzuki-alto-2026-146809603,/used-cars/suzuki-alto-2024-for-sale-in-islamabad-11696978
11701820,Suzuki Alto 2022,Islamabad,"2022 55,000 km Petrol 660 cc Automatic",,,4,4,suzuki-alto-vxl-2-2022-146883871,/used-cars/suzuki-alto-2022-for-sale-in-islamabad-11701820
11698377,Suzuki Spacia 2014,Islamabad,"2014 95,000 km Petrol 660 cc Automatic",,,10,1,suzuki-spacia-x-32-2014-146830496,/used-cars/suzuki-spacia-2014-for-sale-in-islamabad-11698377
11689531,Suzuki Alto 2011,Islamabad,"2011 180,000 km Petrol 660 cc Automatic",,,8,2,suzuki-alto-g4-2011-146698844,/used-cars/suzuki-alto-2011-for-sale-in-islamabad-11689531
11698491,Suzuki Alto 2013,Islamabad,"2013 102,300 km Petrol 660 cc Automatic",,,9,1,suzuki-alto-g-4-2013-146831979,/used-cars/suzuki-alto-2013-for-sale-in-islamabad-11698491
11699051,Daihatsu Mira 2013,Islamabad,"2013 172,000 km Petrol 660 cc Automatic",,,20,1,daihatsu-mira-l-sa-2-2013-146840875,/used-cars/daihatsu-mira-2013-for-sale-in-islamabad-11699051
11700233,Suzuki Alto 2014,Rawalpindi,"2014 100,000 km Petrol 660 cc Automatic",,,12,1,suzuki-alto-e-2014-146859306,/used-cars/suzuki-alto-2014-for-sale-in-rawalpindi-11700233
11398196,Daihatsu Mira ES 2015,Rawalpindi,"2015 110,000 km Petrol 660 cc Automatic",,,15,2,daihatsu-mira-es-2015-142256775,/used-cars/daihatsu-mira-2015-for-sale-in-rawalpindi-11398196
11699082,Honda N Box 2017,Rawalpindi,"2017 100,000 km Petrol 660 cc Automatic",,,18,4,honda-n-box-2017-146841657,/used-cars/honda-n-box-2017-for-sale-in-rawalpindi-11699082
11699169,Suzuki Alto 2015,Rawalpindi,"2015 139,737 km Petrol 660 cc Automatic",,,7,3,suzuki-alto-turbo-rs-2015-146842065,/used-cars/suzuki-alto-2015-for-sale-in-rawalpindi-11699169
11699995,Honda N Wgn 2016,Islamabad,"2016 199,999 km Petrol 660 cc Automatic",,,10,3,honda-n-wgn-c-4-2016-146856023,/used-cars/honda-n-wgn-2016-for-sale-in-islamabad-11699995
11695050,Honda Life 2010,Islamabad,"2010 187,000 km Petrol 660 cc Automatic",,,14,4,honda-life-g-2010-146783085,/used-cars/honda-life-2010-for-sale-in-islamabad-11695050
11695030,Suzuki Alto 2016,Rawalpindi,"2016 17,000 km Petrol 660 cc Automatic",,,3,2,suzuki-alto-x-9-2016-146782689,/used-cars/suzuki-alto-2016-for-sale-in-rawalpindi-11695030
11692759,Mitsubishi EK Wagon 2010,Islamabad,"2010 198,000 km Petrol 660 cc Automatic",,,5,3,mitsubishi-ek-wagon-g-3-2010-146746644,/used-cars/mitsubishi-ek-wagon-2010-for-sale-in-islamabad-11692759
11696341,Suzuki Alto 2012,Rawalpindi,"2012 155,000 km Petrol 660 cc Automatic",,,1,2,suzuki-alto-x-9-2012-146801296,/used-cars/suzuki-alto-2012-for-sale-in-rawalpindi-11696341
11692771,Nissan Moco 2012,Islamabad,"2012 135,000 km Petrol 660 cc Automatic",,,17,3,nissan-moco-s-four-2012-146747333,/used-cars/nissan-moco-2012-for-sale-in-islamabad-11692771
11696462,Daihatsu Hijet 2022,Islamabad,"2022 112,000 km Petrol 660 cc Automatic",,,12,2,daihatsu-hijet-van-jumbo-extra-2022-146802683,/used-cars/daihatsu-hijet-2022-for-sale-in-islamabad-11696462
11692987,Suzuki Wagon R 2012,Islamabad,"2012 112,000 km Petrol 660 cc Automatic",,,16,4,suzuki-wagon-r-x-14-2012-146750288,/used-cars/suzuki-wagon-r-2012-for-sale-in-islamabad-11692987
11696066,Daihatsu Mira 2015,Islamabad,"2015 157,673 km Petrol 660 cc Automatic",,,10,1,daihatsu-mira-2015-146797476,/used-cars/daihatsu-mira-2015-for-sale-in-islamabad-11696066
11696006,Suzuki Alto 2015,Islamabad,"2015 173,500 km Petrol 660 cc Automatic",,,11,4,suzuki-alto-f-2-2015-146796787,/used-cars/suzuki-alto-2015-for-sale-in-islamabad-11696006
11694490,Nissan Dayz 2015,Islamabad,"2015 163,000 km Petrol 660 cc Automatic",,,17,2,nissan-dayz-2015-146773941,/used-cars/nissan-dayz-2015-for-sale-in-islamabad-11694490
11692722,Suzuki Every 2013,Islamabad,"2013 88,000 km Petrol 660 cc Automatic",,,20,4,suzuki-every-wagon-pz-turbo-2-2013-146746421,/used-cars/suzuki-every-wagon-2013-for-sale-in-islamabad-11692722
11694280,Suzuki Alto 2022,Islamabad,"2022 12,344 km Petrol 660 cc Manual",,,7,1,suzuki-alto-vxr-2-2022-146770746,/used-cars/suzuki-alto-2022-for-sale-in-islamabad-11694280
11407539,Suzuki Alto 2022,Rawalpindi,"2022 80,000 km Petrol 660 cc Manual",,,5,3,suzuki-alto-vxr-2-2022-146781503,/used-cars/suzuki-alto-2022-for-sale-in-rawalpindi-11407539
11692971,Suzuki Alto 2023,Rawalpindi,"2023 39,000 km Petrol 660 cc Automatic",,,8,2,suzuki-alto-vxl-2-2023-146750794,/used-cars/suzuki-alto-2023-for-sale-in-rawalpindi-11692971
11693128,Suzuki Alto 2015,Rawalpindi,"2015 100,000 km Petrol 660 cc Automatic",,,3,1,suzuki-alto-f-2-2015-147575096,/used-cars/suzuki-alto-2015-for-sale-in-rawalpindi-11693128
11571841,Daihatsu Hijet 2012,Islamabad,"2012 213,000 km Petrol 660 cc Automatic",,,10,2,daihatsu-hijet-van-caddie-2012-144925026,/used-cars/daihatsu-hijet-2012-for-sale-in-islamabad-11571841
11675578,Daihatsu Hijet 2014,Rawalpindi,"2014 150,000 km Petrol 660 cc Automatic",,,13,1,daihatsu-hijet-van-deluxe-2014-146482334,/used-cars/daihatsu-atrai-wagon-2014-for-sale-in-rawalpindi-11675578
11692153,Mitsubishi EK Wagon 2013,Rawalpindi,"2013 102,000 km Petrol 660 cc Automatic",,,19,4,mitsubishi-ek-wagon-2013-146737684,/used-cars/mitsubishi-ek-wagon-2013-for-sale-in-rawalpindi-11692153
11551186,Nissan Moco 2013,Rawalpindi,"2013 250,000 km Petrol 660 cc Automatic",,,16,1,nissan-moco-x-idling-stop-4-2013-144615340,/used-cars/nissan-moco-2013-for-sale-in-rawalpindi-11551186
11553291,Daihatsu Mira ES 2013,Islamabad,"2013 166,000 km Petrol 660 cc Automatic",,,9,1,daihatsu-mira-es-2013-144647563,/used-cars/daihatsu-mira-2013-for-sale-in-islamabad-11553291
11690141,Nissan Dayz 2014,Rawalpindi,"2014 110,000 km Petrol 660 cc Automatic",,,7,4,nissan-dayz-bolero-x-2-2014-146708503,/used-cars/nissan-dayz-2014-for-sale-in-rawalpindi-11690141
11688832,Suzuki Alto 2014,Islamabad,"2014 79,237 km Petrol 660 cc Automatic",,,20,4,suzuki-alto-eco-s-2014-146687381,/used-cars/suzuki-alto-2014-for-sale-in-islamabad-11688832
11688662,Mazda Flair 2014,Rawalpindi,"2014 128,000 km Petrol 660 cc Automatic",,,15,4,mazda-flair-xg-4-2014-146685307,/used-cars/mazda-flair-2014-for-sale-in-rawalpindi-11688662
11691934,Mazda Flair 2014,Islamabad,"2014 97,000 km Petrol 660 cc Automatic",,,10,4,mazda-flair-wagon-2014-146734973,/used-cars/mazda-flair-wagon-2014-for-sale-in-islamabad-11691934
11688218,Suzuki Alto 2019,Islamabad,"2019 125,000 km Petrol 660 cc Manual",,,8,4,suzuki-alto-vxr-2-2019-146677637,/used-cars/suzuki-alto-2019-for-sale-in-islamabad-11688218
11687796,Honda Life 2010,Islamabad,"2010 89,000 km Petrol 660 cc Automatic",,,2,4,honda-life-diva-2-2010-146670847,/used-cars/honda-life-2010-for-sale-in-islamabad-11687796
11514402,Daihatsu Mira ES 2016,Rawalpindi,"2016 83,227 km Petrol 660 cc Automatic",,,9,2,daihatsu-mira-es-2016-144066426,/used-cars/daihatsu-mira-2016-for-sale-in-rawalpindi-11514402
11691826,Suzuki Alto 2015,Islamabad,"2015 114,000 km Petrol 660 cc Automatic",,,9,2,suzuki-alto-f-2-2015-146733410,/used-cars/suzuki-alto-2015-for-sale-in-islamabad-11691826
11688444,Suzuki Alto 2024,Rawalpindi,"2024 75,000 km Petrol 660 cc Manual",,,4,1,suzuki-alto-vxr-2-2024-146681794,/used-cars/suzuki-alto-2024-for-sale-in-rawalpindi-11688444
11689128,Suzuki Alto 2024,Islamabad,"2024 43,000 km Petrol 660 cc Manual",,,9,1,suzuki-alto-vxr-2-2024-146692285,/used-cars/suzuki-alto-2024-for-sale-in-islamabad-11689128
11683781,Daihatsu Hijet 2010,Rawalpindi,"2010 95,000 km Petrol 660 cc Automatic",,,7,2,daihatsu-hijet-van-sa-3-2wd-2010-146607988,/used-cars/daihatsu-hijet-2010-for-sale-in-rawalpindi-11683781
11687607,Daihatsu Hijet 2016,Rawalpindi,2016 455 km Petrol 660 cc Automatic,,,7,2,daihatsu-hijet-van-cruise-2016-146484936,/used-cars/daihatsu-hijet-2016-for-sale-in-rawalpindi-11687607
11686747,Honda Zest 2012,Rawalpindi,"2012 106,000 km Petrol 660 cc Automatic",,,14,1,honda-zest-sports-g-turbo-2012-146656168,/used-cars/honda-zest-2012-for-sale-in-rawalpindi-11686747
11687250,Suzuki Every 2011,Rawalpindi,"2011 2,400 km Petrol 660 cc Automatic",,,10,1,suzuki-every-join-2-2011-146663195,/used-cars/suzuki-every-2011-for-sale-in-rawalpindi-11687250
11685540,Suzuki Every 2012,Islamabad,"2012 170,000 km Petrol 660 cc Automatic",,,9,4,suzuki-every-wagon-jp-2012-146637008,/used-cars/suzuki-every-wagon-2012-for-sale-in-islamabad-11685540
11684427,Suzuki Alto 2010,Islamabad,"2010 129,000 km Petrol 660 cc Automatic",,,15,2,suzuki-alto-2010-146618002,/used-cars/suzuki-alto-2010-for-sale-in-islamabad-11684427
11686678,Toyota Pixis 2015,Islamabad,"2015 100,000 km Petrol 660 cc Automatic",,,6,4,toyota-pixis-2015-146655165,/used-cars/toyota-pixis-epoch-2015-for-sale-in-islamabad-11686678
11570550,Mitsubishi Pajero Mini 2010,Rawalpindi,"2010 150,000 km Petrol 660 cc Automatic",,,15,2,mitsubishi-pajero-mini-limited-2010-147815577,/used-cars/mitsubishi-pajero-mini-2010-for-sale-in-rawalpindi-11570550
11564850,Mazda Flair 2013,Islamabad,"2013 171,000 km Petrol 660 cc Automatic",,,9,1,mazda-flair-2013-144820227,/used-cars/mazda-flair-2013-for-sale-in-islamabad-11564850
11685431,Suzuki Alto 2023,Islamabad,"2023 75,000 km Petrol 660 cc Manual",,,6,4,suzuki-alto-vxr-2-2023-146634540,/used-cars/suzuki-alto-2023-for-sale-in-islamabad-11685431
11685274,Suzuki Wagon R 2013,Islamabad,"2013 100,000 km Petrol 660 cc Automatic",,,13,2,suzuki-wagon-r-j-style-2013-146632309,/used-cars/suzuki-wagon-r-2013-for-sale-in-islamabad-11685274
11687216,Suzuki Alto 2022,Islamabad,"2022 59,000 km Petrol 660 cc Manual",,,6,1,suzuki-alto-vxr-2-2022-146662643,/used-cars/suzuki-alto-2022-for-sale-in-islamabad-11687216
11686838,Daihatsu Mira ES 2015,Islamabad,"2015 95,000 km Petrol 660 cc Automatic",,,10,1,daihatsu-mira-es-2015-146657369,/used-cars/daihatsu-mira-2015-for-sale-in-islamabad-11686838
11682343,Suzuki Alto 2023,Islamabad,"2023 80,000 km Petrol 660 cc Manual",,,20,3,suzuki-alto-2023-146585615,/used-cars/suzuki-alto-2023-for-sale-in-islamabad-11682343
11684388,Suzuki Alto 2023,Islamabad,"2023 33,000 km Petrol 660 cc Manual",,,10,1,suzuki-alto-vxr-2-2023-146617633,/used-cars/suzuki-alto-2023-for-sale-in-islamabad-11684388
11681894,Daihatsu Atrai Wagon 2010,Islamabad,"2010 165,000 km Petrol 660 cc Automatic",,,10,2,daihatsu-atrai-wagon-custom-turbo-r-2010-146578562,/used-cars/daihatsu-atrai-wagon-2010-for-sale-in-islamabad-11681894
11682901,Suzuki Alto 2012,Islamabad,"2012 200,000 km Petrol 660 cc Automatic",,,8,4,suzuki-alto-2012-146594422,/used-cars/suzuki-alto-2012-for-sale-in-islamabad-11682901
11681574,Daihatsu Tanto 2015,Islamabad,"2015 140,000 km Petrol 660 cc Automatic",,,9,2,daihatsu-tanto-g-47-2015-146573859,/used-cars/daihatsu-tanto-2015-for-sale-in-islamabad-11681574
11680921,Suzuki Alto 2014,Islamabad,"2014 100,000 km Petrol 660 cc Automatic",,,1,4,suzuki-alto-eco-l-2014-146564115,/used-cars/suzuki-alto-2014-for-sale-in-islamabad-11680921
11680122,Daihatsu Mira 2012,Rawalpindi,"2012 250,000 km Petrol 660 cc Automatic",,,4,4,daihatsu-mira-x-8-2012-146552009,/used-cars/daihatsu-mira-2012-for-sale-in-rawalpindi-11680122
11680446,Suzuki Alto 2018,Islamabad,"2018 97,000 km Petrol 660 cc Automatic",,,7,4,suzuki-alto-l-27-2018-146556933,/used-cars/suzuki-alto-2018-for-sale-in-islamabad-11680446
11468826,Suzuki Alto 2020,Rawalpindi,"2020 90,000 km Petrol 660 cc Automatic",,,6,3,suzuki-alto-vxl-2-2020-143351361,/used-cars/suzuki-alto-2020-for-sale-in-rawalpindi-11468826
11682937,Suzuki Wagon R 2017,Rawalpindi,"2017 118,932 km Petrol 660 cc Automatic",,,5,1,suzuki-wagon-r-fx-limited-2017-146594312,/used-cars/suzuki-wagon-r-2017-for-sale-in-rawalpindi-11682937
11682210,Daihatsu Move 2015,Islamabad,"2015 150,000 km Petrol 660 cc Automatic",,,14,2,daihatsu-move-x-5-2015-146583548,/used-cars/daihatsu-move-2015-for-sale-in-islamabad-11682210
11670689,Suzuki Alto 2023,Islamabad,"2023 23,000 km Petrol 660 cc Automatic",,,20,3,suzuki-alto-l-upgrade-2023-146406667,/used-cars/suzuki-alto-2023-for-sale-in-islamabad-11670689
11537870,Suzuki Alto 2022,Islamabad,"2022 60,000 km Petrol 660 cc Automatic",,,13,4,suzuki-alto-vxl-2-2022-144417777,/used-cars/suzuki-alto-2022-for-sale-in-islamabad-11537870
11678658,Mitsubishi EK Wagon 2012,Islamabad,"2012 161,048 km Petrol 660 cc Automatic",,,9,4,mitsubishi-ek-wagon-gs-2012-146529493,/used-cars/mitsubishi-ek-wagon-2012-for-sale-in-islamabad-11678658
11675014,Suzuki Every 2010,Islamabad,"2010 177,000 km Petrol 660 cc Automatic",,,9,3,suzuki-every-2010-146473384,/used-cars/suzuki-every-2010-for-sale-in-islamabad-11675014
11675111,Suzuki Alto 2012,Islamabad,"2012 234,000 km Petrol 660 cc Automatic",,,7,1,suzuki-alto-2012-146475093,/used-cars/suzuki-alto-2012-for-sale-in-islamabad-11675111
11676655,Suzuki MR Wagon 2012,Rawalpindi,"2012 266,676 km Petrol 660 cc Automatic",,,16,1,suzuki-mr-wagon-10th-anniversary-limited-11-2012-146498971,/used-cars/suzuki-mr-wagon-2012-for-sale-in-rawalpindi-11676655
11676805,Daihatsu Mira 2012,Islamabad,"2012 150,000 km Petrol 660 cc Automatic",,,14,1,daihatsu-mira-x-8-2012-146501432,/used-cars/daihatsu-mira-2012-for-sale-in-islamabad-11676805
11677875,Suzuki Wagon R 2011,Islamabad,"2011 200,000 km Petrol 660 cc Automatic",,,13,2,suzuki-wagon-r-stingray-limited-2011-146518512,/used-cars/suzuki-wagon-r-2011-for-sale-in-islamabad-11677875
11676269,Suzuki Alto 2012,Islamabad,"2012 186,000 km Petrol 660 cc Automatic",,,11,4,suzuki-alto-e-2012-147363943,/used-cars/suzuki-alto-2012-for-sale-in-islamabad-11676269
11677418,Daihatsu Mira ES 2013,Islamabad,"2013 150,000 km Petrol 660 cc Automatic",,,20,3,daihatsu-mira-es-2013-146511534,/used-cars/daihatsu-mira-2013-for-sale-in-islamabad-11677418
11676654,Nissan Dayz 2015,Rawalpindi,"2015 115,000 km Petrol 660 cc Automatic",,,15,4,nissan-dayz-s-29-2015-146498868,/used-cars/nissan-dayz-2015-for-sale-in-rawalpindi-11676654
11679221,Daihatsu Move 2014,Rawalpindi,"2014 100,000 km Petrol 660 cc Automatic",,,9,1,daihatsu-move-2014-146537898,/used-cars/daihatsu-move-2014-for-sale-in-rawalpindi-11679221
11677214,Daihatsu Mira ES 2014,Islamabad,"2014 130,000 km Petrol 660 cc Automatic",,,7,2,daihatsu-mira-es-2014-146507984,/used-cars/daihatsu-mira-2014-for-sale-in-islamabad-11677214
11678341,Mazda Carol 2014,Rawalpindi,"2014 92,000 km Petrol 660 cc Automatic",,,18,2,mazda-carol-gl-6-2014-146525601,/used-cars/mazda-carol-2014-for-sale-in-rawalpindi-11678341
11540554,Subaru Pleo 2014,Islamabad,"2014 88,000 km Petrol 660 cc Automatic",,,6,4,subaru-pleo-l-limited-3-2014-144455998,/used-cars/subaru-pleo-2014-for-sale-in-islamabad-11540554
11674928,Suzuki Alto 2015,Islamabad,"2015 140,000 km Petrol 660 cc Automatic",,,11,3,suzuki-alto-2015-146472092,/used-cars/suzuki-alto-2015-for-sale-in-islamabad-11674928
11678399,Daihatsu Mira 2016,Islamabad,"2016 10,000 km Petrol 660 cc Automatic",,,9,2,daihatsu-mira-x-memorial-edition-2016-146526526,/used-cars/daihatsu-mira-2016-for-sale-in-islamabad-11678399
11635711,Suzuki Spacia Gear 2017,Rawalpindi,"2017 74,000 km Petrol 660 cc Automatic",,,10,1,suzuki-spacia-gear-hybrid-xz-2017-145889431,/used-cars/suzuki-spacia-2017-for-sale-in-rawalpindi-11635711
11677983,Suzuki Every 2020,Rawalpindi,"2020 92,000 km Petrol 660 cc Manual",,,10,3,suzuki-every-2020-146519436,/used-cars/suzuki-every-2020-for-sale-in-rawalpindi-11677983
11677272,Suzuki Alto 2015,Islamabad,"2015 128,000 km Petrol 660 cc Automatic",,,8,2,suzuki-alto-x-9-2015-146509231,/used-cars/suzuki-alto-2015-for-sale-in-islamabad-11677272
11675993,Nissan Dayz 2017,Islamabad,"2017 155,000 km Petrol 660 cc Automatic",,,12,3,nissan-dayz-bolero-x-2017-146488572,/used-cars/nissan-dayz-2017-for-sale-in-islamabad-11675993
11676126,Suzuki Every 2018,Islamabad,"2018 125,000 km Petrol 660 cc Automatic",,,12,4,suzuki-every-wagon-2018-146489162,/used-cars/suzuki-every-wagon-2018-for-sale-in-islamabad-11676126
11677242,Suzuki Alto 2022,Rawalpindi,"2022 145,000 km Petrol 660 cc Manual",,,20,4,suzuki-alto-vxr-2-2022-146507997,/used-cars/suzuki-alto-2022-for-sale-in-rawalpindi-11677242
11677032,Suzuki Alto 2018,Islamabad,"2018 53,500 km Petrol 660 cc Manual",,,5,4,suzuki-alto-2018-146505038,/used-cars/suzuki-alto-2018-for-sale-in-islamabad-11677032
11676594,Suzuki Alto 2024,Islamabad,"2024 27,000 km Petrol 660 cc Manual",,,7,1,suzuki-alto-vxr-2-2024-146497777,/used-cars/suzuki-alto-2024-for-sale-in-islamabad-11676594
11674826,Honda N One 2017,Islamabad,"2017 84,000 km Petrol 660 cc Automatic",,,4,2,honda-none-2017-146470668,/used-cars/honda-n-one-2017-for-sale-in-islamabad-11674826
11677438,Honda N Wgn 2018,Rawalpindi,"2018 140,000 km Petrol 660 cc Automatic",,,10,1,honda-n-wgn-custom-g-l-package-2018-146510555,/used-cars/honda-n-wgn-2018-for-sale-in-rawalpindi-11677438
11672716,Suzuki Every 2013,Rawalpindi,"2013 130,000 km Petrol 660 cc Automatic",,,9,2,suzuki-every-join-2-2013-146438344,/used-cars/suzuki-every-2013-for-sale-in-rawalpindi-11672716
11486396,Mitsubishi Minicab 2014,Rawalpindi,"2014 111,000 km Petrol 660 cc Automatic",,,16,4,mitsubishi-minicab-bravo-g-66-2014-143632855,/used-cars/mitsubishi-minicab-2014-for-sale-in-rawalpindi-11486396
11671865,Nissan Dayz 2015,Islamabad,"2015 80,000 km Petrol 660 cc Automatic",,,9,4,nissan-dayz-highway-star-x-2015-146425543,/used-cars/nissan-dayz-2015-for-sale-in-islamabad-11671865
11605274,Suzuki Wagon R 2012,Islamabad,"2012 232,000 km Petrol 660 cc Automatic",,,18,4,suzuki-wagon-r-x-14-2012-145428230,/used-cars/suzuki-wagon-r-2012-for-sale-in-islamabad-11605274
11671578,Suzuki Alto 2012,Islamabad,"2012 165,000 km Petrol 660 cc Automatic",,,14,2,suzuki-alto-eco-l-2012-146420726,/used-cars/suzuki-alto-2012-for-sale-in-islamabad-11671578
11547892,Suzuki Alto 2017,Rawalpindi,"2017 127,000 km Petrol 660 cc Automatic",,,11,3,suzuki-alto-f-2-2017-146444518,/used-cars/suzuki-alto-2017-for-sale-in-rawalpindi-11547892
11443870,Suzuki Alto 2015,Rawalpindi,"2015 131,000 km Petrol 660 cc Automatic",,,11,3,suzuki-alto-x-9-2015-142953862,/used-cars/suzuki-alto-2015-for-sale-in-rawalpindi-11443870
11616439,Suzuki Wagon R 2014,Islamabad,"2014 92,000 km Petrol 660 cc Automatic",,,7,4,suzuki-wagon-r-j-style-2014-147764505,/used-cars/suzuki-wagon-r-2014-for-sale-in-islamabad-11616439
11670593,Daihatsu Mira ES 2012,Islamabad,"2012 95,000 km Petrol 660 cc Automatic",,,20,3,daihatsu-mira-es-2012-146405180,/used-cars/daihatsu-mira-2012-for-sale-in-islamabad-11670593
11672150,Nissan Moco 2015,Islamabad,"2015 133,050 km Petrol 660 cc Automatic",,,2,1,nissan-moco-x-18-2015-146429783,/used-cars/nissan-moco-2015-for-sale-in-islamabad-11672150
11671984,Suzuki Hustler 2016,Islamabad,"2016 115,000 km Petrol 660 cc Automatic",,,12,3,suzuki-hustler-2016-146427188,/used-cars/suzuki-hustler-2016-for-sale-in-islamabad-11671984
11671248,Toyota Pixis 2019,Rawalpindi,"2019 112,191 km Petrol 660 cc Automatic",,,9,3,toyota-pixis-van-deluxe-6-2019-146416424,/used-cars/toyota-pixis-van-2019-for-sale-in-rawalpindi-11671248
11670431,Suzuki Alto 2021,Rawalpindi,"2021 9,000 km Petrol 660 cc Automatic",,,13,1,suzuki-alto-l-upgrade-2021-146402892,/used-cars/suzuki-alto-2021-for-sale-in-rawalpindi-11670431
11671795,Suzuki Alto 2022,Islamabad,"2022 96,000 km Petrol 660 cc Automatic",,,7,3,suzuki-alto-vxl-2-2022-146424171,/used-cars/suzuki-alto-2022-for-sale-in-islamabad-11671795
11579379,Suzuki Alto 2021,Rawalpindi,"2021 46,500 km Petrol 660 cc Automatic",,,6,3,suzuki-alto-vxl-2-2021-145035710,/used-cars/suzuki-alto-2021-for-sale-in-rawalpindi-11579379
11663598,Suzuki Alto 2014,Islamabad,"2014 850,000 km Petrol 660 cc Automatic",,,11,1,suzuki-alto-eco-l-2014-146299531,/used-cars/suzuki-alto-2014-for-sale-in-islamabad-11663598
11591538,Suzuki Alto 2014,Islamabad,"2014 123,000 km Petrol 660 cc Automatic",,,9,3,suzuki-alto-eco-s-2014-146324938,/used-cars/suzuki-alto-2014-for-sale-in-islamabad-11591538
11741619,Suzuki Wagon R 2015,Islamabad,"2015 87,000 km Petrol 660 cc Automatic",,,,,,/used-cars/suzuki-wagon-r-2015-for-sale-in-islamabad-11741619
11537276,Daihatsu Mira 2010 X Limited,Islamabad,"2010 170,000 km Petrol 660 cc Automatic",,,16,2,daihatsu-mira-x-3-2010-144409163,/used-cars/daihatsu-mira-2010-for-sale-in-islamabad-11537276
11607301,Suzuki Alto 2012 VP,Islamabad,"2012 129,950 km Petrol 660 cc Automatic",,,12,4,suzuki-alto-vp-2012-145458742,/used-cars/suzuki-alto-2012-for-sale-in-islamabad-11607301
11662990,Nissan Clipper 2017 DX,Islamabad,2017 150 km Petrol 660 cc Automatic,,,10,4,nissan-clipper-dx-8-2017-146288882,/used-cars/nissan-clipper-2017-for-sale-in-islamabad-11662990
11673954,Suzuki Bolan 2014,Islamabad,"2014 44,477 km Petrol 660 cc Manual",,,4,4,suzuki-bolan-2014-146458264,/used-cars/suzuki-bolan-2014-for-sale-in-islamabad-11673954
11677813,Suzuki Mehran 2010,Islamabad,"2010 150,000 km Petrol 660 cc Manual",,,7,3,suzuki-mehran-2010-146517352,/used-cars/suzuki-mehran-2010-for-sale-in-islamabad-11677813
11704804,Daihatsu Cuore 2010,Islamabad,"2010 30,000 km Petrol 660 cc Automatic",,,11,1,daihatsu-cuore-2010-146929853,/used-cars/daihatsu-cuore-2010-for-sale-in-islamabad-11704804
11706976,Suzuki Carry 2020 LV,Rawalpindi,"2020 100,000 km Petrol 660 cc Manual",,,3,2,suzuki-carry-2-lv-2020-146964828,/used-cars/suzuki-carry-2020-for-sale-in-rawalpindi-11706976
11713439,Suzuki Ravi 2016 Euro II,Islamabad,"2016 150,000 km Petrol 660 cc Manual",,,12,2,suzuki-ravi-efi-euro-ll-2016-147061914,/used-cars/suzuki-ravi-2016-for-sale-in-islamabad-11713439
11744664,Nissan Kix 2010 RX,Islamabad,"2010 100,000 km Petrol 660 cc Automatic",,,13,3,nissan-kix-1-3-turbo-xv-2010-147542951,/used-cars/nissan-kix-2010-for-sale-in-islamabad-11744664
11752585,Mazda Flair 2017 Hybrid XS,Rawalpindi,"2017 90,000 km Hybrid 660 cc Automatic",,,8,3,mazda-flair-hybrid-xs-2-2017-147666828,/used-cars/mazda-flair-2017-for-sale-in-rawalpindi-11752585
11774958,Suzuki Mehran 2014,Rawalpindi,"2014 9,500 km Petrol 660 cc Automatic",,,8,1,suzuki-mehran-2014-148013907,/used-cars/suzuki-mehran-2014-for-sale-in-rawalpindi-11774958
11792156,Mazda Carol 2010,Rawalpindi,"2010 130,000 km Petrol 660 cc Automatic",,,10,3,mazda-carol-2010-148271885,/used-cars/mazda-carol-2010-for-sale-in-rawalpindi-11792156
11792203,Suzuki Alto 2024 VX,Rawalpindi,"2024 52,000 km Petrol 660 cc Manual",,,9,1,suzuki-alto-vx-14-2024-148272282,/used-cars/suzuki-alto-2024-for-sale-in-rawalpindi-11792203
11792259,Mitsubishi I 2011 G,Rawalpindi,"2011 118,000 km Petrol 660 cc Automatic",,,6,2,mitsubishi-i-g-49-2011-148273464,/used-cars/mitsubishi-i-2011-for-sale-in-rawalpindi-11792259
11792313,Mazda Carol 2010 GS,Islamabad,"2010 173,518 km Petrol 660 cc Manual",,,15,4,mazda-carol-gs-3-2010-148269508,/used-cars/mazda-carol-2010-for-sale-in-islamabad-11792313
11792445,Nissan Roox 2012 E,Rawalpindi,"2012 124,500 km Petrol 658 cc Automatic",,,6,2,nissan-roox-e-5-2012-148276163,/used-cars/nissan-roox-2012-for-sale-in-rawalpindi-11792445
11792509,Suzuki Alto 2024 VXR,Islamabad,"2024 58,000 km Petrol 660 cc Manual",,,20,1,suzuki-alto-vxr-2-2024-148277460,/used-cars/suzuki-alto-2024-for-sale-in-islamabad-11792509
11792521,Suzuki Alto 2022 VXL AGS,Islamabad,"2022 40,000 km Petrol 660 cc Automatic",,,19,1,suzuki-alto-vxl-2-2022-148277864,/used-cars/suzuki-alto-2022-for-sale-in-islamabad-11792521
11792525,Suzuki Alto 2024 VXR,Islamabad,"2024 45,000 km Petrol 660 cc Manual",,,6,4,suzuki-alto-vxr-2-2024-148277961,/used-cars/suzuki-alto-2024-for-sale-in-islamabad-11792525
11792566,Suzuki Alto 2021 VXL AGS,Islamabad,"2021 71,000 km Petrol 660 cc Automatic",,,5,4,suzuki-alto-vxl-2-2021-148278271,/used-cars/suzuki-alto-2021-for-sale-in-islamabad-11792566
11792582,Suzuki Alto 2021,Islamabad,"2021 29,000 km Petrol 660 cc Automatic",,,5,3,suzuki-alto-2021-148278390,/used-cars/suzuki-alto-2021-for-sale-in-islamabad-11792582
11792649,Suzuki Alto 2019 VXR,Islamabad,"2019 165,000 km Petrol 660 cc Manual",,,9,1,suzuki-alto-vxr-2-2019-148279804,/used-cars/suzuki-alto-2019-for-sale-in-islamabad-11792649
11792800,Suzuki Wagon R 2014 FX Limited,Islamabad,"2014 89,000 km Petrol 660 cc Automatic",,,9,1,suzuki-wagon-r-fx-limited-2014-148281833,/used-cars/suzuki-wagon-r-2014-for-sale-in-islamabad-11792800
11792818,Suzuki Wagon R 2021,Rawalpindi,"2021 150,000 km Petrol 660 cc Manual",,,17,1,suzuki-wagon-r-2021-148281723,/used-cars/suzuki-wagon-r-2021-for-sale-in-rawalpindi-11792818
11792835,Suzuki Alto 2021 VXL AGS,Islamabad,"2021 60,000 km Petrol 660 cc Automatic",,,8,4,suzuki-alto-vxl-2-2021-148282426,/used-cars/suzuki-alto-2021-for-sale-in-islamabad-11792835
11792838,Suzuki Wagon R 2012 Limited,Islamabad,"2012 150,000 km Petrol 660 cc Automatic",,,11,4,suzuki-wagon-r-limited-7-2012-148282264,/used-cars/suzuki-wagon-r-2012-for-sale-in-islamabad-11792838
11792879,Suzuki Alto 2012 G,Islamabad,"2012 100,000 km Petrol 660 cc Automatic",,,20,1,suzuki-alto-g-4-2012-148283157,/used-cars/suzuki-alto-2012-for-sale-in-islamabad-11792879
11792931,Suzuki Alto 2021 VXL AGS,Islamabad,"2021 88,000 km Petrol 660 cc Automatic",,,9,3,suzuki-alto-vxl-2-2021-148283461,/used-cars/suzuki-alto-2021-for-sale-in-islamabad-11792931
11792997,Suzuki Alto 2024 VXR,Islamabad,"2024 39,000 km Petrol 660 cc Manual",,,9,3,suzuki-alto-vxr-2-2024-148284921,/used-cars/suzuki-alto-2024-for-sale-in-islamabad-11792997
11793079,Daihatsu Hijet 2022 Jumbo Extra,Rawalpindi,"2022 30,000 km Petrol 700 cc Automatic",,,12,1,daihatsu-hijet-van-jumbo-extra-2022-148285803,/used-cars/daihatsu-hijet-2022-for-sale-in-rawalpindi-11793079
11793154,Suzuki Alto 2022 VXR,Islamabad,"2022 74,000 km Petrol 660 cc Manual",,,6,4,suzuki-alto-vxr-2-2022-148287331,/used-cars/suzuki-alto-2022-for-sale-in-islamabad-11793154
11793265,Suzuki Wagon R 2015 FX,Islamabad,"2015 230,000 km Petrol 660 cc Automatic",,,20,4,suzuki-wagon-r-fx-2-2015-148289388,/used-cars/suzuki-wagon-r-2015-for-sale-in-islamabad-11793265
11793362,Honda N Wgn 2017 G L Package,Islamabad,"2017 77,000 km Petrol 660 cc Automatic",,,18,4,honda-n-wgn-g-l-package-10-2017-148290145,/used-cars/honda-n-wgn-2017-for-sale-in-islamabad-11793362
11793391,Suzuki Wagon R 2010 FX Limited,Islamabad,"2010 94,000 km Petrol 660 cc Automatic",,,17,4,suzuki-wagon-r-fx-limited-2010-148290798,/used-cars/suzuki-wagon-r-2010-for-sale-in-islamabad-11793391
11793500,Suzuki Wagon R 2014 Stingray X,Islamabad,"2014 105,000 km Petrol 660 cc Automatic",,,16,3,suzuki-wagon-r-x-14-2014-148292175,/used-cars/suzuki-wagon-r-2014-for-sale-in-islamabad-11793500
10283077,Suzuki Alto 2013 G,Islamabad,"2013 136,000 km Petrol 660 cc Automatic",,,9,1,suzuki-alto-2013-124686026,/used-cars/suzuki-alto-2013-for-sale-in-islamabad-10283077
11647802,Suzuki Wagon R 2014 FX Limited,Rawalpindi,"2014 109,000 km Petrol 660 cc Automatic",,,20,4,suzuki-wagon-r-fx-limited-2014-146065562,/used-cars/suzuki-wagon-r-2014-for-sale-in-rawalpindi-11647802
11665643,Suzuki Alto 2017 L,Rawalpindi,"2017 135,000 km Petrol 660 cc Automatic",,,5,3,suzuki-alto-l-27-2017-146330509,/used-cars/suzuki-alto-2017-for-sale-in-rawalpindi-11665643
11677268,Honda N Box 2014 2Tone Color Style - G Turbo SS Package,Rawalpindi,"2014 110,000 km Petrol 660 cc Automatic",,,6,4,honda-n-box-2tone-color-style-g-turbo-ss-package-2014-146509074,/used-cars/honda-n-box-2014-for-sale-in-rawalpindi-11677268
11737406,Daihatsu Mira 2010 Custom L,Islamabad,"2010 172,500 km Petrol 660 cc Automatic",,,11,4,daihatsu-mira-l-4-2010-147432066,/used-cars/daihatsu-mira-2010-for-sale-in-islamabad-11737406
11774767,Toyota Yaris Hatchback 2021,Islamabad,"2021 296,000 km Petrol 660 cc Automatic",,,5,3,toyota-yaris-hatchback-2021-148295469,/used-cars/toyota-yaris-hatchback-2021-for-sale-in-islamabad-11774767
11792967,Suzuki Alto 2024 VXR,Islamabad,"2024 9,000 km Petrol 660 cc Manual",,,8,3,suzuki-alto-vxr-2-2024-148284060,/used-cars/suzuki-alto-2024-for-sale-in-islamabad-11792967
11793430,Daihatsu Move 2016 Custom X,Islamabad,"2016 153,000 km Petrol 660 cc Automatic",,,8,1,daihatsu-move-custom-x-2016-148291209,/used-cars/daihatsu-move-2016-for-sale-in-islamabad-11793430
11793659,Suzuki Wagon R 2010,Rawalpindi,"2010 135,000 km Petrol 660 cc Automatic",,,11,2,suzuki-wagon-r-2010-148294207,/used-cars/suzuki-wagon-r-2010-for-sale-in-rawalpindi-11793659
11793698,Suzuki Alto 2025 VXR,Islamabad,"2025 35,000 km Petrol 660 cc Manual",,,19,4,suzuki-alto-vxr-2-2025-148294903,/used-cars/suzuki-alto-2025-for-sale-in-islamabad-11793698
11793773,Suzuki Alto 2012 ECO-L,Islamabad,"2012 150,000 km Petrol 660 cc Manual",,,2,3,suzuki-alto-eco-s-2012-148295872,/used-cars/suzuki-alto-2012-for-sale-in-islamabad-11793773
11793944,Suzuki Alto 2022 VXR,Islamabad,"2022 95,000 km Petrol 660 cc Manual",,,9,3,suzuki-alto-vxr-2-2022-148298006,/used-cars/suzuki-alto-2022-for-sale-in-islamabad-11793944
11794683,Suzuki Alto 2021 VXR,Islamabad,"2021 108,500 km Petrol 660 cc Manual",,,9,1,suzuki-alto-vxr-2-2021-148308363,/used-cars/suzuki-alto-2021-for-sale-in-islamabad-11794683
11794753,Suzuki Alto 2023,Islamabad,"2023 99,000 km Petrol 660 cc Manual",,,7,4,suzuki-alto-2023-148309347,/used-cars/suzuki-alto-2023-for-sale-in-islamabad-11794753
11794782,Nissan Dayz 2015 X,Islamabad,"2015 98,000 km Petrol 660 cc Automatic",,,9,2,nissan-dayz-x-40-2015-148309679,/used-cars/nissan-dayz-2015-for-sale-in-islamabad-11794782
11794996,Nissan Dayz 2014 Highway Star G,Islamabad,"2014 92,000 km Petrol 660 cc Automatic",,,20,3,nissan-dayz-highway-star-3-2014-148312756,/used-cars/nissan-dayz-2014-for-sale-in-islamabad-11794996
11795182,Suzuki Alto 2012 ECO-S,Islamabad,"2012 102,000 km Petrol 660 cc Automatic",,,10,3,suzuki-alto-eco-s-2012-148316063,/used-cars/suzuki-alto-2012-for-sale-in-islamabad-11795182
11795234,Daihatsu Mira 2012 X Limited ER,Rawalpindi,"2012 112,000 km Petrol 660 cc Automatic",,,20,3,daihatsu-mira-x-limited-er-2012-148317207,/used-cars/daihatsu-mira-2012-for-sale-in-rawalpindi-11795234
11795300,Suzuki Alto 2022 VXL AGS,Islamabad,"2022 137,000 km Petrol 660 cc Automatic",,,15,3,suzuki-alto-vxl-2-2022-148318567,/used-cars/suzuki-alto-2022-for-sale-in-islamabad-11795300
11795337,Suzuki Alto 2014,Islamabad,"2014 70,000 km Petrol 660 cc Automatic",,,7,4,suzuki-alto-2014-148319315,/used-cars/suzuki-alto-2014-for-sale-in-islamabad-11795337
11795513,Daihatsu Mira 2017 ES,Islamabad,"2017 148,000 km Petrol 660 cc Automatic",,,19,1,daihatsu-mira-es-2017-148322013,/used-cars/daihatsu-mira-2017-for-sale-in-islamabad-11795513
11795514,Suzuki Alto 2022 VXR,Islamabad,"2022 45,000 km Petrol 660 cc Manual",,,5,3,suzuki-alto-vxr-2-2022-148322127,/used-cars/suzuki-alto-2022-for-sale-in-islamabad-11795514
11795585,Suzuki Alto 2024 VXR,Islamabad,"2024 35,500 km Petrol 660 cc Manual",,,5,4,suzuki-alto-vxr-2-2024-148323081,/used-cars/suzuki-alto-2024-for-sale-in-islamabad-11795585
11796165,Nissan Dayz 2013 Highway Star G,Islamabad,"2013 110,000 km Petrol 660 cc Automatic",,,12,3,nissan-dayz-highway-star-3-2013-148333468,/used-cars/nissan-dayz-2013-for-sale-in-islamabad-11796165
11796187,Daihatsu Esse 2010 X Special,Islamabad,"2010 85,000 km Petrol 660 cc Automatic",,,15,1,daihatsu-esse-x-special-5-2010-148334144,/used-cars/daihatsu-esse-2010-for-sale-in-islamabad-11796187
11796242,Suzuki Alto 2015 X,Rawalpindi,"2015 200,000 km Petrol 660 cc Automatic",,,5,4,suzuki-alto-x-9-2015-148335343,/used-cars/suzuki-alto-2015-for-sale-in-rawalpindi-11796242
11796344,Suzuki Alto 2024 VXR,Islamabad,"2024 150,000 km Petrol 660 cc Manual",,,14,3,suzuki-alto-vxr-2-2024-148337003,/used-cars/suzuki-alto-2024-for-sale-in-islamabad-11796344
11796357,Suzuki Alto 2024 VXR,Islamabad,"2024 39,000 km Petrol 660 cc Manual",,,5,2,suzuki-alto-vxr-2-2024-148337152,/used-cars/suzuki-alto-2024-for-sale-in-islamabad-11796357
11796472,Suzuki Alto 2014 ECO-S,Islamabad,"2014 117,000 km Petrol 660 cc Automatic",,,5,4,suzuki-alto-eco-s-2014-148338799,/used-cars/suzuki-alto-2014-for-sale-in-islamabad-11796472
11796654,Daihatsu Mira 2014 ES,Islamabad,"2014 106,000 km Petrol 660 cc Automatic",,,11,4,daihatsu-mira-es-2014-148341526,/used-cars/daihatsu-mira-2014-for-sale-in-islamabad-11796654
11385890,Daihatsu Hijet 2020 Cruise,Islamabad,"2020 85,000 km Petrol 660 cc Automatic",,,5,2,daihatsu-hijet-van-cruise-2020-142073044,/used-cars/daihatsu-hijet-2020-for-sale-in-islamabad-11385890
11814132,Suzuki Alto 2022 VXR,Islamabad,"2022 91,008 km Petrol 660 cc Manual",M,8.6,14,3,suzuki-alto-vxr-2-2022-148612660,/used-cars/suzuki-alto-2022-for-sale-in-islamabad-11814132
11813823,Suzuki Alto 2022 VXL AGS,Islamabad,"2022 76,911 km Petrol 660 cc Automatic",,,9,4,suzuki-alto-vxl-2-2022-148603871,/used-cars/suzuki-alto-2022-for-sale-in-islamabad-11813823
11807544,Daihatsu Mira 2014 X Limited Smart Drive Package,Islamabad,"2014 71,000 km Petrol 660 cc Automatic",,,19,4,daihatsu-mira-x-limited-smart-drive-package-2014-148510232,/used-cars/daihatsu-mira-2014-for-sale-in-islamabad-11807544
11808181,Daihatsu Tanto 2015 L,Islamabad,"2015 96,573 km Petrol 660 cc Automatic",M,6.9,14,1,daihatsu-tanto-l-24-2015-148521193,/used-cars/daihatsu-tanto-2015-for-sale-in-islamabad-11808181
11817085,Suzuki Every 2016 PC,Islamabad,"2016 160,000 km Petrol 660 cc Manual",,,7,4,suzuki-every-pc-2016-148655212,/used-cars/suzuki-every-2016-for-sale-in-islamabad-11817085
11816982,Suzuki Alto 2021 VXR,Islamabad,"2021 170,000 km Petrol 660 cc Manual",,,9,4,suzuki-alto-vxr-2-2021-148652801,/used-cars/suzuki-alto-2021-for-sale-in-islamabad-11816982
11816950,Suzuki Alto 2019 VXR,Islamabad,"2019 52,900 km Petrol 660 cc Manual",,,11,4,suzuki-alto-vxr-2-2019-148652748,/used-cars/suzuki-alto-2019-for-sale-in-islamabad-11816950
11803855,Daihatsu Mira 2015 G Smart Drive Package,Islamabad,"2015 81,000 km Petrol 660 cc Automatic",,,11,1,daihatsu-mira-g-smart-drive-package-2015-148452689,/used-cars/daihatsu-mira-2015-for-sale-in-islamabad-11803855
11816890,Daihatsu Mira 2015 X Special,Islamabad,"2015 96,000 km Petrol 660 cc Automatic",,,17,1,daihatsu-mira-x-special-6-2015-148651859,/used-cars/daihatsu-mira-2015-for-sale-in-islamabad-11816890
11816788,Suzuki Alto 2026 VXL AGS Upgraded,Rawalpindi,"2026 9,000 km Petrol 660 cc Automatic",,,6,1,suzuki-alto-vxl-ags-upgraded-2026-148649966,/used-cars/suzuki-alto-2026-for-sale-in-rawalpindi-11816788
11816763,Suzuki Alto 2012 ECO-L,Islamabad,"2012 126,000 km Petrol 660 cc Automatic",,,7,3,suzuki-alto-eco-l-2012-148649357,/used-cars/suzuki-alto-2012-for-sale-in-islamabad-11816763
11816706,Suzuki Alto 2022 VXR,Rawalpindi,"2022 80,000 km Petrol 660 cc Manual",,,11,4,suzuki-alto-vxr-2-2022-148648277,/used-cars/suzuki-alto-2022-for-sale-in-rawalpindi-11816706
11816616,Nissan Dayz 2015,Islamabad,"2015 165,000 km Petrol 660 cc Automatic",,,11,1,nissan-dayz-2015-148647148,/used-cars/nissan-dayz-2015-for-sale-in-islamabad-11816616
11816487,Mazda Flair 2013,Islamabad,"2013 171,000 km Petrol 660 cc Automatic",,,10,4,mazda-flair-2013-148645739,/used-cars/mazda-flair-2013-for-sale-in-islamabad-11816487
11816444,Nissan Moco 2014 X Idling Stop,Islamabad,"2014 120,000 km Petrol 660 cc Automatic",,,12,3,nissan-moco-x-idling-stop-4-2014-148644802,/used-cars/nissan-moco-2014-for-sale-in-islamabad-11816444
11816438,Suzuki Alto 2021 VXR,Islamabad,"2021 85,000 km Petrol 660 cc Manual",,,10,2,suzuki-alto-vxr-2-2021-148644701,/used-cars/suzuki-alto-2021-for-sale-in-islamabad-11816438
11816226,Suzuki Every 2015 Join,Islamabad,"2015 220,000 km Petrol 660 cc Automatic",,,5,1,suzuki-every-join-2-2015-148641736,/used-cars/suzuki-every-2015-for-sale-in-islamabad-11816226
11815732,Suzuki Alto 2019 VXR,Islamabad,"2019 108,000 km Petrol 660 cc Manual",,,9,1,suzuki-alto-vxr-2-2019-148635345,/used-cars/suzuki-alto-2019-for-sale-in-islamabad-11815732
11815418,Suzuki Alto 2021 VXR,Rawalpindi,"2021 80,000 km Petrol 660 cc Manual",,,8,4,suzuki-alto-vxr-2-2021-148631050,/used-cars/suzuki-alto-2021-for-sale-in-rawalpindi-11815418
11815281,Suzuki Alto 2022 VXR AGS,Rawalpindi,"2022 54,000 km Petrol 660 cc Automatic",,,6,1,suzuki-alto-vxr-ags-2022-148629271,/used-cars/suzuki-alto-2022-for-sale-in-rawalpindi-11815281
11814851,Nissan Moco 2013 X Idling Stop Aero Style,Islamabad,"2013 81,200 km Petrol 660 cc Automatic",,,11,2,nissan-moco-x-idling-stop-aero-style-2013-148623186,/used-cars/nissan-moco-2013-for-sale-in-islamabad-11814851
11814985,Nissan Dayz 2015 X,Islamabad,"2015 70,326 km Petrol 660 cc Automatic",,,5,2,nissan-dayz-x-40-2015-148625423,/used-cars/nissan-dayz-2015-for-sale-in-islamabad-11814985
11814965,Suzuki Alto 2022 VXL AGS,Islamabad,"2022 90,565 km Petrol 660 cc Automatic",,,19,1,suzuki-alto-vxl-2-2022-148624872,/used-cars/suzuki-alto-2022-for-sale-in-islamabad-11814965
11808686,Nissan Dayz 2014 Highway Star G,Islamabad,"2014 112,000 km Petrol 660 cc Automatic",,,13,2,nissan-dayz-highway-star-3-2014-148529332,/used-cars/nissan-dayz-2014-for-sale-in-islamabad-11808686
11808668,Daihatsu Mira 2012,Islamabad,"2012 183,000 km Petrol 660 cc Manual",,,10,2,daihatsu-mira-2012-148528662,/used-cars/daihatsu-mira-2012-for-sale-in-islamabad-11808668
11801336,Suzuki Spacia 2015 Custom GS,Rawalpindi,"2015 163,530 km Hybrid 660 cc Automatic",M,5,14,1,suzuki-spacia-custom-gs-2015-148415585,/used-cars/suzuki-spacia-2015-for-sale-in-rawalpindi-11801336
11803379,Suzuki Alto 2012 ECO-S,Islamabad,"2012 156,200 km Petrol 660 cc Automatic",,,8,2,suzuki-alto-eco-s-2012-148445413,/used-cars/suzuki-alto-2012-for-sale-in-islamabad-11803379
11814828,Honda N One 2013 Premium SS Brown Style Package,Islamabad,"2013 97,000 km Petrol 660 cc Automatic",,,12,2,honda-none-premium-ss-brown-style-package-2013-148622929,/used-cars/honda-n-one-2013-for-sale-in-islamabad-11814828
11814684,Suzuki Alto 2011 G,Islamabad,"2011 98,000 km Petrol 660 cc Automatic",,,10,4,suzuki-alto-g-4-2011-148620481,/used-cars/suzuki-alto-2011-for-sale-in-islamabad-11814684
11813935,Daihatsu Move Conte 2014 Custom RS,Islamabad,"2014 146,000 km Petrol 660 cc Automatic",,,10,3,daihatsu-move-conte-custom-rs-2-2014-148608290,/used-cars/daihatsu-move-conte-2014-for-sale-in-islamabad-11813935
11813773,Suzuki Wagon R 2016 FX Limited,Islamabad,"2016 90,650 km Petrol 660 cc Automatic",,,10,2,suzuki-wagon-r-fx-limited-2016-148606635,/used-cars/suzuki-wagon-r-2016-for-sale-in-islamabad-11813773
11813655,Mitsubishi Ek Wagon 2017 T Safety Package,Islamabad,"2017 50,000 km Petrol 660 cc Automatic",,,20,3,mitsubishi-ek-wagon-t-safety-package-2017-148604988,/used-cars/mitsubishi-ek-wagon-2017-for-sale-in-islamabad-11813655
11813349,Suzuki Wagon R 2014,Islamabad,"2014 135,000 km Petrol 660 cc Automatic",,,11,3,suzuki-wagon-r-2014-148600417,/used-cars/suzuki-wagon-r-2014-for-sale-in-islamabad-11813349
11812849,Daihatsu Mira 2015 X,Islamabad,"2015 100,000 km Petrol 660 cc Automatic",,,15,4,daihatsu-mira-x-8-2015-148592294,/used-cars/daihatsu-mira-2015-for-sale-in-islamabad-11812849
11800400,Suzuki Alto 2018 Works Edition,Islamabad,"2018 97,000 km Petrol 658 cc Automatic",,,15,1,suzuki-alto-works-edition-2018-148398846,/used-cars/suzuki-alto-2018-for-sale-in-islamabad-11800400
11812795,Nissan Clipper 2013 E,Islamabad,"2013 117,000 km Petrol 660 cc Automatic",,,8,3,nissan-clipper-e-7-2013-148591192,/used-cars/nissan-clipper-2013-for-sale-in-islamabad-11812795
11812749,Suzuki Alto 2024 VXR,Islamabad,"2024 28,700 km Petrol 660 cc Manual",,,10,4,suzuki-alto-vxr-2-2024-148590596,/used-cars/suzuki-alto-2024-for-sale-in-islamabad-11812749
11812738,Suzuki Alto 2014 F,Islamabad,"2014 170,000 km Petrol 660 cc Automatic",,,10,2,suzuki-alto-f-2-2014-148590438,/used-cars/suzuki-alto-2014-for-sale-in-islamabad-11812738
11812631,Suzuki Alto 2020 VXL AGS,Islamabad,"2020 77,000 km Petrol 660 cc Automatic",,,11,1,suzuki-alto-vxl-2-2020-148588955,/used-cars/suzuki-alto-2020-for-sale-in-islamabad-11812631
11511796,Suzuki Every 2025 VX,Islamabad,"2025 1,994 km Petrol 660 cc Manual",M,9.5,15,2,suzuki-every-vx-2-2025-144026989,/used-cars/suzuki-every-2025-for-sale-in-islamabad-11511796
11799683,Mazda Flair 2014 XG,Islamabad,"2014 138,000 km Petrol 660 cc Automatic",,,11,4,mazda-flair-xg-4-2014-148388277,/used-cars/mazda-flair-2014-for-sale-in-islamabad-11799683
11763337,Daihatsu Mira 2014 ES,Islamabad,"2014 100,000 km Petrol 660 cc Automatic",,,10,4,daihatsu-mira-es-2014-148386314,/used-cars/daihatsu-mira-2014-for-sale-in-islamabad-11763337
11798291,Suzuki Alto 2021 VXL AGS,Islamabad,"2021 74,000 km Petrol 660 cc Automatic",,,11,3,suzuki-alto-vxl-2-2021-148370501,/used-cars/suzuki-alto-2021-for-sale-in-islamabad-11798291
11812024,Suzuki Alto 2013 ECO-L,Rawalpindi,"2013 200,000 km Petrol 660 cc Automatic",,,5,2,suzuki-alto-eco-l-2013-148579525,/used-cars/suzuki-alto-2013-for-sale-in-rawalpindi-11812024
11812373,Suzuki Wagon R 2011 FT Limited,Islamabad,"2011 123,000 km Petrol 660 cc Automatic",,,16,4,suzuki-wagon-r-ft-limited-2011-148597078,/used-cars/suzuki-wagon-r-2011-for-sale-in-islamabad-11812373
11812323,Nissan Clipper 2013 G Four,Rawalpindi,"2013 136,900 km Petrol 660 cc Automatic",,,,,,/used-cars/nissan-clipper-2013-for-sale-in-rawalpindi-11812323
11812291,Suzuki Alto 2013 G,Rawalpindi,"2013 100,000 km Petrol 660 cc Automatic",,,9,1,suzuki-alto-g-4-2013-148583096,/used-cars/suzuki-alto-2013-for-sale-in-rawalpindi-11812291
11812179,Daihatsu Mira 2020 L SA III,Islamabad,"2020 150,000 km Petrol 660 cc Automatic",,,15,4,daihatsu-mira-l-sa-iii-2020-148581453,/used-cars/daihatsu-mira-2020-for-sale-in-islamabad-11812179
11811939,Suzuki Wagon R 2012 FX Limited,Islamabad,"2012 120,000 km Petrol 660 cc Automatic",,,9,3,suzuki-wagon-r-fx-limited-2012-148578446,/used-cars/suzuki-wagon-r-2012-for-sale-in-islamabad-11811939
11811907,Daihatsu Move 2014 X Limited,Islamabad,"2014 89,000 km Petrol 660 cc Automatic",,,19,4,daihatsu-move-x-limited-2014-148578044,/used-cars/daihatsu-move-2014-for-sale-in-islamabad-11811907
11709733,Mitsubishi Ek Wagon 2015 E,Islamabad,"2015 100,000 km Petrol 660 cc Automatic",,,12,1,mitsubishi-ek-wagon-e-10-2015-147007552,/used-cars/mitsubishi-ek-wagon-2015-for-sale-in-islamabad-11709733
11811654,Mitsubishi Ek Wagon 2014 G Safety Package,Islamabad,"2014 123,000 km Petrol 660 cc Automatic",,,13,3,mitsubishi-ek-wagon-g-safety-package-2014-148574722,/used-cars/mitsubishi-ek-wagon-2014-for-sale-in-islamabad-11811654
11669673,Suzuki Wagon R 2015 FX,Islamabad,"2015 80,000 km Petrol 660 cc Automatic",,,8,1,suzuki-wagon-r-fx-2-2015-146391567,/used-cars/suzuki-wagon-r-2015-for-sale-in-islamabad-11669673
11811123,Suzuki Wagon R 2017 FX Limited,Rawalpindi,"2017 97,000 km Petrol 660 cc Automatic",,,13,1,suzuki-wagon-r-fx-limited-2017-148567976,/used-cars/suzuki-wagon-r-2017-for-sale-in-rawalpindi-11811123
11811085,Suzuki Alto 2021 VXR,Islamabad,"2021 80,000 km Petrol 660 cc Manual",,,11,2,suzuki-alto-vxr-2-2021-148567581,/used-cars/suzuki-alto-2021-for-sale-in-islamabad-11811085
11810735,Suzuki Every Wagon 2013 PZ Turbo Special,Rawalpindi,"2013 100,000 km Petrol 660 cc Automatic",,,12,3,suzuki-every-wagon-pz-turbo-special-2013-148558837,/used-cars/suzuki-every-wagon-2013-for-sale-in-rawalpindi-11810735
11810743,Daihatsu Mira 2013 X,Islamabad,"2013 139,000 km Petrol 660 cc Automatic",,,12,2,daihatsu-mira-x-8-2013-148562134,/used-cars/daihatsu-mira-2013-for-sale-in-islamabad-11810743
11810618,Suzuki Alto 2022 VXL AGS,Rawalpindi,"2022 48,000 km Petrol 660 cc Automatic",,,9,3,suzuki-alto-vxl-2-2022-148561099,/used-cars/suzuki-alto-2022-for-sale-in-rawalpindi-11810618
11810466,Daihatsu Hijet 2010,Islamabad,"2010 201,000 km Petrol 660 cc Automatic",,,9,3,daihatsu-hijet-van-2010-148557596,/used-cars/daihatsu-hijet-2010-for-sale-in-islamabad-11810466
11810444,Suzuki Alto 2012 ECO-S,Islamabad,"2012 115,000 km Petrol 660 cc Automatic",,,14,1,suzuki-alto-eco-s-2012-148558960,/used-cars/suzuki-alto-2012-for-sale-in-islamabad-11810444
11810102,Suzuki Wagon R 2011 FX Limited,Islamabad,"2011 123,500 km Petrol 660 cc Automatic",,,9,2,suzuki-wagon-r-fx-limited-2011-148553435,/used-cars/suzuki-wagon-r-2011-for-sale-in-islamabad-11810102
11810092,Daihatsu Hijet 2017 Cruise,Rawalpindi,"2017 10,000 km Petrol 660 cc Automatic",,,4,2,daihatsu-hijet-van-cruise-2017-148553192,/used-cars/daihatsu-hijet-2017-for-sale-in-rawalpindi-11810092
11810084,Honda Life 2013 Pastel Turbo HID Special,Islamabad,"2013 198,000 km Petrol 660 cc Automatic",,,1,1,honda-life-pastel-turbo-hid-special-2013-148648837,/used-cars/honda-life-2013-for-sale-in-islamabad-11810084
11809982,Nissan Dayz 2016 Highway Star G,Rawalpindi,"2016 132,750 km Petrol 660 cc Automatic",,,7,2,nissan-dayz-highway-star-3-2016-148551225,/used-cars/nissan-dayz-2016-for-sale-in-rawalpindi-11809982
11809932,Suzuki Alto 2015 F,Islamabad,"2015 72,000 km Petrol 660 cc Automatic",,,14,1,suzuki-alto-f-2-2015-148550359,/used-cars/suzuki-alto-2015-for-sale-in-islamabad-11809932
11809891,Suzuki Alto 2021 VXL AGS,Rawalpindi,"2021 45,000 km Petrol 660 cc Automatic",,,13,1,suzuki-alto-vxl-2-2021-148549651,/used-cars/suzuki-alto-2021-for-sale-in-rawalpindi-11809891
11809527,Daihatsu Mira 2017 ES,Rawalpindi,"2017 72,000 km Petrol 660 cc Automatic",,,13,1,daihatsu-mira-es-2017-148543403,/used-cars/daihatsu-mira-2017-for-sale-in-rawalpindi-11809527
11809488,Suzuki Wagon R 2013 Stingray X,Islamabad,"2013 127,000 km Petrol 660 cc Automatic",,,14,3,suzuki-wagon-r-x-14-2013-148542575,/used-cars/suzuki-wagon-r-2013-for-sale-in-islamabad-11809488
11809127,Daihatsu Move 2011 X Limited,Rawalpindi,"2011 102,685 km Petrol 660 cc Automatic",,,20,2,daihatsu-move-x-limited-2011-148536842,/used-cars/daihatsu-move-2011-for-sale-in-rawalpindi-11809127
11808658,Suzuki Wagon R 2014 FX Limited,Islamabad,"2014 150,000 km Petrol 660 cc Automatic",,,9,4,suzuki-wagon-r-fx-limited-2014-148528855,/used-cars/suzuki-wagon-r-2014-for-sale-in-islamabad-11808658
11808603,Suzuki Every 2025 VX,Islamabad,"2025 6,700 km Petrol 660 cc Manual",,,19,2,suzuki-every-vx-2-2025-148528207,/used-cars/suzuki-every-2025-for-sale-in-islamabad-11808603
11808445,Daihatsu Mira 2012 ES,Rawalpindi,"2012 219,000 km Petrol 660 cc Automatic",,,4,4,daihatsu-mira-es-2012-148525669,/used-cars/daihatsu-mira-2012-for-sale-in-rawalpindi-11808445
11808406,Daihatsu Hijet 2019 Special,Islamabad,"2019 60,000 km Petrol 660 cc Automatic",,,16,4,daihatsu-hijet-van-special-4-2019-148524907,/used-cars/daihatsu-hijet-2019-for-sale-in-islamabad-11808406
11808314,Daihatsu Hijet 2020,Rawalpindi,"2020 172,000 km Petrol 660 cc Automatic",,,16,1,daihatsu-hijet-van-2020-148522979,/used-cars/daihatsu-hijet-2020-for-sale-in-rawalpindi-11808314
11808251,Suzuki Wagon R 2014 FX Limited,Islamabad,"2014 127,000 km Petrol 660 cc Automatic",,,7,1,suzuki-wagon-r-fx-limited-2014-148522216,/used-cars/suzuki-wagon-r-2014-for-sale-in-islamabad-11808251
11807777,Suzuki Wagon R 2015 FX Limited,Islamabad,"2015 98,000 km Petrol 660 cc Automatic",,,18,2,suzuki-wagon-r-fx-limited-2015-148513691,/used-cars/suzuki-wagon-r-2015-for-sale-in-islamabad-11807777
11777346,Nissan Dayz 2013 Highway Star X,Rawalpindi,"2013 101,000 km Petrol 660 cc Automatic",,,10,3,nissan-dayz-highway-star-x-2013-148047964,/used-cars/nissan-dayz-2013-for-sale-in-rawalpindi-11777346
11807586,Honda N Wgn 2014 Custom G,Islamabad,"2014 93,000 km Petrol 660 cc Automatic",,,6,1,honda-n-wgn-custom-g-3-2014-148510860,/used-cars/honda-n-wgn-2014-for-sale-in-islamabad-11807586
11794279,Nissan Dayz 2015 Highway Star G,Islamabad,"2015 85,000 km Petrol 660 cc Automatic",,,13,4,nissan-dayz-highway-star-3-2015-148302778,/used-cars/nissan-dayz-2015-for-sale-in-islamabad-11794279
11807177,Daihatsu Mira 2012 ES,Rawalpindi,"2012 101,000 km Petrol 660 cc Automatic",,,12,3,daihatsu-mira-es-2012-148505496,/used-cars/daihatsu-mira-2012-for-sale-in-rawalpindi-11807177
11806875,Suzuki Alto 2022 VXL AGS,Islamabad,"2022 57,000 km Petrol 660 cc Automatic",,,4,2,suzuki-alto-vxl-2-2022-148501387,/used-cars/suzuki-alto-2022-for-sale-in-islamabad-11806875
11806562,Suzuki Alto 2015 Works Edition,Islamabad,"2015 147,630 km Petrol 658 cc Automatic",,,20,3,suzuki-alto-works-edition-2015-148497057,/used-cars/suzuki-alto-2015-for-sale-in-islamabad-11806562
11806321,Nissan Dayz 2014,Islamabad,"2014 145,000 km Petrol 660 cc Automatic",,,7,2,nissan-dayz-2014-148492096,/used-cars/nissan-dayz-2014-for-sale-in-islamabad-11806321
11806219,Suzuki Wagon R 2014 FX,Islamabad,"2014 145,000 km Petrol 660 cc Automatic",,,11,1,suzuki-wagon-r-fx-2-2014-148491695,/used-cars/suzuki-wagon-r-2014-for-sale-in-islamabad-11806219
11805814,Suzuki Every 2016,Rawalpindi,"2016 180,000 km Petrol 660 cc Automatic",,,10,4,suzuki-every-2016-148484699,/used-cars/suzuki-every-2016-for-sale-in-rawalpindi-11805814
11805709,Daihatsu Cast 2016 Activa G Turbo,Islamabad,"2016 81,500 km Petrol 660 cc Automatic",,,10,3,daihatsu-cast-activa-g-turbo-2016-148483168,/used-cars/daihatsu-cast-2016-for-sale-in-islamabad-11805709
11805522,Daihatsu Mira 2017 ES,Rawalpindi,"2017 197,000 km Petrol 660 cc Automatic",,,9,4,daihatsu-mira-es-2017-148477628,/used-cars/daihatsu-mira-2017-for-sale-in-rawalpindi-11805522
11805425,Suzuki Alto 2021 VXR,Islamabad,2021 127 km Petrol 660 cc Manual,,,5,3,suzuki-alto-vxr-2-2021-148478662,/used-cars/suzuki-alto-2021-for-sale-in-islamabad-11805425
11805427,Suzuki Alto 2019 VXL AGS,Islamabad,"2019 135,000 km Petrol 660 cc Automatic",,,10,1,suzuki-alto-vxl-2-2019-148478467,/used-cars/suzuki-alto-2019-for-sale-in-islamabad-11805427
11805417,Daihatsu Mira 2011 L,Rawalpindi,"2011 109,000 km Petrol 660 cc Automatic",,,7,4,daihatsu-mira-l-10-2011-148478229,/used-cars/daihatsu-mira-2011-for-sale-in-rawalpindi-11805417
11805182,Suzuki Alto 2019 VXL AGS,Rawalpindi,"2019 145,000 km Petrol 660 cc Automatic",,,8,4,suzuki-alto-vxl-2-2019-148473917,/used-cars/suzuki-alto-2019-for-sale-in-rawalpindi-11805182
11805105,Suzuki Alto 2015,Islamabad,"2015 141,000 km Petrol 660 cc Automatic",,,20,1,suzuki-alto-2015-148473310,/used-cars/suzuki-alto-2015-for-sale-in-islamabad-11805105
11804944,Suzuki Wagon R 2014 FX Limited,Rawalpindi,"2014 158,650 km Petrol 660 cc Automatic",,,11,4,suzuki-wagon-r-fx-limited-2014-148470411,/used-cars/suzuki-wagon-r-2014-for-sale-in-rawalpindi-11804944
11804427,Toyota Pixis Epoch 2015 D,Islamabad,"2015 99,000 km Petrol 660 cc Automatic",,,11,3,toyota-pixis-d-3-2015-148462026,/used-cars/toyota-pixis-epoch-2015-for-sale-in-islamabad-11804427
11800919,Suzuki Wagon R 2015 FX Limited,Islamabad,"2015 104,000 km Petrol 660 cc Automatic",,,20,4,suzuki-wagon-r-fx-limited-2015-148560183,/used-cars/suzuki-wagon-r-2015-for-sale-in-islamabad-11800919
11804238,Honda N Box 2017,Rawalpindi,"2017 100,000 km Petrol 660 cc Automatic",,,14,3,honda-n-box-2017-148458879,/used-cars/honda-n-box-2017-for-sale-in-rawalpindi-11804238
11804179,Daihatsu Mira 2016 X Special,Islamabad,"2016 100,300 km Petrol 660 cc Automatic",,,11,3,daihatsu-mira-x-special-6-2016-148457904,/used-cars/daihatsu-mira-2016-for-sale-in-islamabad-11804179
11804003,Suzuki Alto 2025 VXR,Rawalpindi,"2025 28,000 km Petrol 660 cc Manual",,,16,2,suzuki-alto-vxr-2-2025-148455174,/used-cars/suzuki-alto-2025-for-sale-in-rawalpindi-11804003
11803877,Suzuki Alto 2021 VXL AGS,Islamabad,"2021 102,000 km Petrol 660 cc Automatic",,,5,2,suzuki-alto-vxl-2-2021-148452962,/used-cars/suzuki-alto-2021-for-sale-in-islamabad-11803877
11803376,Suzuki Alto 2011,Islamabad,"2011 100,000 km Petrol 660 cc Automatic",,,6,3,suzuki-alto-2011-148445438,/used-cars/suzuki-alto-2011-for-sale-in-islamabad-11803376
11803299,Suzuki Alto 2014 ECO-L,Rawalpindi,"2014 86,508 km Petrol 660 cc Automatic",,,10,4,suzuki-alto-eco-l-2014-148444491,/used-cars/suzuki-alto-2014-for-sale-in-rawalpindi-11803299
11803120,Suzuki Alto 2021 VXL AGS,Islamabad,"2021 37,000 km Petrol 660 cc Automatic",,,8,3,suzuki-alto-vxl-2-2021-148442438,/used-cars/suzuki-alto-2021-for-sale-in-islamabad-11803120
11802886,Daihatsu Move 2018 Custom X,Islamabad,"2018 130,000 km Petrol 660 cc Automatic",,,7,1,daihatsu-move-custom-x-2018-148438697,/used-cars/daihatsu-move-2018-for-sale-in-islamabad-11802886
11802746,Suzuki Alto 2010 E,Rawalpindi,"2010 100,000 km Petrol 660 cc Automatic",,,2,4,suzuki-alto-e-2010-148436928,/used-cars/suzuki-alto-2010-for-sale-in-rawalpindi-11802746
11786248,Suzuki Alto 2022 VXR,Islamabad,"2022 85,000 km Petrol 660 cc Manual",,,12,1,suzuki-alto-vxr-2-2022-148183358,/used-cars/suzuki-alto-2022-for-sale-in-islamabad-11786248
11802569,Daihatsu Mira 2014 G Smart Drive Package,Islamabad,"2014 68,000 km Petrol 660 cc Automatic",,,8,3,daihatsu-mira-g-smart-drive-package-2014-148434219,/used-cars/daihatsu-mira-2014-for-sale-in-islamabad-11802569
11802566,Suzuki Wagon R 2013 FX,Islamabad,"2013 155,000 km Petrol 660 cc Automatic",,,7,1,suzuki-wagon-r-fx-2-2013-148434318,/used-cars/suzuki-wagon-r-2013-for-sale-in-islamabad-11802566
11802391,Daihatsu Mira 2012 X,Islamabad,"2012 122,000 km Petrol 660 cc Automatic",,,20,3,daihatsu-mira-x-8-2012-148432130,/used-cars/daihatsu-mira-2012-for-sale-in-islamabad-11802391
11802379,Suzuki Alto 2010 G,Rawalpindi,"2010 300,000 km Petrol 660 cc Automatic",,,8,4,suzuki-alto-g-4-2010-148431816,/used-cars/suzuki-alto-2010-for-sale-in-rawalpindi-11802379
11802105,Suzuki Alto 2022 VXR,Islamabad,"2022 91,000 km Petrol 660 cc Manual",,,6,1,suzuki-alto-vxr-2-2022-148427572,/used-cars/suzuki-alto-2022-for-sale-in-islamabad-11802105
11802089,Suzuki Alto 2022 VXR,Islamabad,"2022 55,000 km Petrol 660 cc Manual",,,8,2,suzuki-alto-vxr-2-2022-148427383,/used-cars/suzuki-alto-2022-for-sale-in-islamabad-11802089
11773596,Suzuki Alto 2022 VXR,Islamabad,"2022 92,700 km Petrol 660 cc Manual",,,5,2,suzuki-alto-vxr-2-2022-147991780,/used-cars/suzuki-alto-2022-for-sale-in-islamabad-11773596
11801115,Suzuki Alto 2021 VXL AGS,Rawalpindi,"2021 46,000 km Petrol 660 cc Automatic",,,6,3,suzuki-alto-vxl-2-2021-148411243,/used-cars/suzuki-alto-2021-for-sale-in-rawalpindi-11801115
11801453,Daihatsu Move 2013 Custom X Limited,Islamabad,"2013 156,299 km Petrol 660 cc Automatic",,,9,2,daihatsu-move-custom-x-limited-2013-148416706,/used-cars/daihatsu-move-2013-for-sale-in-islamabad-11801453
11786390,Daihatsu Move Conte 2010,Rawalpindi,"2010 200,000 km Petrol 660 cc Automatic",,,11,4,daihatsu-move-conte-2010-148185220,/used-cars/daihatsu-move-conte-2010-for-sale-in-rawalpindi-11786390
11801152,Mazda Flair 2013 XG,Rawalpindi,"2013 155,000 km Petrol 660 cc Automatic",,,11,4,mazda-flair-xg-4-2013-148411765,/used-cars/mazda-flair-2013-for-sale-in-rawalpindi-11801152
11660579,Suzuki Alto 2011,Islamabad,"2011 150,000 km Petrol 660 cc Automatic",,,11,1,suzuki-alto-2011-146254129,/used-cars/suzuki-alto-2011-for-sale-in-islamabad-11660579
11801069,Nissan Dayz 2016,Rawalpindi,"2016 75,000 km Petrol 660 cc Automatic",,,12,3,nissan-dayz-2016-148412678,/used-cars/nissan-dayz-2016-for-sale-in-rawalpindi-11801069
11800816,Nissan Dayz 2014 X,Islamabad,"2014 124,000 km Petrol 660 cc Automatic",,,1,3,nissan-dayz-x-40-2014-148406018,/used-cars/nissan-dayz-2014-for-sale-in-islamabad-11800816
11800726,Mazda Flair 2014,Rawalpindi,"2014 128,000 km Petrol 660 cc Automatic",,,15,4,suzuki-wagon-r-fx-limited-2014-148404711,/used-cars/mazda-flair-2014-for-sale-in-rawalpindi-11800726
11800656,Suzuki Alto 2019 VXR,Rawalpindi,"2019 97,000 km Petrol 660 cc Manual",,,10,2,suzuki-alto-vxr-2-2019-148403528,/used-cars/suzuki-alto-2019-for-sale-in-rawalpindi-11800656
11429264,Suzuki Spacia 2014 X,Islamabad,"2014 130,000 km Petrol 660 cc Automatic",,,8,3,suzuki-spacia-x-32-2014-148402691,/used-cars/suzuki-spacia-2014-for-sale-in-islamabad-11429264
11800525,Suzuki Wagon R 2012 Stingray Limited,Islamabad,"2012 114,000 km Petrol 660 cc Automatic",,,15,4,suzuki-wagon-r-stingray-limited-2012-148401214,/used-cars/suzuki-wagon-r-2012-for-sale-in-islamabad-11800525
11800454,Suzuki Alto 2022 VXL AGS,Islamabad,"2022 88,425 km Petrol 660 cc Automatic",,,5,1,suzuki-alto-vxl-2-2022-148399970,/used-cars/suzuki-alto-2022-for-sale-in-islamabad-11800454
11800334,Suzuki Alto 2019 VXL AGS,Islamabad,"2019 100,000 km Petrol 660 cc Automatic",,,14,2,suzuki-alto-vxl-2-2019-148398183,/used-cars/suzuki-alto-2019-for-sale-in-islamabad-11800334
11800308,Suzuki Every 2026 VXR,Islamabad,2026 1 km Petrol 660 cc Manual,,,8,3,suzuki-every-vxr-2-2026-148397746,/used-cars/suzuki-every-2026-for-sale-in-islamabad-11800308
11800227,Suzuki Every Wagon 2012 PZ Turbo Special,Rawalpindi,"2012 59,000 km Petrol 660 cc Automatic",,,10,2,suzuki-every-wagon-pz-turbo-special-2012-148395225,/used-cars/suzuki-every-wagon-2012-for-sale-in-rawalpindi-11800227
11800174,Suzuki Hustler 2015 G,Islamabad,"2015 170,000 km Petrol 660 cc Automatic",,,12,4,suzuki-hustler-g-54-2015-148394689,/used-cars/suzuki-hustler-2015-for-sale-in-islamabad-11800174
11800137,Daihatsu Mira 2013 G SA,Islamabad,"2013 170,000 km Petrol 660 cc Automatic",,,7,3,daihatsu-mira-g-sa-2-2013-148394389,/used-cars/daihatsu-mira-2013-for-sale-in-islamabad-11800137
11799984,Suzuki Alto 2013 ECO-L,Islamabad,"2013 160,000 km Petrol 660 cc Automatic",,,11,1,suzuki-alto-eco-l-2013-148392668,/used-cars/suzuki-alto-2013-for-sale-in-islamabad-11799984
11799745,Daihatsu Mira 2013 ES,Rawalpindi,"2013 91,630 km Petrol 660 cc Automatic",,,14,1,daihatsu-mira-es-2013-148391508,/used-cars/daihatsu-mira-2013-for-sale-in-rawalpindi-11799745
11799738,Daihatsu Mira 2012 ES,Rawalpindi,"2012 120,000 km Petrol 660 cc Automatic",,,11,4,daihatsu-mira-es-2012-148388950,/used-cars/daihatsu-mira-2012-for-sale-in-rawalpindi-11799738
11799689,Subaru Stella 2013 G,Rawalpindi,"2013 102,000 km Petrol 660 cc Automatic",,,10,2,subaru-stella-custom-r-limited-2013-148388466,/used-cars/subaru-stella-2013-for-sale-in-rawalpindi-11799689
11799609,Daihatsu Mira 2012,Islamabad,"2012 98,000 km Petrol 660 cc Automatic",,,5,1,daihatsu-mira-2012-148386597,/used-cars/daihatsu-mira-2012-for-sale-in-islamabad-11799609
11798778,Nissan Dayz 2014 Bolero X,Islamabad,"2014 210,000 km Petrol 660 cc Automatic",,,10,1,nissan-dayz-bolero-x-2014-148373204,/used-cars/nissan-dayz-2014-for-sale-in-islamabad-11798778
11798695,Nissan Dayz 2015 Highway Star G,Islamabad,"2015 98,000 km Petrol 660 cc Automatic",,,8,3,nissan-dayz-highway-star-3-2015-148372351,/used-cars/nissan-dayz-2015-for-sale-in-islamabad-11798695
11798023,Nissan Dayz 2016 Bolero J,Rawalpindi,"2016 110,000 km Petrol 660 cc Automatic",,,18,1,nissan-dayz-bolero-x-2-2016-148363607,/used-cars/nissan-dayz-2016-for-sale-in-rawalpindi-11798023
11798514,Mitsubishi Ek Wagon 2014,Islamabad,"2014 139,000 km Petrol 660 cc Automatic",,,13,3,mitsubishi-ek-wagon-2014-148370107,/used-cars/mitsubishi-ek-wagon-2014-for-sale-in-islamabad-11798514
11798444,Mazda Flair Crossover 2014,Islamabad,"2014 97,000 km Petrol 660 cc Automatic",,,8,4,mazda-flair-crossover-2014-148369030,/used-cars/mazda-flair-crossover-2014-for-sale-in-islamabad-11798444
11798160,Honda N Box 2022 Slash G,Islamabad,"2022 31,000 km Petrol 660 cc Automatic",,,18,3,honda-n-box-g-53-2022-148365409,/used-cars/honda-n-box-2022-for-sale-in-islamabad-11798160
11798130,Suzuki Every Wagon 2011 PZ Turbo,Rawalpindi,"2011 117,000 km Petrol 660 cc Automatic",,,15,1,suzuki-every-wagon-pz-turbo-2-2011-148365075,/used-cars/suzuki-every-wagon-2011-for-sale-in-rawalpindi-11798130
11766629,Suzuki Alto 2011 F,Islamabad,"2011 78,000 km Petrol 660 cc Automatic",,,19,4,suzuki-alto-f-2-2011-147886046,/used-cars/suzuki-alto-2011-for-sale-in-islamabad-11766629
11797475,Suzuki Alto 2019 VXR,Islamabad,"2019 89,000 km Petrol 660 cc Manual",,,10,3,suzuki-alto-vxr-2-2019-148355466,/used-cars/suzuki-alto-2019-for-sale-in-islamabad-11797475
11796857,Subaru Stella 2010,Islamabad,"2010 100,000 km Petrol 660 cc Manual",,,2,2,subaru-stella-2010-148345223,/used-cars/subaru-stella-2010-for-sale-in-islamabad-11796857
11816760,Suzuki Alto 2010 X,Rawalpindi,"2010 112,233 km Petrol 660 cc Automatic",,,20,1,suzuki-alto-x-9-2010-148649398,/used-cars/suzuki-alto-2010-for-sale-in-rawalpindi-11816760
11811994,Suzuki Alto 2012 G,Islamabad,"2012 120,000 km Petrol 660 cc Automatic",,,11,1,suzuki-alto-g-4-2012-148579135,/used-cars/suzuki-alto-2012-for-sale-in-islamabad-11811994
11800774,Suzuki Every 2012,Islamabad,"2012 100,000 km Petrol 660 cc Automatic",,,6,2,suzuki-every-2012-148405240,/used-cars/suzuki-every-2012-for-sale-in-islamabad-11800774
11804158,Suzuki Every Wagon 2011,Rawalpindi,"2011 100,000 km Petrol 660 cc Automatic",,,17,4,suzuki-every-wagon-2016-148457723,/used-cars/suzuki-every-wagon-2011-for-sale-in-rawalpindi-11804158
11803347,Nissan Otti 2012,Islamabad,"2012 190,000 km Petrol 660 cc Automatic",,,7,3,nissan-otti-2012-148445229,/used-cars/nissan-otti-2012-for-sale-in-islamabad-11803347
10629504,Daihatsu Hijet 2010 Cruise,Rawalpindi,"2010 10,000 km Petrol 660 cc Automatic",,,13,4,daihatsu-hijet-van-cruise-2010-130061295,/used-cars/daihatsu-hijet-2010-for-sale-in-rawalpindi-10629504
11798246,Suzuki Wagon R 2011 FX Limited,Islamabad,"2011 124,000 km Petrol 660 cc Automatic",,,17,1,suzuki-wagon-r-fx-limited-2011-148366512,/used-cars/suzuki-wagon-r-2011-for-sale-in-islamabad-11798246
11797865,Honda Life 2011,Islamabad,"2011 250,000 km Petrol 660 cc Automatic",,,5,2,honda-life-2011-148361417,/used-cars/honda-life-2011-for-sale-in-islamabad-11797865
11821351,Suzuki Alto 2020 VXR,Islamabad,"2020 91,794 km Petrol 660 cc Manual",M,9,14,3,suzuki-alto-vxr-2-2020-148720419,/used-cars/suzuki-alto-2020-for-sale-in-islamabad-11821351
11820476,Suzuki Alto 2021 VXL AGS,Rawalpindi,"2021 72,000 km Petrol 660 cc Automatic",,,10,2,suzuki-alto-vxl-2-2021-148706977,/used-cars/suzuki-alto-2021-for-sale-in-rawalpindi-11820476
11818911,Suzuki Alto 2019 VXL AGS,Rawalpindi,"2019 69,000 km Petrol 660 cc Automatic",,,14,4,suzuki-alto-vxl-2-2019-148684535,/used-cars/suzuki-alto-2019-for-sale-in-rawalpindi-11818911
11818776,Suzuki Alto 2022 VXR,Rawalpindi,"2022 70,000 km Petrol 660 cc Manual",,,17,3,suzuki-alto-vxr-2-2022-148682247,/used-cars/suzuki-alto-2022-for-sale-in-rawalpindi-11818776
11818772,Suzuki Wagon R 2012 Limited,Rawalpindi,"2012 118,055 km Petrol 660 cc Automatic",,,17,3,suzuki-wagon-r-limited-7-2012-148682079,/used-cars/suzuki-wagon-r-2012-for-sale-in-rawalpindi-11818772
11567022,Daihatsu Move 2014 Custom G,Islamabad,"2014 160,000 km Petrol 660 cc Automatic",,,2,3,daihatsu-move-custom-g-2014-144853337,/used-cars/daihatsu-move-2014-for-sale-in-islamabad-11567022
11623244,Suzuki Every 2025 VXR,Rawalpindi,"2025 14,950 km Petrol 660 cc Manual",,,6,2,suzuki-every-2025-145701020,/used-cars/suzuki-every-2025-for-sale-in-rawalpindi-11623244
11821877,Suzuki Alto 2015 X,Rawalpindi,"2015 128,000 km Petrol 660 cc Automatic",,,8,3,suzuki-alto-x-9-2015-148729233,/used-cars/suzuki-alto-2015-for-sale-in-rawalpindi-11821877
11666366,Toyota Pixis Epoch 2013 X,Islamabad,"2013 102,200 km Petrol 660 cc Automatic",,,12,2,toyota-pixis-x-38-2013-146340543,/used-cars/toyota-pixis-epoch-2013-for-sale-in-islamabad-11666366
11821362,Daihatsu Move 2014,Rawalpindi,"2014 90,000 km Petrol 660 cc Automatic",,,20,2,daihatsu-move-2014-148718657,/used-cars/daihatsu-move-2014-for-sale-in-rawalpindi-11821362
11821182,Suzuki Alto 2022 VXR,Rawalpindi,"2022 75,000 km Petrol 660 cc Manual",,,5,1,suzuki-alto-vxr-2-2022-148717039,/used-cars/suzuki-alto-2022-for-sale-in-rawalpindi-11821182
11821096,Toyota Pixis Epoch 2013 D,Rawalpindi,"2013 166,000 km Petrol 660 cc Automatic",,,17,1,toyota-pixis-d-3-2013-148715015,/used-cars/toyota-pixis-epoch-2013-for-sale-in-rawalpindi-11821096
11821092,Suzuki Alto 2020 VXL AGS,Islamabad,"2020 42,500 km Petrol 660 cc Automatic",,,20,1,suzuki-alto-vxl-2-2020-148714945,/used-cars/suzuki-alto-2020-for-sale-in-islamabad-11821092
11423260,Suzuki Every Wagon 2013 PZ Turbo,Rawalpindi,"2013 20,000 km Petrol 660 cc Automatic",,,13,2,suzuki-every-wagon-pz-turbo-2-2013-143162783,/used-cars/suzuki-every-wagon-2013-for-sale-in-rawalpindi-11423260
11820966,Nissan Dayz 2017 Highway Star G,Islamabad,"2017 132,500 km Petrol 660 cc Automatic",,,7,4,nissan-dayz-highway-star-3-2017-148713106,/used-cars/nissan-dayz-2017-for-sale-in-islamabad-11820966
11406670,Mazda Scrum 2012 Van,Rawalpindi,"2012 112,983 km Petrol 660 cc Automatic",,,17,1,mazda-scrum-2012-142374973,/used-cars/mazda-scrum-van-2012-for-sale-in-rawalpindi-11406670
11820876,Daihatsu Mira 2012 G Smart Drive Package,Islamabad,"2012 192,000 km Petrol 660 cc Automatic",,,11,4,daihatsu-mira-x-limited-smart-drive-package-2012-148711872,/used-cars/daihatsu-mira-2012-for-sale-in-islamabad-11820876
11820829,Mitsubishi Ek Wagon 2014 M e-Assist,Islamabad,"2014 120,000 km Petrol 660 cc Automatic",,,7,4,mitsubishi-ek-wagon-m-e-assist-2014-148711209,/used-cars/mitsubishi-ek-wagon-2014-for-sale-in-islamabad-11820829
11820711,Nissan Dayz 2015,Rawalpindi,"2015 117,000 km Petrol 660 cc Automatic",,,14,3,nissan-dayz-2015-148709832,/used-cars/nissan-dayz-2015-for-sale-in-rawalpindi-11820711
11820606,Daihatsu Atrai Wagon 2016 Custom Turbo R,Rawalpindi,"2016 150,000 km Petrol 660 cc Automatic",,,11,2,daihatsu-atrai-wagon-custom-turbo-r-2016-148708465,/used-cars/daihatsu-atrai-wagon-2016-for-sale-in-rawalpindi-11820606
11815307,Suzuki Wagon R 2012,Rawalpindi,"2012 159,135 km Petrol 660 cc Automatic",,6.7,17,1,suzuki-wagon-r-2012-148629496,/used-cars/suzuki-wagon-r-2012-for-sale-in-rawalpindi-11815307
11817315,Suzuki Alto 2022 VXR,Islamabad,"2022 65,000 km Petrol 660 cc Manual",,,9,2,suzuki-alto-vxr-2-2022-148659035,/used-cars/suzuki-alto-2022-for-sale-in-islamabad-11817315
11815780,Daihatsu Mira 2019 X,Islamabad,"2019 59,000 km Petrol 660 cc Automatic",,,7,3,daihatsu-mira-x-8-2019-148635737,/used-cars/daihatsu-mira-2019-for-sale-in-islamabad-11815780
11820163,Nissan Clipper 2013 E,Rawalpindi,"2013 98,185 km Petrol 660 cc Automatic",,,8,2,nissan-clipper-e-7-2013-148702691,/used-cars/nissan-clipper-2013-for-sale-in-rawalpindi-11820163
11820116,Suzuki Alto 2021 VXR,Islamabad,"2021 71,000 km Petrol 660 cc Manual",,,9,3,suzuki-alto-vxr-2-2021-148701857,/used-cars/suzuki-alto-2021-for-sale-in-islamabad-11820116
11552672,Suzuki Every 2025 VX,Rawalpindi,"2025 12,000 km Petrol 660 cc Manual",,,3,1,suzuki-every-vx-2-2025-144639202,/used-cars/suzuki-every-2025-for-sale-in-rawalpindi-11552672
11819965,Suzuki Alto 2012 G,Rawalpindi,"2012 88,000 km Petrol 660 cc Automatic",,,20,2,suzuki-alto-g-4-2012-148699891,/used-cars/suzuki-alto-2012-for-sale-in-rawalpindi-11819965
11819885,Suzuki Alto 2011 E,Rawalpindi,"2011 97,000 km Petrol 660 cc Automatic",,,6,2,suzuki-alto-e-2011-148698905,/used-cars/suzuki-alto-2011-for-sale-in-rawalpindi-11819885
11819757,Daihatsu Mira 2013 ES,Islamabad,2013 347 km Petrol 660 cc Automatic,,,13,1,daihatsu-mira-es-2013-148697040,/used-cars/daihatsu-mira-2013-for-sale-in-islamabad-11819757
11557819,Mazda Carol 2010,Islamabad,"2010 166,000 km Petrol 660 cc Automatic",,,15,1,mazda-carol-2010-148696856,/used-cars/mazda-carol-2010-for-sale-in-islamabad-11557819
11819210,Nissan Clipper 2014 E,Rawalpindi,"2014 120,000 km Petrol 660 cc Automatic",,,9,3,nissan-clipper-e-7-2019-148689281,/used-cars/nissan-clipper-2014-for-sale-in-rawalpindi-11819210
11819597,Suzuki Alto 2012 F,Islamabad,"2012 130,000 km Petrol 660 cc Automatic",,,8,1,suzuki-alto-f-2-2012-148694738,/used-cars/suzuki-alto-2012-for-sale-in-islamabad-11819597
11819564,Daihatsu Mira 2011,Islamabad,"2011 99,500 km Petrol 660 cc Automatic",,,14,4,daihatsu-mira-2011-148694234,/used-cars/daihatsu-mira-2011-for-sale-in-islamabad-11819564
11819480,Honda Life 2011 Diva,Islamabad,"2011 153,000 km Petrol 660 cc Automatic",,,18,1,honda-life-diva-2-2011-148692749,/used-cars/honda-life-2011-for-sale-in-islamabad-11819480
11816468,Suzuki Alto 2012 X,Rawalpindi,"2012 162,000 km Petrol 660 cc Automatic",,,6,1,suzuki-alto-x-9-2012-148645087,/used-cars/suzuki-alto-2012-for-sale-in-rawalpindi-11816468
11819326,Daihatsu Mira 2013 ES,Islamabad,"2013 105,000 km Petrol 660 cc Automatic",,,18,1,daihatsu-mira-es-2013-148690872,/used-cars/daihatsu-mira-2013-for-sale-in-islamabad-11819326
11487465,Subaru Stella 2015 Custom,Islamabad,"2015 105,000 km Petrol 660 cc Automatic",,,13,3,subaru-stella-custom-5-2015-144596482,/used-cars/subaru-stella-2015-for-sale-in-islamabad-11487465
11819267,Daihatsu Hijet 2019 Special,Islamabad,"2019 65,000 km Petrol 660 cc Automatic",,,12,3,daihatsu-hijet-van-special-4-2019-148690040,/used-cars/daihatsu-hijet-2019-for-sale-in-islamabad-11819267
11818737,Suzuki Alto 2019 VXL AGS,Islamabad,"2019 90,121 km Petrol 660 cc Automatic",,,16,4,suzuki-alto-vxl-2-2019-148680894,/used-cars/suzuki-alto-2019-for-sale-in-islamabad-11818737
11818854,Daihatsu Move 2013 Custom G,Islamabad,"2013 127,000 km Petrol 660 cc Automatic",,,11,1,daihatsu-move-custom-g-2013-148683070,/used-cars/daihatsu-move-2013-for-sale-in-islamabad-11818854
11818806,Suzuki Alto 2016 Works Edition,Islamabad,"2016 154,500 km Petrol 658 cc Automatic",,,11,4,suzuki-alto-2020-148682722,/used-cars/suzuki-alto-2016-for-sale-in-islamabad-11818806
11818597,Nissan Dayz 2018,Islamabad,"2018 104,000 km Petrol 660 cc Automatic",,,14,1,nissan-dayz-2018-148678733,/used-cars/nissan-dayz-2018-for-sale-in-islamabad-11818597
11805393,Suzuki Alto 2023 VXL AGS,Islamabad,"2023 72,000 km Petrol 660 cc Automatic",,,11,3,suzuki-alto-vxl-2-2023-148477895,/used-cars/suzuki-alto-2023-for-sale-in-islamabad-11805393
11818318,Suzuki Alto 2020 VXR,Islamabad,"2020 150,000 km Petrol 660 cc Manual",,,8,1,suzuki-alto-vxr-2-2020-148674697,/used-cars/suzuki-alto-2020-for-sale-in-islamabad-11818318
11818075,Suzuki Alto 2022 VXR,Rawalpindi,"2022 72,000 km Petrol 660 cc Manual",,,7,3,suzuki-alto-vxr-2-2022-148670462,/used-cars/suzuki-alto-2022-for-sale-in-rawalpindi-11818075
11817862,Suzuki Alto 2018 L,Islamabad,"2018 90,000 km Petrol 660 cc Automatic",,,10,3,suzuki-alto-l-27-2018-148666323,/used-cars/suzuki-alto-2018-for-sale-in-islamabad-11817862
11817834,Suzuki Alto 2020 VXL AGS,Rawalpindi,"2020 130,000 km Petrol 660 cc Automatic",,,3,4,suzuki-alto-vxl-2-2020-148666035,/used-cars/suzuki-alto-2020-for-sale-in-rawalpindi-11817834
11817825,Mitsubishi Ek Wagon 2012 G,Rawalpindi,"2012 20,000 km Petrol 660 cc Automatic",,,9,2,suzuki-alto-2012-148666950,/used-cars/mitsubishi-ek-wagon-2012-for-sale-in-rawalpindi-11817825
11817696,Suzuki Alto 2023 VXR,Rawalpindi,"2023 23,000 km Petrol 660 cc Manual",,,9,2,suzuki-alto-vxr-2-2023-148664214,/used-cars/suzuki-alto-2023-for-sale-in-rawalpindi-11817696
11817664,Suzuki Alto 2014,Rawalpindi,"2014 86,000 km Petrol 660 cc Automatic",,,12,3,suzuki-alto-2014-148664184,/used-cars/suzuki-alto-2014-for-sale-in-rawalpindi-11817664
11817603,Mazda Flair 2013 XG,Islamabad,"2013 171,000 km Petrol 660 cc Automatic",,,11,4,mazda-flair-xg-4-2013-148663348,/used-cars/mazda-flair-2013-for-sale-in-islamabad-11817603
11817452,Suzuki Wagon R 2012 Stingray X,Islamabad,"2012 114,000 km Petrol 660 cc Automatic",,,13,3,suzuki-wagon-r-x-14-2012-148661171,/used-cars/suzuki-wagon-r-2012-for-sale-in-islamabad-11817452
11817356,Mitsubishi Pajero Mini 2012 VR,Islamabad,"2012 128,000 km Petrol 660 cc Automatic",,,17,2,mitsubishi-pajero-mini-vr-2012-148659847,/used-cars/mitsubishi-pajero-mini-2012-for-sale-in-islamabad-11817356
11817245,Nissan Moco 2016 X,Rawalpindi,"2016 4,000 km Petrol 660 cc Automatic",,,11,4,nissan-moco-x-18-2016-148658062,/used-cars/nissan-moco-2016-for-sale-in-rawalpindi-11817245
11815800,Suzuki Alto 2021 VXR,Islamabad,"2021 78,000 km Petrol 660 cc Manual",,,15,4,suzuki-alto-vxr-2-2021-148636329,/used-cars/suzuki-alto-2021-for-sale-in-islamabad-11815800
11808200,Daihatsu Tocot 2018,Islamabad,"2018 36,000 km Petrol 660 cc Automatic",,,19,3,daihatsu-tocot-2018-148521455,/used-cars/daihatsu-tocot-2018-for-sale-in-islamabad-11808200
11806639,Suzuki Alto 2015 F,Rawalpindi,"2015 98,000 km Petrol 660 cc Automatic",,,17,2,suzuki-alto-f-2-2015-148497318,/used-cars/suzuki-alto-2015-for-sale-in-rawalpindi-11806639
11819989,Honda Zest 2011 Sports G Turbo,Islamabad,"2011 172,000 km Petrol 660 cc Automatic",,,12,1,honda-zest-sports-g-turbo-2011-148700041,/used-cars/honda-zest-2011-for-sale-in-islamabad-11819989
11817827,Daihatsu Hijet 2010 Special MT,Rawalpindi,"2010 97,925 km Petrol 660 cc Manual",,,20,2,daihatsu-hijet-van-special-m-t-2010-148666648,/used-cars/daihatsu-hijet-2010-for-sale-in-rawalpindi-11817827
11831384,Suzuki Alto 2021 VXL AGS,Islamabad,"2021 50,000 km Petrol 660 cc Automatic",,,14,3,suzuki-alto-vxl-2-2021-148876105,/used-cars/suzuki-alto-2021-for-sale-in-islamabad-11831384
11829287,Suzuki Alto 2022 VXR,Islamabad,"2022 88,000 km Petrol 660 cc Manual",,,18,1,suzuki-alto-vxr-2-2022-148845070,/used-cars/suzuki-alto-2022-for-sale-in-islamabad-11829287
11829110,Suzuki Alto 2021 VXL AGS,Islamabad,"2021 103,000 km Petrol 660 cc Automatic",,,9,2,suzuki-alto-vxl-2-2021-148842685,/used-cars/suzuki-alto-2021-for-sale-in-islamabad-11829110
11828541,Daihatsu Move 2013 Custom X,Islamabad,"2013 123,800 km Petrol 660 cc Automatic",,,20,4,daihatsu-move-custom-x-2013-148834658,/used-cars/daihatsu-move-2013-for-sale-in-islamabad-11828541
11655532,Daihatsu Move Conte 2015,Rawalpindi,"2015 108,000 km Petrol 660 cc Automatic",,,13,1,daihatsu-move-conte-2015-146179914,/used-cars/daihatsu-move-conte-2015-for-sale-in-rawalpindi-11655532
11827930,Suzuki Alto 2016 Works Edition,Rawalpindi,"2016 85,000 km Petrol 658 cc Automatic",,,11,2,suzuki-alto-works-edition-2016-148824690,/used-cars/suzuki-alto-2016-for-sale-in-rawalpindi-11827930
11830697,Daihatsu Mira 2013 ES,Islamabad,"2013 119,800 km Petrol 660 cc Automatic",,,11,2,daihatsu-mira-es-2013-148865450,/used-cars/daihatsu-mira-2013-for-sale-in-islamabad-11830697
11831364,Suzuki Wagon R 2015 Stingray J Style,Islamabad,"2015 113,000 km Petrol 660 cc Automatic",,,9,1,suzuki-wagon-r-j-style-2015-148874784,/used-cars/suzuki-wagon-r-2015-for-sale-in-islamabad-11831364
11831235,Suzuki Alto 2020 VXL AGS,Islamabad,"2020 145,000 km Petrol 660 cc Automatic",,,4,4,suzuki-alto-vxl-2-2020-148873407,/used-cars/suzuki-alto-2020-for-sale-in-islamabad-11831235
11831222,Daihatsu Mira 2014 ES,Rawalpindi,"2014 79,000 km Petrol 660 cc Automatic",,,15,1,daihatsu-mira-es-2014-148872967,/used-cars/daihatsu-mira-2014-for-sale-in-rawalpindi-11831222
11831063,Suzuki Wagon R 2012 Stingray Limited,Islamabad,"2012 114,000 km Petrol 660 cc Automatic",,,19,3,suzuki-wagon-r-stingray-limited-2012-148870688,/used-cars/suzuki-wagon-r-2012-for-sale-in-islamabad-11831063
11824103,Suzuki Alto 2023 VXR,Islamabad,"2023 16,000 km Petrol 660 cc Manual",,,9,2,suzuki-alto-vxr-2-2023-148764265,/used-cars/suzuki-alto-2023-for-sale-in-islamabad-11824103
11830993,Daihatsu Mira 2011 L,Islamabad,"2011 200,000 km Petrol 660 cc Automatic",,,9,1,daihatsu-mira-l-10-2011-148869738,/used-cars/daihatsu-mira-2011-for-sale-in-islamabad-11830993
11830964,Nissan Dayz Roox 2014 X V Selection,Islamabad,"2014 65,000 km Petrol 660 cc Automatic",,,12,4,nissan-dayz-roox-x-v-selection-2014-148869377,/used-cars/nissan-dayz-roox-2014-for-sale-in-islamabad-11830964
11830840,Suzuki Alto 2019 VXR,Islamabad,"2019 85,409 km Petrol 660 cc Manual",,,9,4,suzuki-alto-vxr-2-2019-148867626,/used-cars/suzuki-alto-2019-for-sale-in-islamabad-11830840
11826859,Suzuki Alto 2021 VXR,Rawalpindi,"2021 57,000 km Petrol 660 cc Manual",,,9,4,suzuki-alto-vxr-2-2021-148805679,/used-cars/suzuki-alto-2021-for-sale-in-rawalpindi-11826859
11830638,Suzuki Alto 2011 G,Islamabad,"2011 212,638 km Petrol 660 cc Automatic",,,11,2,suzuki-alto-g-4-2011-148863568,/used-cars/suzuki-alto-2011-for-sale-in-islamabad-11830638
11830591,Suzuki Alto 2019 VXR,Rawalpindi,"2019 190,000 km Petrol 660 cc Manual",,,6,1,suzuki-alto-vxr-2-2019-148863538,/used-cars/suzuki-alto-2019-for-sale-in-rawalpindi-11830591
11830538,Nissan Dayz Roox 2015,Islamabad,"2015 131,000 km Petrol 660 cc Automatic",,,10,1,nissan-dayz-roox-2015-148862651,/used-cars/nissan-dayz-roox-2015-for-sale-in-islamabad-11830538
11647675,Mazda Flair 2015 XG,Islamabad,"2015 155,000 km Petrol 660 cc Automatic",,,5,1,mazda-flair-xg-4-2015-146066183,/used-cars/mazda-flair-2015-for-sale-in-islamabad-11647675
11829927,Toyota Pixis Epoch 2016,Rawalpindi,"2016 80,000 km Petrol 660 cc Automatic",,,16,2,toyota-pixis-2016-148853241,/used-cars/toyota-pixis-epoch-2016-for-sale-in-rawalpindi-11829927
11827500,Toyota Pixis Epoch 2021 L,Islamabad,"2021 28,341 km Petrol 660 cc Automatic",M,6.7,15,1,toyota-pixis-l-26-2021-148817450,/used-cars/toyota-pixis-epoch-2021-for-sale-in-islamabad-11827500
11825756,Suzuki Alto 2022 VXR,Islamabad,"2022 52,000 km Petrol 660 cc Manual",,,16,1,suzuki-alto-vxr-2-2022-148787573,/used-cars/suzuki-alto-2022-for-sale-in-islamabad-11825756
11823731,Toyota Pixis Mega 2015 L SA,Islamabad,"2015 82,000 km Hybrid 660 cc Automatic",,,10,2,toyota-pixis-mega-l-sa-4-2015-148758222,/used-cars/toyota-pixis-mega-2015-for-sale-in-islamabad-11823731
11830291,Suzuki Alto 2019 VXR,Rawalpindi,"2019 170,000 km Petrol 660 cc Manual",,,20,3,suzuki-alto-vxr-2-2019-148858638,/used-cars/suzuki-alto-2019-for-sale-in-rawalpindi-11830291
11830154,Suzuki Alto 2024 VX,Rawalpindi,"2024 45,000 km Petrol 660 cc Manual",,,9,1,suzuki-alto-vx-14-2024-148856321,/used-cars/suzuki-alto-2024-for-sale-in-rawalpindi-11830154
11830052,Suzuki Wagon R 2015 FX Limited,Islamabad,"2015 105,000 km Petrol 660 cc Automatic",,,7,4,suzuki-wagon-r-fx-limited-2015-148854809,/used-cars/suzuki-wagon-r-2015-for-sale-in-islamabad-11830052
11830034,Honda N One 2015 Tourer,Islamabad,"2015 75,000 km Petrol 660 cc Automatic",,,8,3,honda-none-tourer-2015-148854778,/used-cars/honda-n-one-2015-for-sale-in-islamabad-11830034
11829878,Mazda Carol 2014 GS,Islamabad,"2014 150,000 km Petrol 660 cc Automatic",,,8,2,mazda-carol-gs-4-2014-148852751,/used-cars/mazda-carol-2014-for-sale-in-islamabad-11829878
11829743,Suzuki Alto 2024 VX,Rawalpindi,"2024 52,000 km Petrol 660 cc Manual",,,10,1,suzuki-alto-vx-14-2024-148850835,/used-cars/suzuki-alto-2024-for-sale-in-rawalpindi-11829743
11829520,Suzuki Alto 2021 VXL AGS,Rawalpindi,"2021 88,000 km Petrol 660 cc Automatic",,,9,3,suzuki-alto-vxl-2-2021-148848293,/used-cars/suzuki-alto-2021-for-sale-in-rawalpindi-11829520
11829511,Nissan Clipper 2013 G Four,Rawalpindi,"2013 150,600 km Petrol 660 cc Automatic",,,12,1,nissan-clipper-g-four-3-2013-148848209,/used-cars/nissan-clipper-2013-for-sale-in-rawalpindi-11829511
11829493,Suzuki Alto 2022 VXL AGS,Islamabad,"2022 72,000 km Petrol 660 cc Automatic",,,16,2,suzuki-alto-vxl-2-2022-148847854,/used-cars/suzuki-alto-2022-for-sale-in-islamabad-11829493
11829447,Honda Zest 2010 W Turbo,Rawalpindi,"2010 95,000 km Petrol 660 cc Automatic",,,20,3,honda-zest-w-turbo-2010-148847278,/used-cars/honda-zest-2010-for-sale-in-rawalpindi-11829447
11829335,Suzuki Alto 2024 VXR,Islamabad,"2024 45,000 km Petrol 660 cc Manual",,,7,1,suzuki-alto-vxr-2-2024-148845684,/used-cars/suzuki-alto-2024-for-sale-in-islamabad-11829335
11829216,Daihatsu Move 2018 Custom RS SA,Islamabad,"2018 62,000 km Petrol 660 cc Automatic",,,8,2,daihatsu-move-rs-8-2018-148844120,/used-cars/daihatsu-move-2018-for-sale-in-islamabad-11829216
11826990,Mitsubishi Ek Wagon 2015 G Safety Package,Islamabad,"2015 95,000 km Petrol 660 cc Automatic",,,20,3,mitsubishi-ek-wagon-g-safety-package-2015-148808248,/used-cars/mitsubishi-ek-wagon-2015-for-sale-in-islamabad-11826990
11828796,Suzuki Alto 2014 ECO-S,Islamabad,"2014 150,000 km Petrol 660 cc Automatic",,,10,2,suzuki-alto-eco-s-2014-148838164,/used-cars/suzuki-alto-2014-for-sale-in-islamabad-11828796
11828626,Daihatsu Hijet 2010 Cruise,Islamabad,"2010 100,000 km Petrol 660 cc Automatic",,,7,3,daihatsu-hijet-van-cruise-2010-148836054,/used-cars/daihatsu-hijet-2010-for-sale-in-islamabad-11828626
11828624,Daihatsu Move 2016,Rawalpindi,"2016 105,000 km Petrol 660 cc Automatic",,,9,3,daihatsu-move-2016-148835987,/used-cars/daihatsu-move-2016-for-sale-in-rawalpindi-11828624
11816690,Daihatsu Hijet 2019 Cruise,Islamabad,"2019 145,000 km Petrol 660 cc Automatic",,,7,4,daihatsu-hijet-van-cruise-2019-148734074,/used-cars/daihatsu-hijet-2019-for-sale-in-islamabad-11816690
11828288,Suzuki Alto 2023 VXR,Islamabad,"2023 33,000 km Petrol 660 cc Manual",,,10,1,suzuki-alto-vxr-2-2023-148830523,/used-cars/suzuki-alto-2023-for-sale-in-islamabad-11828288
11828161,Suzuki Alto 2010,Rawalpindi,"2010 14,000 km Petrol 660 cc Automatic",,,10,1,suzuki-alto-2010-148828836,/used-cars/suzuki-alto-2010-for-sale-in-rawalpindi-11828161
11828171,Suzuki Wagon R 2010 Stingray Limited,Rawalpindi,"2010 130,154 km Petrol 660 cc Automatic",,,13,1,suzuki-wagon-r-stingray-limited-2010-148829238,/used-cars/suzuki-wagon-r-2010-for-sale-in-rawalpindi-11828171
11828149,Suzuki Alto 2023 VXR,Islamabad,"2023 37,000 km Petrol 660 cc Manual",,,20,1,suzuki-alto-vxr-2-2023-148828443,/used-cars/suzuki-alto-2023-for-sale-in-islamabad-11828149
11828119,Suzuki Alto 2014 E,Rawalpindi,"2014 65,000 km Petrol 660 cc Automatic",,,12,2,suzuki-alto-e-2014-148828155,/used-cars/suzuki-alto-2014-for-sale-in-rawalpindi-11828119
11828081,Suzuki Wagon R 2013 FX Limited,Islamabad,"2013 125,000 km Petrol 660 cc Automatic",,,7,4,suzuki-wagon-r-fx-limited-2013-148826536,/used-cars/suzuki-wagon-r-2013-for-sale-in-islamabad-11828081
11827231,Suzuki Alto 2020 VXR,Islamabad,"2020 118,000 km Petrol 660 cc Manual",,,11,4,suzuki-alto-vxr-2-2020-148812306,/used-cars/suzuki-alto-2020-for-sale-in-islamabad-11827231
11825805,Suzuki Alto 2022 VXR,Islamabad,"2022 26,000 km Petrol 660 cc Manual",,,10,2,suzuki-alto-vxr-2-2022-148788527,/used-cars/suzuki-alto-2022-for-sale-in-islamabad-11825805
11827467,Suzuki Alto 2014,Islamabad,"2014 79,000 km Petrol 660 cc Automatic",,,5,2,suzuki-alto-2014-148816629,/used-cars/suzuki-alto-2014-for-sale-in-islamabad-11827467
11827424,Suzuki Alto 2012,Rawalpindi,"2012 170,000 km Petrol 660 cc Automatic",,,6,1,suzuki-alto-2012-148815387,/used-cars/suzuki-alto-2012-for-sale-in-rawalpindi-11827424
11827374,Subaru Pleo 2014 L Limited,Islamabad,"2014 93,000 km Petrol 660 cc Automatic",,,7,3,subaru-pleo-l-limited-3-2014-148814929,/used-cars/subaru-pleo-2014-for-sale-in-islamabad-11827374
11827370,Suzuki Alto 2020 VXR,Islamabad,"2020 99,000 km Petrol 660 cc Manual",,,4,4,suzuki-alto-vxr-2-2020-148814954,/used-cars/suzuki-alto-2020-for-sale-in-islamabad-11827370
11827043,Suzuki Alto 2014 ECO-S,Rawalpindi,"2014 150,000 km Petrol 660 cc Automatic",,,6,2,suzuki-alto-eco-s-2014-148809487,/used-cars/suzuki-alto-2014-for-sale-in-rawalpindi-11827043
11826914,Suzuki Alto 2020 VXL AGS,Rawalpindi,"2020 49,000 km Petrol 660 cc Automatic",,,8,3,suzuki-alto-vxl-2-2020-148807010,/used-cars/suzuki-alto-2020-for-sale-in-rawalpindi-11826914
11826550,Mitsubishi Ek Wagon 2013 E,Islamabad,"2013 128,000 km Petrol 660 cc Automatic",,,20,4,mitsubishi-ek-wagon-e-10-2013-148800689,/used-cars/mitsubishi-ek-wagon-2013-for-sale-in-islamabad-11826550
11826013,Suzuki Jimny 2010 X-Adventure,Islamabad,"2010 105,000 km Petrol 660 cc Automatic",,,11,3,suzuki-jimny-x-adventure-2-2010-148792305,/used-cars/suzuki-jimny-2010-for-sale-in-islamabad-11826013
11825903,Suzuki Alto 2021 VXR,Islamabad,"2021 46,040 km Petrol 660 cc Manual",,,9,4,suzuki-alto-vxr-2-2021-148790095,/used-cars/suzuki-alto-2021-for-sale-in-islamabad-11825903
11825868,Suzuki Alto 2022 VXR,Rawalpindi,"2022 27,135 km Petrol 660 cc Manual",,,13,3,suzuki-alto-vxr-2-2022-148789666,/used-cars/suzuki-alto-2022-for-sale-in-rawalpindi-11825868
11825780,Suzuki Alto 2021 VXL AGS,Islamabad,"2021 99,890 km Petrol 660 cc Automatic",,,20,1,suzuki-alto-vxl-2-2021-148788020,/used-cars/suzuki-alto-2021-for-sale-in-islamabad-11825780
11825697,Suzuki Alto 2012,Rawalpindi,"2012 99,000 km Petrol 660 cc Automatic",,,14,1,suzuki-alto-2012-148786674,/used-cars/suzuki-alto-2012-for-sale-in-rawalpindi-11825697
11825650,Daihatsu Mira 2013 L,Rawalpindi,"2013 105,000 km Petrol 660 cc Automatic",,,11,3,daihatsu-mira-l-10-2013-148785605,/used-cars/daihatsu-mira-2013-for-sale-in-rawalpindi-11825650
11825636,Daihatsu Hijet 2013 Cruise Turbo,Islamabad,"2013 200,000 km Petrol 660 cc Automatic",,,15,4,daihatsu-hijet-van-cruise-turbo-2013-148785497,/used-cars/daihatsu-hijet-2013-for-sale-in-islamabad-11825636
11825456,Suzuki Alto 2013 G,Rawalpindi,"2013 86,981 km Petrol 660 cc Automatic",,,12,2,suzuki-alto-g-4-2013-148782208,/used-cars/suzuki-alto-2013-for-sale-in-rawalpindi-11825456
11825372,Suzuki Every Wagon 2013,Rawalpindi,"2013 185,099 km Petrol 660 cc Automatic",,,12,4,suzuki-every-wagon-2013-148780953,/used-cars/suzuki-every-wagon-2013-for-sale-in-rawalpindi-11825372
11825073,Suzuki Alto 2022 VXR,Rawalpindi,"2022 90,000 km Petrol 660 cc Manual",,,6,4,suzuki-alto-vxr-2-2022-148776971,/used-cars/suzuki-alto-2022-for-sale-in-rawalpindi-11825073
11824854,Suzuki Wagon R 2014 FX Limited,Rawalpindi,"2014 80,000 km Petrol 660 cc Automatic",,,16,4,suzuki-wagon-r-fx-limited-2014-148773471,/used-cars/suzuki-wagon-r-2014-for-sale-in-rawalpindi-11824854
11824609,Suzuki Every Wagon 2013 JP Turbo,Islamabad,"2013 159,000 km Petrol 660 cc Automatic",,,7,1,suzuki-every-wagon-jp-turbo-2013-148769748,/used-cars/suzuki-every-wagon-2013-for-sale-in-islamabad-11824609
11824350,Suzuki Alto 2015,Islamabad,"2015 140,000 km Petrol 660 cc Automatic",,,7,3,suzuki-alto-2015-148767016,/used-cars/suzuki-alto-2015-for-sale-in-islamabad-11824350
11824321,Suzuki Mehran 2014,Rawalpindi,"2014 82,000 km Petrol 660 cc Manual",,,6,3,suzuki-mehran-2014-148766506,/used-cars/suzuki-mehran-2014-for-sale-in-rawalpindi-11824321
11823962,Nissan Moco 2014,Islamabad,"2014 187,388 km Petrol 660 cc Automatic",,,8,4,nissan-moco-2014-148761888,/used-cars/nissan-moco-2014-for-sale-in-islamabad-11823962
11823910,Mitsubishi EK Custom 2014,Islamabad,"2014 107,000 km Petrol 660 cc Automatic",,,7,3,mitsubishi-ek-custom-2014-148760627,/used-cars/mitsubishi-ek-custom-2014-for-sale-in-islamabad-11823910
11823838,Daihatsu Mira 2014 X,Islamabad,"2014 121,000 km Petrol 660 cc Automatic",,,16,1,daihatsu-mira-x-8-2014-148759670,/used-cars/daihatsu-mira-2014-for-sale-in-islamabad-11823838
11823592,Mazda Carol 2013,Rawalpindi,"2013 98,000 km Petrol 660 cc Automatic",,,6,2,mazda-carol-2013-148755747,/used-cars/mazda-carol-2013-for-sale-in-rawalpindi-11823592
11823657,Daihatsu Mira 2014 ES,Islamabad,"2014 150,000 km Petrol 660 cc Automatic",,,10,3,daihatsu-mira-es-2014-148757039,/used-cars/daihatsu-mira-2014-for-sale-in-islamabad-11823657
11823608,Suzuki Alto 2020 VXL AGS,Islamabad,"2020 97,000 km Petrol 660 cc Automatic",,,14,1,suzuki-alto-vxl-2-2020-148756697,/used-cars/suzuki-alto-2020-for-sale-in-islamabad-11823608
11823583,Suzuki Alto 2022 VXR,Islamabad,"2022 50,300 km Petrol 660 cc Manual",,,11,2,suzuki-alto-vxr-2-2022-148756292,/used-cars/suzuki-alto-2022-for-sale-in-islamabad-11823583
11823286,Suzuki Alto 2021 VXR,Islamabad,"2021 63,000 km Petrol 660 cc Manual",,,10,1,suzuki-alto-vxr-2-2021-148749965,/used-cars/suzuki-alto-2021-for-sale-in-islamabad-11823286
11823131,Suzuki Alto 2022 VXR,Islamabad,"2022 74,000 km Petrol 660 cc Manual",,,10,3,suzuki-alto-vxr-2-2022-148748485,/used-cars/suzuki-alto-2022-for-sale-in-islamabad-11823131
11823026,Suzuki Alto 2013 E,Islamabad,"2013 150,000 km Petrol 660 cc Automatic",,,8,1,suzuki-alto-e-2013-148748221,/used-cars/suzuki-alto-2013-for-sale-in-islamabad-11823026
11823031,Suzuki Every 2019 GA,Islamabad,"2019 90,000 km Petrol 660 cc Automatic",,,5,3,suzuki-every-ga-2019-148747070,/used-cars/suzuki-every-2019-for-sale-in-islamabad-11823031
11819899,Suzuki Alto 2025 VXR,Islamabad,"2025 44,500 km Petrol 660 cc Manual",,,17,1,suzuki-alto-vxr-2-2025-148699071,/used-cars/suzuki-alto-2025-for-sale-in-islamabad-11819899
11822674,Daihatsu Mira 2012 G Smart Drive Package,Rawalpindi,"2012 80,000 km Petrol 660 cc Automatic",,,16,4,daihatsu-mira-g-smart-drive-package-2012-148741435,/used-cars/daihatsu-mira-2012-for-sale-in-rawalpindi-11822674
11822728,Suzuki Alto 2016 F,Islamabad,"2016 105,000 km Petrol 660 cc Automatic",,,9,3,suzuki-alto-f-2-2016-148742437,/used-cars/suzuki-alto-2016-for-sale-in-islamabad-11822728
11822704,Daihatsu Mira 2013 L,Islamabad,"2013 130,000 km Petrol 660 cc Automatic",,,15,2,daihatsu-mira-l-10-2013-148742060,/used-cars/daihatsu-mira-2013-for-sale-in-islamabad-11822704
11822664,Nissan Dayz 2013 Highway Star G,Islamabad,"2013 162,000 km Petrol 660 cc Automatic",,,13,1,nissan-dayz-highway-star-3-2013-148738396,/used-cars/nissan-dayz-2013-for-sale-in-islamabad-11822664
11822116,Suzuki Alto 2020 VXL AGS,Rawalpindi,"2020 72,000 km Petrol 660 cc Automatic",,,6,4,suzuki-alto-vxl-2-2020-148731551,/used-cars/suzuki-alto-2020-for-sale-in-rawalpindi-11822116
11822297,Suzuki Alto 2022 VXR,Islamabad,"2022 53,000 km Petrol 660 cc Manual",,,12,1,suzuki-alto-vxr-2-2022-148735633,/used-cars/suzuki-alto-2022-for-sale-in-islamabad-11822297
11821930,Nissan Dayz 2018 Highway Star G,Islamabad,"2018 95,000 km Petrol 660 cc Automatic",,,7,2,nissan-dayz-highway-star-3-2018-148729899,/used-cars/nissan-dayz-2018-for-sale-in-islamabad-11821930
11816323,Suzuki Alto 2015 Turbo RS,Islamabad,"2015 130,000 km Petrol 660 cc Automatic",,,4,1,suzuki-alto-turbo-rs-2015-148643168,/used-cars/suzuki-alto-2015-for-sale-in-islamabad-11816323
11811071,Daihatsu Tanto 2014 Custom RS,Islamabad,"2014 131,000 km Petrol 660 cc Automatic",,,14,1,daihatsu-tanto-custom-rs-4-2014-148566994,/used-cars/daihatsu-tanto-2014-for-sale-in-islamabad-11811071
11621987,Suzuki Alto 2015 X,Rawalpindi,"2015 117,000 km Petrol 660 cc Automatic",,,14,2,suzuki-alto-x-9-2015-145683221,/used-cars/suzuki-alto-2015-for-sale-in-rawalpindi-11621987
11827031,Honda Acty 2012,Rawalpindi,"2012 140,000 km Petrol 660 cc Manual",,,20,4,honda-acty-2012-148808938,/used-cars/honda-acty-2012-for-sale-in-rawalpindi-11827031
11824944,Suzuki Wagon R 2011 FX Limited II,Islamabad,"2011 125,001 km Petrol 660 cc Automatic",,,9,1,suzuki-wagon-r-fx-limited-ii-2011-148775479,/used-cars/suzuki-wagon-r-2011-for-sale-in-islamabad-11824944
11832569,Mazda Carol 2010 GS,Islamabad,"2010 114,000 km Petrol 660 cc Automatic",,,7,3,mazda-carol-gs-3-2010-148896554,/used-cars/mazda-carol-2010-for-sale-in-islamabad-11832569
11831684,Suzuki Alto 2010 F,Rawalpindi,"2010 127,559 km Petrol 660 cc Automatic",M,6,15,4,suzuki-alto-g-4-2010-148881333,/used-cars/suzuki-alto-2010-for-sale-in-rawalpindi-11831684
11830976,Suzuki Every 2012 PU,Rawalpindi,"2012 206,415 km Petrol 660 cc Manual",M,6.5,14,3,suzuki-every-pu-2012-148869635,/used-cars/suzuki-every-2012-for-sale-in-rawalpindi-11830976
11831517,Suzuki Alto 2023 VXR,Rawalpindi,"2023 24,000 km Petrol 660 cc Manual",,,13,4,suzuki-alto-vxr-2-2023-148876942,/used-cars/suzuki-alto-2023-for-sale-in-rawalpindi-11831517
11835497,Daihatsu Move 2011 Custom G,Rawalpindi,"2011 199,900 km Petrol 660 cc Automatic",,,20,3,daihatsu-move-custom-g-2011-148939241,/used-cars/daihatsu-move-2011-for-sale-in-rawalpindi-11835497
11835495,Nissan Dayz 2013 Highway Star G,Rawalpindi,"2013 145,000 km Petrol 660 cc Automatic",,,8,1,nissan-dayz-highway-star-3-2013-148939608,/used-cars/nissan-dayz-2013-for-sale-in-rawalpindi-11835495
11835419,Suzuki Wagon R 2012 Stingray T,Islamabad,"2012 100,585 km Petrol 660 cc Automatic",,,14,1,suzuki-wagon-r-t-4-2012-148938089,/used-cars/suzuki-wagon-r-2012-for-sale-in-islamabad-11835419
11835389,Suzuki Alto 2023 VXR,Rawalpindi,"2023 70,000 km Petrol 660 cc Manual",,,7,4,suzuki-alto-vxr-2-2023-148937527,/used-cars/suzuki-alto-2023-for-sale-in-rawalpindi-11835389
11835358,Suzuki Alto 2021 VXR,Rawalpindi,"2021 160,000 km Petrol 660 cc Manual",,,5,2,suzuki-alto-vxr-2-2021-148936769,/used-cars/suzuki-alto-2021-for-sale-in-rawalpindi-11835358
11831794,Mazda Carol 2015 GX,Rawalpindi,"2015 108,000 km Petrol 660 cc Automatic",,,20,2,mazda-carol-gl-6-2015-148883171,/used-cars/mazda-carol-2015-for-sale-in-rawalpindi-11831794
11835309,Daihatsu Mira 2013 G SA,Islamabad,"2013 211,000 km Petrol 660 cc Automatic",,,17,4,daihatsu-mira-g-sa-2-2013-148935955,/used-cars/daihatsu-mira-2013-for-sale-in-islamabad-11835309
11835284,Suzuki Alto 2022 VXR,Rawalpindi,"2022 27,135 km Petrol 660 cc Manual",,,14,2,suzuki-alto-vxr-2-2022-148935685,/used-cars/suzuki-alto-2022-for-sale-in-rawalpindi-11835284
11835255,Suzuki Alto 2021 VXL AGS,Islamabad,"2021 99,000 km Petrol 660 cc Automatic",,,18,4,suzuki-alto-vxl-2-2021-148935114,/used-cars/suzuki-alto-2021-for-sale-in-islamabad-11835255
11833848,Daihatsu Mira 2010 G Smart Drive Package,Islamabad,"2010 102,000 km Petrol 660 cc Automatic",,,20,2,daihatsu-mira-g-smart-drive-package-2010-148914375,/used-cars/daihatsu-mira-2010-for-sale-in-islamabad-11833848
11835160,Daihatsu Mira 2018 G SA III,Islamabad,"2018 73,000 km Petrol 660 cc Automatic",,,6,3,daihatsu-mira-g-sa-iii-2018-148932530,/used-cars/daihatsu-mira-2018-for-sale-in-islamabad-11835160
11835094,Honda N One 2013 Premium,Rawalpindi,"2013 91,000 km Petrol 660 cc Automatic",,,6,2,honda-none-premium-2-2013-148932253,/used-cars/honda-n-one-2013-for-sale-in-rawalpindi-11835094
11834880,Honda N Wgn 2013 G,Islamabad,"2013 155,524 km Petrol 660 cc Automatic",,,14,3,honda-n-wgn-g-52-2013-148928638,/used-cars/honda-n-wgn-2013-for-sale-in-islamabad-11834880
11834819,Suzuki Ravi 2017 Euro II,Islamabad,"2017 36,000 km Petrol 600 cc Manual",,,9,2,suzuki-ravi-efi-euro-ll-2017-148927994,/used-cars/suzuki-ravi-2017-for-sale-in-islamabad-11834819
11834807,Suzuki Wagon R 2018,Islamabad,"2018 122,000 km Petrol 660 cc Automatic",,,9,1,suzuki-wagon-r-2018-148927918,/used-cars/suzuki-wagon-r-2018-for-sale-in-islamabad-11834807
11834680,Suzuki Spacia 2019 X,Rawalpindi,"2019 57,000 km Hybrid 660 cc Automatic",,,6,1,suzuki-spacia-x-32-2019-148926168,/used-cars/suzuki-spacia-2019-for-sale-in-rawalpindi-11834680
11834400,Suzuki Alto 2019 VXR,Islamabad,"2019 99,000 km Petrol 660 cc Manual",,,10,4,suzuki-alto-vxr-2-2019-148922130,/used-cars/suzuki-alto-2019-for-sale-in-islamabad-11834400
11834113,Suzuki Alto 2019 VXL AGS,Rawalpindi,"2019 79,000 km Petrol 660 cc Automatic",,,14,2,suzuki-alto-vxl-2-2019-148918317,/used-cars/suzuki-alto-2019-for-sale-in-rawalpindi-11834113
11833854,Suzuki Alto 2021 VXL AGS,Rawalpindi,"2021 116,000 km Petrol 660 cc Automatic",,,12,3,suzuki-alto-vxl-2-2021-148915051,/used-cars/suzuki-alto-2021-for-sale-in-rawalpindi-11833854
11833734,Suzuki Alto 2021 VXL AGS,Rawalpindi,"2021 60,000 km Petrol 660 cc Automatic",,,8,2,suzuki-alto-vxl-2-2021-148913465,/used-cars/suzuki-alto-2021-for-sale-in-rawalpindi-11833734
11833380,Suzuki Alto 2010 F,Rawalpindi,2010 150 km Petrol 660 cc Automatic,,,13,3,suzuki-alto-f-2-2010-148908721,/used-cars/suzuki-alto-2010-for-sale-in-rawalpindi-11833380
11833352,Suzuki Alto 2023 VXR,Islamabad,"2023 34,000 km Petrol 660 cc Manual",,,19,2,suzuki-alto-vxr-2-2023-148908586,/used-cars/suzuki-alto-2023-for-sale-in-islamabad-11833352
11833314,Daihatsu Move 2016 Custom X,Islamabad,"2016 120,000 km Petrol 660 cc Automatic",,,13,4,daihatsu-move-custom-x-2016-148908032,/used-cars/daihatsu-move-2016-for-sale-in-islamabad-11833314
11833309,Mazda Carol 2017 GX,Islamabad,"2017 145,000 km Petrol 660 cc Automatic",,,6,2,mazda-carol-gx-2-2017-148907765,/used-cars/mazda-carol-2017-for-sale-in-islamabad-11833309
11833194,Honda Life 2011 C,Islamabad,"2011 103,681 km Petrol 660 cc Automatic",,,10,2,honda-life-c-2011-148906230,/used-cars/honda-life-2011-for-sale-in-islamabad-11833194
11833186,Suzuki Alto 2021 VXR,Rawalpindi,"2021 31,500 km Petrol 660 cc Manual",,,15,1,suzuki-alto-vxr-2-2021-148906022,/used-cars/suzuki-alto-2021-for-sale-in-rawalpindi-11833186
11833138,Honda Life 2013 G Special Edition,Rawalpindi,"2013 185,000 km Petrol 660 cc Automatic",,,11,3,honda-life-g-special-edition-hid-smart-special-2013-148904940,/used-cars/honda-life-2013-for-sale-in-rawalpindi-11833138
11833087,Suzuki Hustler 2015 G,Islamabad,"2015 20,000 km Petrol 660 cc Automatic",,,8,1,suzuki-hustler-g-54-2015-148904752,/used-cars/suzuki-hustler-2015-for-sale-in-islamabad-11833087
11832872,Suzuki Alto 2013 VP,Islamabad,"2013 130,000 km Petrol 660 cc Automatic",,,12,1,suzuki-alto-vp-2013-148901362,/used-cars/suzuki-alto-2013-for-sale-in-islamabad-11832872
11832841,Suzuki Alto 2021 VXR,Islamabad,"2021 108,000 km Petrol 660 cc Manual",,,6,4,suzuki-alto-vxr-2-2021-148900835,/used-cars/suzuki-alto-2021-for-sale-in-islamabad-11832841
11832778,Suzuki Wagon R 2017 Hybrid FX,Rawalpindi,"2017 125,000 km Hybrid 660 cc Automatic",,,7,1,suzuki-wagon-r-hybrid-fx-2017-148899813,/used-cars/suzuki-wagon-r-2017-for-sale-in-rawalpindi-11832778
11832742,Suzuki Wagon R 2013 FX,Rawalpindi,"2013 125,000 km Petrol 660 cc Automatic",,,12,2,suzuki-wagon-r-fa-2017-148898979,/used-cars/suzuki-wagon-r-2013-for-sale-in-rawalpindi-11832742
11832670,Suzuki Alto 2022 VXL AGS,Islamabad,"2022 40,400 km Petrol 660 cc Automatic",,,11,2,suzuki-alto-vxl-2-2022-148898049,/used-cars/suzuki-alto-2022-for-sale-in-islamabad-11832670
11832479,Suzuki Alto 2021 VXL AGS,Islamabad,"2021 93,000 km Petrol 660 cc Automatic",,,12,1,suzuki-alto-vxl-2-2021-148894896,/used-cars/suzuki-alto-2021-for-sale-in-islamabad-11832479
11832492,Mitsubishi Ek Wagon 2010 GS,Islamabad,"2010 125,349 km Petrol 660 cc Automatic",,,19,3,mitsubishi-ek-wagon-gs-2010-148893876,/used-cars/mitsubishi-ek-wagon-2010-for-sale-in-islamabad-11832492
11832487,Suzuki Alto 2024 VXR,Islamabad,"2024 34,122 km Petrol 660 cc Manual",,,7,4,suzuki-alto-vxr-2-2024-148895164,/used-cars/suzuki-alto-2024-for-sale-in-islamabad-11832487
11832348,Suzuki Alto 2020 VXL AGS,Rawalpindi,"2020 130,000 km Petrol 660 cc Automatic",,,3,1,suzuki-alto-vxl-2-2020-148892837,/used-cars/suzuki-alto-2020-for-sale-in-rawalpindi-11832348
11832130,Suzuki Every 2012,Rawalpindi,"2012 125,000 km Petrol 660 cc Automatic",,,10,1,suzuki-every-2012-148889323,/used-cars/suzuki-every-2012-for-sale-in-rawalpindi-11832130
11832065,Suzuki Wagon R 2014 FX Limited,Islamabad,"2014 73,400 km Petrol 660 cc Automatic",,,7,1,suzuki-wagon-r-fx-limited-2014-148887890,/used-cars/suzuki-wagon-r-2014-for-sale-in-islamabad-11832065
11832101,Nissan Dayz Roox 2014,Rawalpindi,"2014 190,000 km Hybrid 660 cc Automatic",,,6,2,nissan-dayz-roox-2014-148888807,/used-cars/nissan-dayz-roox-2014-for-sale-in-rawalpindi-11832101
11831995,Suzuki Alto 2017 X,Islamabad,"2017 93,000 km Petrol 660 cc Automatic",,,20,4,suzuki-alto-x-9-2017-148886906,/used-cars/suzuki-alto-2017-for-sale-in-islamabad-11831995
11831833,Suzuki Alto 2023,Islamabad,"2023 50,000 km Petrol 660 cc Manual",,,15,2,suzuki-alto-2023-148883588,/used-cars/suzuki-alto-2023-for-sale-in-islamabad-11831833
11831825,Suzuki Alto 2020 VXL AGS,Islamabad,"2020 73,000 km Petrol 660 cc Automatic",,,9,2,suzuki-alto-vxl-2-2020-148883631,/used-cars/suzuki-alto-2020-for-sale-in-islamabad-11831825
11520607,Suzuki Alto 2012,Rawalpindi,"2012 107,000 km Petrol 660 cc Manual",,,8,3,suzuki-alto-2012-144163359,/used-cars/suzuki-alto-2012-for-sale-in-rawalpindi-11520607
11831018,Suzuki Alto 2024 VXR,Islamabad,"2024 39,000 km Petrol 660 cc Manual",,,14,2,suzuki-alto-vxr-2-2024-148870102,/used-cars/suzuki-alto-2024-for-sale-in-islamabad-11831018
11834790,Daihatsu Esse 2010,Islamabad,"2010 151,000 km Petrol 660 cc Automatic",,,7,2,daihatsu-esse-2010-148927724,/used-cars/daihatsu-esse-2010-for-sale-in-islamabad-11834790
11830609,Honda N Box 2017 Custom,Rawalpindi,"2017 132,000 km Petrol 658 cc Automatic",,,13,4,honda-n-box-custom-2017-148984136,/used-cars/honda-n-box-2017-for-sale-in-rawalpindi-11830609
11837084,Suzuki Alto 2012 ECO-S,Islamabad,"2012 165,000 km Petrol 660 cc Automatic",,,16,1,suzuki-alto-eco-s-2012-148965367,/used-cars/suzuki-alto-2012-for-sale-in-islamabad-11837084
11836841,Daihatsu Mira 2013 G Smart Drive Package,Islamabad,"2013 112,000 km Petrol 660 cc Automatic",,,9,3,daihatsu-mira-g-smart-drive-package-2013-148960984,/used-cars/daihatsu-mira-2013-for-sale-in-islamabad-11836841
11835752,Daihatsu Move 2014 X,Islamabad,"2014 150,000 km Petrol 660 cc Automatic",,,8,3,daihatsu-move-x-5-2014-148943044,/used-cars/daihatsu-move-2014-for-sale-in-islamabad-11835752
11838643,Suzuki Alto 2022 VXR,Islamabad,"2022 24,500 km Petrol 660 cc Manual",,,6,4,suzuki-alto-vxr-2-2022-148988379,/used-cars/suzuki-alto-2022-for-sale-in-islamabad-11838643
11838499,Suzuki Every 2024 VXR,Islamabad,"2024 63,500 km Petrol 660 cc Manual",,,6,3,suzuki-every-vxr-2-2024-148986727,/used-cars/suzuki-every-2024-for-sale-in-islamabad-11838499
11838050,Daihatsu Move 2013 Custom X,Rawalpindi,"2013 219,767 km Petrol 660 cc Automatic",,,7,3,daihatsu-move-custom-x-2013-148980343,/used-cars/daihatsu-move-2013-for-sale-in-rawalpindi-11838050
11838039,Suzuki Alto 2020 VXR,Rawalpindi,"2020 150,000 km Petrol 660 cc Manual",,,7,2,suzuki-alto-vxr-2-2020-148980755,/used-cars/suzuki-alto-2020-for-sale-in-rawalpindi-11838039
11838005,Daihatsu Mira 2013,Islamabad,"2013 135,000 km Petrol 660 cc Automatic",,,13,3,daihatsu-mira-2013-148980147,/used-cars/daihatsu-mira-2013-for-sale-in-islamabad-11838005
11837997,Suzuki Every 2018 Join Turbo,Rawalpindi,"2018 160,000 km Petrol 660 cc Automatic",,,11,4,suzuki-every-join-turbo-2018-148979718,/used-cars/suzuki-every-2018-for-sale-in-rawalpindi-11837997
11837862,Suzuki Alto 2024 VXR AGS,Rawalpindi,"2024 35,438 km Petrol 660 cc Automatic",,,8,2,suzuki-alto-vxr-ags-2024-148977453,/used-cars/suzuki-alto-2024-for-sale-in-rawalpindi-11837862
11837652,Suzuki Alto 2023 VXR,Islamabad,"2023 22,000 km Petrol 660 cc Manual",,,8,2,suzuki-alto-vxr-2-2023-148972491,/used-cars/suzuki-alto-2023-for-sale-in-islamabad-11837652
11837147,Daihatsu Esse 2010,Islamabad,"2010 120,000 km Petrol 660 cc Automatic",,,9,1,daihatsu-esse-2014-148966420,/used-cars/daihatsu-esse-2010-for-sale-in-islamabad-11837147
11837348,Suzuki Alto 2011 G4,Islamabad,"2011 138,000 km Petrol 660 cc Automatic",,,20,1,suzuki-alto-g4-2011-148969536,/used-cars/suzuki-alto-2011-for-sale-in-islamabad-11837348
11837221,Suzuki Alto 2020 VXL AGS,Rawalpindi,"2020 50,000 km Petrol 660 cc Automatic",,,13,4,suzuki-alto-vxl-2-2020-148967678,/used-cars/suzuki-alto-2020-for-sale-in-rawalpindi-11837221
11837094,Suzuki Alto 2019 VXL AGS,Islamabad,"2019 86,000 km Petrol 660 cc Automatic",,,5,3,suzuki-alto-vxl-2-2019-148965441,/used-cars/suzuki-alto-2019-for-sale-in-islamabad-11837094
11836943,Suzuki Alto 2021 VXR,Islamabad,"2021 37,000 km Petrol 660 cc Manual",,,10,1,suzuki-alto-vxr-2-2021-148963266,/used-cars/suzuki-alto-2021-for-sale-in-islamabad-11836943
11836935,Suzuki Alto 2022 VX,Islamabad,"2022 99,500 km Petrol 660 cc Manual",,,11,4,suzuki-alto-vx-14-2022-148961495,/used-cars/suzuki-alto-2022-for-sale-in-islamabad-11836935
11836884,Daihatsu Mira 2013 L,Rawalpindi,"2013 125,000 km Petrol 660 cc Automatic",,,8,4,daihatsu-mira-l-10-2013-148962364,/used-cars/daihatsu-mira-2013-for-sale-in-rawalpindi-11836884
11836510,Suzuki Alto 2019 VXL AGS,Rawalpindi,"2019 101,000 km Petrol 660 cc Automatic",,,7,2,suzuki-alto-vxl-2-2019-148955994,/used-cars/suzuki-alto-2019-for-sale-in-rawalpindi-11836510
11836492,Suzuki Alto 2021 VXR,Rawalpindi,"2021 92,000 km Petrol 660 cc Manual",,,11,2,suzuki-alto-vxr-2-2021-148955273,/used-cars/suzuki-alto-2021-for-sale-in-rawalpindi-11836492
11836343,Suzuki Alto 2021 VXL AGS,Rawalpindi,"2021 97,586 km Petrol 660 cc Automatic",,,10,1,suzuki-alto-vxl-2-2021-148953043,/used-cars/suzuki-alto-2021-for-sale-in-rawalpindi-11836343
11836060,Daihatsu Move 2013,Islamabad,"2013 178,000 km Petrol 660 cc Automatic",,,16,3,daihatsu-move-2013-148947150,/used-cars/daihatsu-move-2013-for-sale-in-islamabad-11836060
11836047,Daihatsu Move 2013 X,Islamabad,"2013 180,000 km Petrol 660 cc Automatic",,,8,1,daihatsu-move-x-5-2013-148948483,/used-cars/daihatsu-move-2013-for-sale-in-islamabad-11836047
11835969,Daihatsu Mira 2014 X,Rawalpindi,"2014 219,800 km Petrol 660 cc Automatic",,,13,3,daihatsu-mira-x-8-2014-148946803,/used-cars/daihatsu-mira-2014-for-sale-in-rawalpindi-11835969
11835911,Suzuki Alto 2016 X,Rawalpindi,"2016 150,000 km Petrol 660 cc Manual",,,12,4,suzuki-alto-x-9-2016-148945752,/used-cars/suzuki-alto-2016-for-sale-in-rawalpindi-11835911
11826136,Nissan Dayz 2017 Highway Star G,Islamabad,"2017 125,000 km Petrol 660 cc Automatic",,,9,1,nissan-dayz-highway-star-3-2017-148793813,/used-cars/nissan-dayz-2017-for-sale-in-islamabad-11826136
11833398,Subaru Pleo Plus 2015,Islamabad,"2015 12,006 km Petrol 660 cc Automatic",,,4,1,subaru-pleo-plus-2015-148908436,/used-cars/subaru-pleo-plus-2015-for-sale-in-islamabad-11833398
11835346,Mitsubishi Minicab 2013 G,Islamabad,"2013 70,000 km Petrol 660 cc Automatic",,,9,2,mitsubishi-minicab-bravo-g-66-2013-148936679,/used-cars/mitsubishi-minicab-2013-for-sale-in-islamabad-11835346
11834518,Honda N Box 2020 Custom GL Turbo,Islamabad,"2020 61,000 km Petrol 658 cc Automatic",,,6,2,honda-n-box-g-l-package-3-2020-148923883,/used-cars/honda-n-box-2020-for-sale-in-islamabad-11834518
11837356,Nissan Moco 2012 X Idling Stop,Rawalpindi,2012 111 km Petrol 660 cc Automatic,,,8,3,nissan-moco-x-idling-stop-4-2012-148969889,/used-cars/nissan-moco-2012-for-sale-in-rawalpindi-11837356
11836003,Daihatsu Move 2013 Custom L,Islamabad,"2013 190,000 km Petrol 660 cc Automatic",,,9,2,daihatsu-move-l-22-2013-148947007,/used-cars/daihatsu-move-2013-for-sale-in-islamabad-11836003
11839822,Daihatsu Mira 2012 G Smart Drive Package,Islamabad,"2012 151,000 km Petrol 660 cc Automatic",,,20,4,daihatsu-mira-g-smart-drive-package-2012-149005526,/used-cars/daihatsu-mira-2012-for-sale-in-islamabad-11839822
11839779,Suzuki Alto 2025 VXR Upgraded,Islamabad,"2025 50,000 km Petrol 660 cc Manual",,,14,1,suzuki-alto-vxr-upgraded-2025-149004607,/used-cars/suzuki-alto-2025-for-sale-in-islamabad-11839779
11839738,Suzuki Alto 2023 VXR AGS,Islamabad,"2023 95,000 km Petrol 660 cc Automatic",,,4,3,suzuki-alto-vxr-ags-2023-149003873,/used-cars/suzuki-alto-2023-for-sale-in-islamabad-11839738
11839724,Nissan Dayz 2014 Highway Star X,Islamabad,"2014 97,000 km Petrol 660 cc Automatic",,,12,3,nissan-dayz-highway-star-x-2014-149003696,/used-cars/nissan-dayz-2014-for-sale-in-islamabad-11839724
11839716,Suzuki Alto 2024 VXR,Rawalpindi,"2024 56,650 km Petrol 660 cc Manual",,,20,2,suzuki-alto-vxr-2-2024-149003327,/used-cars/suzuki-alto-2024-for-sale-in-rawalpindi-11839716
11620081,Suzuki Alto 2011 F,Rawalpindi,"2011 106,000 km Petrol 660 cc Automatic",,,5,3,suzuki-alto-x-9-2011-145653557,/used-cars/suzuki-alto-2011-for-sale-in-rawalpindi-11620081
11839542,Mitsubishi Ek Wagon 2013 E e-Assist,Islamabad,"2013 170,328 km Petrol 660 cc Automatic",,,14,3,mitsubishi-ek-wagon-e-e-assist-2013-149000910,/used-cars/mitsubishi-ek-wagon-2013-for-sale-in-islamabad-11839542
11839541,Suzuki Alto 2023 VXR,Islamabad,"2023 67,000 km Petrol 660 cc Manual",,,8,4,suzuki-alto-vxr-2-2023-149000818,/used-cars/suzuki-alto-2023-for-sale-in-islamabad-11839541
11839443,Suzuki Alto 2015 Turbo RS,Islamabad,"2015 124,000 km Petrol 660 cc Automatic",,,20,2,suzuki-alto-turbo-rs-2015-148999459,/used-cars/suzuki-alto-2015-for-sale-in-islamabad-11839443
11839404,Daihatsu Mira 2017 X SA,Islamabad,"2017 167,000 km Petrol 660 cc Automatic",,,11,2,daihatsu-mira-x-sa-2-2017-148998774,/used-cars/daihatsu-mira-2017-for-sale-in-islamabad-11839404
11839237,Suzuki Alto 2022 VXR,Rawalpindi,"2022 34,000 km Petrol 660 cc Manual",,,12,3,suzuki-alto-vxr-2-2022-148996578,/used-cars/suzuki-alto-2022-for-sale-in-rawalpindi-11839237
11839009,Daihatsu Mira 2017,Islamabad,"2017 100,000 km Petrol 660 cc Manual",,,9,1,daihatsu-mira-2017-148993497,/used-cars/daihatsu-mira-2017-for-sale-in-islamabad-11839009
11838903,Suzuki Alto 2014 ECO-S,Islamabad,"2014 79,000 km Petrol 660 cc Automatic",,,7,4,suzuki-alto-eco-s-2014-148992110,/used-cars/suzuki-alto-2014-for-sale-in-islamabad-11838903
11838576,Suzuki Wagon R 2014 Stingray J Style,Rawalpindi,"2014 75,000 km Petrol 660 cc Automatic",,,7,2,suzuki-wagon-r-j-style-2014-148987247,/used-cars/suzuki-wagon-r-2014-for-sale-in-rawalpindi-11838576
11838806,Suzuki Alto 2024 VXR,Islamabad,"2024 40,000 km Petrol 660 cc Manual",,,4,4,suzuki-alto-vxr-2-2024-148990679,/used-cars/suzuki-alto-2024-for-sale-in-islamabad-11838806
11838786,Suzuki Alto 2013 G,Islamabad,"2013 123,000 km Petrol 660 cc Automatic",,,8,1,suzuki-alto-g-4-2013-148990468,/used-cars/suzuki-alto-2013-for-sale-in-islamabad-11838786
11838710,Suzuki Alto 2015,Islamabad,"2015 95,000 km Petrol 660 cc Automatic",,,13,2,suzuki-alto-2015-148988990,/used-cars/suzuki-alto-2015-for-sale-in-islamabad-11838710
11668041,Suzuki Hustler 2019 A,Rawalpindi,"2019 125,000 km Petrol 660 cc Automatic",,,12,2,suzuki-hustler-2019-146367269,/used-cars/suzuki-hustler-2019-for-sale-in-rawalpindi-11668041
11841705,Daihatsu Mira 2016 G SA,Islamabad,"2016 88,000 km Petrol 660 cc Automatic",,,12,2,daihatsu-mira-g-sa-2-2016-149033880,/used-cars/daihatsu-mira-2016-for-sale-in-islamabad-11841705
11841475,Nissan Clipper 2012 DX,Islamabad,"2012 139,626 km Petrol 660 cc Automatic",M,4.7,16,1,nissan-clipper-dx-8-2012-149030651,/used-cars/nissan-clipper-2012-for-sale-in-islamabad-11841475
11841487,Suzuki Alto 2012 ECO-S,Islamabad,"2012 116,350 km Petrol 660 cc Automatic",,,16,3,suzuki-alto-eco-s-2012-149039201,/used-cars/suzuki-alto-2012-for-sale-in-islamabad-11841487
11841295,Daihatsu Mira 2014 L,Islamabad,"2014 153,556 km Petrol 660 cc Automatic",M,5.9,13,1,daihatsu-mira-l-10-2014-149028004,/used-cars/daihatsu-mira-2014-for-sale-in-islamabad-11841295
11840956,Suzuki Alto 2021 VXL AGS,Islamabad,"2021 70,200 km Petrol 660 cc Automatic",,,7,4,suzuki-alto-vxl-2-2021-149023180,/used-cars/suzuki-alto-2021-for-sale-in-islamabad-11840956
11840721,Daihatsu Mira 2014 L SA,Islamabad,"2014 134,500 km Petrol 660 cc Automatic",,,18,2,daihatsu-mira-l-sa-2-2014-149020071,/used-cars/daihatsu-mira-2014-for-sale-in-islamabad-11840721
11840295,Suzuki Alto 2017 F,Islamabad,"2017 105,000 km Petrol 660 cc Automatic",,,17,1,suzuki-alto-f-2-2017-149013558,/used-cars/suzuki-alto-2017-for-sale-in-islamabad-11840295
11842349,Suzuki Alto 2021 VXL AGS,Rawalpindi,"2021 102,580 km Petrol 660 cc Automatic",,,5,2,suzuki-alto-vxl-2-2021-149043068,/used-cars/suzuki-alto-2021-for-sale-in-rawalpindi-11842349
11842338,Suzuki Alto 2012 X,Islamabad,"2012 115,000 km Petrol 660 cc Automatic",,,13,2,suzuki-alto-x-9-2012-149043003,/used-cars/suzuki-alto-2012-for-sale-in-islamabad-11842338
11842314,Suzuki Alto 2022,Islamabad,"2022 90,000 km Petrol 660 cc Automatic",,,12,1,suzuki-alto-2022-149042285,/used-cars/suzuki-alto-2022-for-sale-in-islamabad-11842314
11842290,Suzuki Alto 2021 VXR,Islamabad,2021 20 km Petrol 660 cc Manual,,,5,3,suzuki-alto-vxr-2-2021-149042307,/used-cars/suzuki-alto-2021-for-sale-in-islamabad-11842290
11842285,Daihatsu Mira 2012 ES,Rawalpindi,"2012 88,000 km Petrol 660 cc Automatic",,,6,3,daihatsu-mira-es-2012-149041086,/used-cars/daihatsu-mira-2012-for-sale-in-rawalpindi-11842285
11842232,Suzuki Alto 2015 X,Islamabad,"2015 126,000 km Petrol 660 cc Automatic",,,10,3,suzuki-alto-x-9-2015-149041440,/used-cars/suzuki-alto-2015-for-sale-in-islamabad-11842232
11842223,Daihatsu Mira 2018 L,Islamabad,"2018 105,000 km Petrol 660 cc Automatic",,,16,1,daihatsu-mira-l-10-2018-149041122,/used-cars/daihatsu-mira-2018-for-sale-in-islamabad-11842223
11842197,Suzuki Alto 2021 VXL AGS,Rawalpindi,"2021 65,000 km Petrol 660 cc Automatic",,,8,3,suzuki-alto-vxl-2-2021-149040959,/used-cars/suzuki-alto-2021-for-sale-in-rawalpindi-11842197
11842069,Suzuki Alto 2015 L,Rawalpindi,"2015 108,000 km Petrol 660 cc Automatic",,,14,3,suzuki-alto-l-27-2015-149039277,/used-cars/suzuki-alto-2015-for-sale-in-rawalpindi-11842069
11841945,Mitsubishi Ek Wagon 2016 G Safety Plus Edition,Rawalpindi,"2016 119,000 km Petrol 660 cc Automatic",,,14,3,mitsubishi-ek-wagon-g-safety-plus-edition-2016-149036801,/used-cars/mitsubishi-ek-wagon-2016-for-sale-in-rawalpindi-11841945
11841973,Mazda Flair 2015 XG,Rawalpindi,"2015 86,000 km Petrol 660 cc Automatic",,,10,4,mazda-flair-2015-149036132,/used-cars/mazda-flair-2015-for-sale-in-rawalpindi-11841973
11841542,Suzuki Wagon R 2014 Stingray J Style,Islamabad,"2014 87,000 km Petrol 660 cc Automatic",,,15,3,suzuki-wagon-r-j-style-2014-149031685,/used-cars/suzuki-wagon-r-2014-for-sale-in-islamabad-11841542
11576264,Suzuki Alto 2012 ECO-S,Islamabad,"2012 80,000 km Petrol 660 cc Automatic",,,12,2,suzuki-alto-2012-144990158,/used-cars/suzuki-alto-2012-for-sale-in-islamabad-11576264
11840990,Suzuki Alto 2025 VXR,Rawalpindi,"2025 6,000 km Petrol 660 cc Manual",,,1,1,suzuki-alto-vxr-2-2025-149023543,/used-cars/suzuki-alto-2025-for-sale-in-rawalpindi-11840990
11840882,Suzuki Alto 2022 VXR,Rawalpindi,"2022 32,787 km Petrol 660 cc Manual",,,13,1,suzuki-alto-vxr-2-2022-149021825,/used-cars/suzuki-alto-2022-for-sale-in-rawalpindi-11840882
11840865,Suzuki Wagon R 2013 Stingray T,Islamabad,"2013 160,000 km Petrol 660 cc Automatic",,,14,2,suzuki-wagon-r-t-4-2013-149021895,/used-cars/suzuki-wagon-r-2013-for-sale-in-islamabad-11840865
11840620,Suzuki Wagon R 2016 Stingray X,Rawalpindi,"2016 120,000 km Petrol 660 cc Automatic",,,7,1,suzuki-wagon-r-x-14-2016-149018295,/used-cars/suzuki-wagon-r-2016-for-sale-in-rawalpindi-11840620
11840550,Suzuki Every 2025,Rawalpindi,2025 450 km Petrol 660 cc Manual,,,5,2,suzuki-every-2025-149017392,/used-cars/suzuki-every-2025-for-sale-in-rawalpindi-11840550
11840552,Honda N Wgn 2015 Custom G,Islamabad,"2015 100,000 km Petrol 660 cc Automatic",,,10,2,honda-n-wgn-custom-g-3-2015-149017380,/used-cars/honda-n-wgn-2015-for-sale-in-islamabad-11840552
11840337,Suzuki Alto 2021 VXR,Islamabad,"2021 90,000 km Petrol 660 cc Manual",,,8,3,suzuki-alto-vxr-2-2021-149014221,/used-cars/suzuki-alto-2021-for-sale-in-islamabad-11840337
11840197,Suzuki Alto 2021 VXR,Rawalpindi,"2021 83,941 km Petrol 660 cc Manual",,,10,1,suzuki-alto-vxr-2-2021-149011934,/used-cars/suzuki-alto-2021-for-sale-in-rawalpindi-11840197
11840097,Daihatsu Mira 2012 ES,Rawalpindi,"2012 101,000 km Petrol 660 cc Automatic",,,10,3,daihatsu-mira-es-2012-149011081,/used-cars/daihatsu-mira-2012-for-sale-in-rawalpindi-11840097
11839974,Suzuki Alto 2022 VX,Rawalpindi,"2022 60,500 km Petrol 660 cc Manual",,,9,3,suzuki-alto-vx-14-2022-149007936,/used-cars/suzuki-alto-2022-for-sale-in-rawalpindi-11839974
11839937,Suzuki Wagon R 2012 Stingray Limited,Islamabad,"2012 114,000 km Petrol 660 cc Automatic",,,17,4,suzuki-wagon-r-stingray-limited-2012-149014015,/used-cars/suzuki-wagon-r-2012-for-sale-in-islamabad-11839937
11839888,Suzuki Alto 2022 VXR AGS,Rawalpindi,"2022 48,500 km Petrol 660 cc Automatic",,,3,2,suzuki-alto-vxr-ags-2022-149007104,/used-cars/suzuki-alto-2022-for-sale-in-rawalpindi-11839888
11427236,Suzuki Every 2025 VX,Islamabad,"2025 30,000 km Petrol 660 cc Manual",,,5,2,suzuki-every-vx-2-2025-142689279,/used-cars/suzuki-every-2025-for-sale-in-islamabad-11427236
11788401,Daihatsu Cast 2018 Activa G SA III,Rawalpindi,"2018 72,000 km Petrol 660 cc Automatic",,,9,3,daihatsu-cast-activa-g-2018-148215837,/used-cars/daihatsu-cast-2018-for-sale-in-rawalpindi-11788401
11834946,Daihatsu Mira 2012 ES,Islamabad,"2012 95,000 km Petrol 660 cc Automatic",,,9,2,daihatsu-mira-es-2012-148929771,/used-cars/daihatsu-mira-2012-for-sale-in-islamabad-11834946
11844807,Suzuki Alto 2013 ECO-S,Rawalpindi,"2013 122,000 km Petrol 660 cc Automatic",,,20,1,suzuki-alto-eco-s-2013-149077283,/used-cars/suzuki-alto-2013-for-sale-in-rawalpindi-11844807
11844721,Suzuki Every 2026 VXR,Islamabad,2026 1 km Petrol 660 cc Manual,,,5,2,suzuki-every-vxr-2-2026-149076477,/used-cars/suzuki-every-2026-for-sale-in-islamabad-11844721
11844063,Daihatsu Mira 2014 X Limited Smart Drive Package,Islamabad,"2014 69,000 km Petrol 660 cc Automatic",,,20,2,daihatsu-mira-x-limited-smart-drive-package-2014-149066178,/used-cars/daihatsu-mira-2014-for-sale-in-islamabad-11844063
11842465,Suzuki Alto 2023 VXR,Islamabad,"2023 48,000 km Petrol 660 cc Manual",,,14,4,suzuki-alto-vxr-2-2023-149057183,/used-cars/suzuki-alto-2023-for-sale-in-islamabad-11842465
11842594,Suzuki Alto 2023 VXR,Rawalpindi,"2023 17,266 km Petrol 660 cc Manual",M,9.5,14,2,suzuki-alto-vxr-2-2023-149046574,/used-cars/suzuki-alto-2023-for-sale-in-rawalpindi-11842594
11842531,Suzuki Alto 2010 G4,Islamabad,"2010 100,000 km Petrol 660 cc Automatic",,,4,1,suzuki-alto-g4-2010-149045686,/used-cars/suzuki-alto-2010-for-sale-in-islamabad-11842531
11845294,Suzuki Wagon R 2014 FX Limited,Islamabad,"2014 117,000 km Petrol 660 cc Automatic",,,9,4,suzuki-wagon-r-fx-limited-2014-149085038,/used-cars/suzuki-wagon-r-2014-for-sale-in-islamabad-11845294
11844976,Daihatsu Move 2015 X,Islamabad,"2015 86,540 km Petrol 660 cc Automatic",,,9,4,daihatsu-move-x-5-2015-149079959,/used-cars/daihatsu-move-2015-for-sale-in-islamabad-11844976
11844942,Honda N Wgn 2014 Custom G,Islamabad,"2014 92,000 km Petrol 660 cc Automatic",,,12,2,honda-n-wgn-custom-g-3-2014-149079495,/used-cars/honda-n-wgn-2014-for-sale-in-islamabad-11844942
11844775,Suzuki Alto 2022 VXR,Rawalpindi,"2022 58,000 km Petrol 660 cc Manual",,,10,2,suzuki-alto-vxr-2-2022-149077143,/used-cars/suzuki-alto-2022-for-sale-in-rawalpindi-11844775
11844763,Daihatsu Mira 2012,Rawalpindi,"2012 129,000 km Petrol 660 cc Automatic",,,20,1,daihatsu-mira-2012-149076935,/used-cars/daihatsu-mira-2012-for-sale-in-rawalpindi-11844763
11844625,Suzuki Alto 2022 VXR,Islamabad,"2022 58,000 km Petrol 660 cc Manual",,,19,3,suzuki-alto-vxr-2-2022-149074760,/used-cars/suzuki-alto-2022-for-sale-in-islamabad-11844625
11844607,Suzuki Alto 2020 VXL AGS,Rawalpindi,"2020 75,000 km Petrol 660 cc Automatic",,,8,1,suzuki-alto-vxl-2-2020-149074737,/used-cars/suzuki-alto-2020-for-sale-in-rawalpindi-11844607
11844566,Suzuki Alto 2019 VXR,Islamabad,"2019 130,000 km Petrol 660 cc Manual",,,3,3,suzuki-alto-2019-149073822,/used-cars/suzuki-alto-2019-for-sale-in-islamabad-11844566
11844482,Daihatsu Esse 2010 X,Islamabad,"2010 31,904 km Petrol 660 cc Automatic",,,7,2,daihatsu-esse-x-7-2010-149071888,/used-cars/daihatsu-esse-2010-for-sale-in-islamabad-11844482
11844083,Daihatsu Move 2014 X Limited,Islamabad,"2014 89,500 km Petrol 660 cc Automatic",,,20,1,daihatsu-move-x-limited-2014-149066424,/used-cars/daihatsu-move-2014-for-sale-in-islamabad-11844083
11843869,Suzuki Alto 2022 VXL AGS,Rawalpindi,"2022 24,000 km Petrol 660 cc Automatic",,,9,1,suzuki-alto-vxr-ags-2022-149063528,/used-cars/suzuki-alto-2022-for-sale-in-rawalpindi-11843869
11843692,Suzuki Alto 2021 VXR,Rawalpindi,"2021 75,000 km Petrol 660 cc Manual",,,8,4,suzuki-alto-vxr-2-2021-149061276,/used-cars/suzuki-alto-2021-for-sale-in-rawalpindi-11843692
11843152,Suzuki Alto 2022 VXR,Islamabad,"2022 73,000 km Petrol 660 cc Manual",,,6,3,suzuki-alto-vxr-2-2022-149053906,/used-cars/suzuki-alto-2022-for-sale-in-islamabad-11843152
11843083,Daihatsu Mira 2011 X,Islamabad,"2011 154,000 km Petrol 660 cc Automatic",,,7,2,daihatsu-mira-x-8-2011-149053215,/used-cars/daihatsu-mira-2011-for-sale-in-islamabad-11843083
11843056,Daihatsu Move 2014 Custom G,Islamabad,"2014 100,000 km Petrol 660 cc Automatic",,,5,2,daihatsu-move-custom-g-2014-149052649,/used-cars/daihatsu-move-2014-for-sale-in-islamabad-11843056
11843026,Daihatsu Mira 2014 ES,Rawalpindi,"2014 148,000 km Petrol 660 cc Automatic",,,8,3,daihatsu-mira-es-2014-149052221,/used-cars/daihatsu-mira-2014-for-sale-in-rawalpindi-11843026
11842858,Suzuki Alto 2011 G4,Rawalpindi,"2011 92,000 km Petrol 660 cc Automatic",,,5,1,suzuki-alto-g4-2011-149050121,/used-cars/suzuki-alto-2011-for-sale-in-rawalpindi-11842858
11842581,Suzuki Alto 2022 VXR,Rawalpindi,"2022 58,000 km Petrol 660 cc Manual",,,11,2,suzuki-alto-vxr-2-2022-149045818,/used-cars/suzuki-alto-2022-for-sale-in-rawalpindi-11842581
11842492,Daihatsu Mira 2014 X Limited,Islamabad,"2014 90,000 km Petrol 660 cc Automatic",,,14,2,daihatsu-mira-x-limited-3-2014-149044978,/used-cars/daihatsu-mira-2014-for-sale-in-islamabad-11842492
11842749,Suzuki Alto 2012,Islamabad,"2012 150,000 km Petrol 660 cc Automatic",,,12,4,suzuki-alto-2012-149048408,/used-cars/suzuki-alto-2012-for-sale-in-islamabad-11842749
11669047,Suzuki Alto 2019 L,Rawalpindi,"2019 54,000 km Petrol 660 cc Automatic",,,4,3,suzuki-alto-l-27-2019-146382345,/used-cars/suzuki-alto-2019-for-sale-in-rawalpindi-11669047
11764395,Suzuki Every 6th Generation (Imported) 2020 PZ Turbo for Sale 8.2/10,Rawalpindi,"2020 110,595 km Petrol 660 cc Automatic",M,8.2,15,4,suzuki-every-pz-turbo-3-2020-147852138,/used-cars/suzuki-every-2020-for-sale-in-rawalpindi-11764395
11842743,Suzuki Alto 2012,Islamabad,"2012 150,000 km Petrol 660 cc Automatic",,,,,,/used-cars/suzuki-alto-2012-for-sale-in-islamabad-11842743
11843252,Suzuki Alto 2014 E,Islamabad,"2014 160,000 km Petrol 660 cc Automatic",,,16,3,suzuki-alto-e-2014-149055039,/used-cars/suzuki-alto-2014-for-sale-in-islamabad-11843252
11845138,Nissan Moco 2014,Rawalpindi,"2014 280,000 km Petrol 660 cc Automatic",,,14,2,nissan-moco-2014-149082705,/used-cars/nissan-moco-2014-for-sale-in-rawalpindi-11845138
11845470,Suzuki Alto 2025 VXR,Islamabad,"2025 18,000 km Petrol 660 cc Manual",,,13,4,suzuki-alto-vxr-2-2025-149087500,/used-cars/suzuki-alto-2025-for-sale-in-islamabad-11845470
11845488,Suzuki Wagon R 2013 Stingray X,Rawalpindi,"2013 238,000 km Petrol 660 cc Automatic",,,5,3,suzuki-wagon-r-x-14-2013-149088011,/used-cars/suzuki-wagon-r-2013-for-sale-in-rawalpindi-11845488
11845563,Suzuki Alto 2024 VXL AGS,Rawalpindi,"2024 27,042 km Petrol 660 cc Automatic",,,20,2,suzuki-alto-vxl-2-2024-149088494,/used-cars/suzuki-alto-2024-for-sale-in-rawalpindi-11845563
11845723,Suzuki Wagon R 2014 Stingray X,Rawalpindi,"2014 121,000 km Petrol 660 cc Automatic",,,9,3,suzuki-wagon-r-x-14-2014-149092040,/used-cars/suzuki-wagon-r-2014-for-sale-in-rawalpindi-11845723
11845827,Suzuki Alto 2023 VXL AGS,Islamabad,"2023 28,000 km Petrol 660 cc Automatic",,,4,3,suzuki-alto-vxl-2-2023-149093916,/used-cars/suzuki-alto-2023-for-sale-in-islamabad-11845827
11845874,Suzuki Alto 2019 VX,Rawalpindi,"2019 120,000 km Petrol 660 cc Manual",,,20,1,suzuki-alto-vx-14-2019-149094087,/used-cars/suzuki-alto-2019-for-sale-in-rawalpindi-11845874
11846006,Suzuki Alto 2019 VXR,Islamabad,"2019 58,000 km Petrol 660 cc Manual",,,8,2,suzuki-alto-vxr-2-2019-149096838,/used-cars/suzuki-alto-2019-for-sale-in-islamabad-11846006
11846042,Suzuki Alto 2022 VXR,Islamabad,"2022 52,000 km Petrol 660 cc Manual",,,16,2,suzuki-alto-vxr-2-2022-149097328,/used-cars/suzuki-alto-2022-for-sale-in-islamabad-11846042
11846055,Suzuki Alto 2022 VXR,Islamabad,"2022 54,295 km Petrol 660 cc Manual",,,8,2,suzuki-alto-vxr-2-2022-149097375,/used-cars/suzuki-alto-2022-for-sale-in-islamabad-11846055
11846095,Suzuki Every 2011 GA,Rawalpindi,"2011 125,000 km Petrol 660 cc Manual",,,7,3,suzuki-every-ga-2011-149095738,/used-cars/suzuki-every-2011-for-sale-in-rawalpindi-11846095
11846229,Suzuki Every 6th Generation (Imported) 2024 Join,Islamabad,"2024 100,000 km Petrol 660 cc Automatic",,,20,2,suzuki-every-join-2-2024-149100262,/used-cars/suzuki-every-2024-for-sale-in-islamabad-11846229
11846268,Suzuki Alto 2020 VXL AGS,Islamabad,"2020 240,000 km Petrol 660 cc Automatic",,,9,1,suzuki-alto-vxl-2-2020-149100244,/used-cars/suzuki-alto-2020-for-sale-in-islamabad-11846268
11846322,Mitsubishi EK Custom 2014,Rawalpindi,"2014 113,000 km Petrol 660 cc Automatic",,,13,3,mitsubishi-ek-custom-2014-149101320,/used-cars/mitsubishi-ek-custom-2014-for-sale-in-rawalpindi-11846322
11846356,Suzuki Alto 2012 ECO-S,Islamabad,"2012 105,000 km Petrol 660 cc Automatic",,,19,1,suzuki-alto-eco-s-2012-149102186,/used-cars/suzuki-alto-2012-for-sale-in-islamabad-11846356
11846364,Suzuki Alto 2011 F,Islamabad,"2011 150,000 km Petrol 660 cc Automatic",,,8,3,suzuki-alto-f-2-2011-149102240,/used-cars/suzuki-alto-2011-for-sale-in-islamabad-11846364
11847393,Daihatsu Mira 2011 Custom L,Islamabad,"2011 82,000 km Petrol 660 cc Automatic",,,8,2,daihatsu-mira-l-4-2011-149118273,/used-cars/daihatsu-mira-2011-for-sale-in-islamabad-11847393
11847010,Daihatsu Mira 2014 ES,Islamabad,"2014 179,000 km Petrol 660 cc Automatic",,,7,4,daihatsu-mira-es-2014-149112986,/used-cars/daihatsu-mira-2014-for-sale-in-islamabad-11847010
11845916,Suzuki Jimny 2012,Islamabad,"2012 116,000 km Petrol 660 cc Automatic",,,5,3,suzuki-jimny-2012-149094997,/used-cars/suzuki-jimny-2012-for-sale-in-islamabad-11845916
11846536,Nissan Dayz Highway Star 2016,Islamabad,"2016 105,807 km Petrol 660 cc Automatic",,,10,1,nissan-dayz-highway-star-2016-149105112,/used-cars/nissan-dayz-highway-star-2016-for-sale-in-islamabad-11846536
11847054,Toyota Pixis Epoch 2012,Islamabad,"2012 114,000 km Petrol 660 cc Automatic",,,19,2,toyota-pixis-2012-149113758,/used-cars/toyota-pixis-epoch-2012-for-sale-in-islamabad-11847054
11843192,Suzuki Alto 2022 VXL AGS,Islamabad,"2022 40,000 km Petrol 660 cc Automatic",,,7,1,suzuki-alto-vxl-2-2022-149114220,/used-cars/suzuki-alto-2022-for-sale-in-islamabad-11843192
11846904,Nissan Dayz 2014 Rider Autech,Islamabad,"2014 127,000 km Petrol 660 cc Automatic",,,7,4,nissan-dayz-rider-autech-2014-149111200,/used-cars/nissan-dayz-2014-for-sale-in-islamabad-11846904
11846770,Daihatsu Move 2013 X Limited,Islamabad,"2013 117,000 km Petrol 660 cc Automatic",,,16,2,daihatsu-move-x-limited-2013-149108197,/used-cars/daihatsu-move-2013-for-sale-in-islamabad-11846770
11846621,Honda N Wgn 2014 C,Rawalpindi,"2014 130,000 km Petrol 660 cc Automatic",,,6,4,honda-n-wgn-c-4-2014-149106477,/used-cars/honda-n-wgn-2014-for-sale-in-rawalpindi-11846621
11843004,Suzuki Alto 2025 VXR,Islamabad,"2025 14,500 km Petrol 660 cc Manual",,,4,1,suzuki-alto-vxr-2-2025-149051344,/used-cars/suzuki-alto-2025-for-sale-in-islamabad-11843004
11846968,Suzuki Alto 2015 X,Islamabad,"2015 190,000 km Petrol 660 cc Automatic",,,7,1,suzuki-alto-x-9-2015-149110168,/used-cars/suzuki-alto-2015-for-sale-in-islamabad-11846968
11846571,Suzuki Every 6th Generation (Imported) 2018 Join,Rawalpindi,"2018 130,000 km Petrol 660 cc Automatic",,,7,4,suzuki-every-join-2-2018-149105828,/used-cars/suzuki-every-2018-for-sale-in-rawalpindi-11846571
11756590,Nissan Clipper 2011 DX,Rawalpindi,"2011 90,000 km Petrol 660 cc Automatic",,,18,1,nissan-clipper-g-aero-version-2011-147797509,/used-cars/nissan-clipper-2011-for-sale-in-rawalpindi-11756590
11831112,Suzuki Alto 2023,Islamabad,"2023 37,900 km Petrol 660 cc Automatic",,,13,2,suzuki-alto-2023-148870947,/used-cars/suzuki-alto-2023-for-sale-in-islamabad-11831112
11847728,Honda Acty 2012,Islamabad,"2012 230,000 km Petrol 660 cc Automatic",,,9,3,honda-acty-2012-149123123,/used-cars/honda-acty-2012-for-sale-in-islamabad-11847728
11847730,Mitsubishi Ek Wagon 2018 G Safety Plus Edition,Islamabad,"2018 70,000 km Petrol 660 cc Automatic",,,17,4,mitsubishi-ek-wagon-g-safety-plus-edition-2018-149123105,/used-cars/mitsubishi-ek-wagon-2018-for-sale-in-islamabad-11847730
11847908,Suzuki Alto 2024 VX,Rawalpindi,"2024 14,900 km Petrol 660 cc Manual",,,13,3,suzuki-alto-vx-14-2024-149124659,/used-cars/suzuki-alto-2024-for-sale-in-rawalpindi-11847908
11848001,Suzuki Alto 2023 VXL AGS,Rawalpindi,"2023 60,000 km Petrol 660 cc Automatic",,,5,2,suzuki-alto-vxl-2-2023-149126985,/used-cars/suzuki-alto-2023-for-sale-in-rawalpindi-11848001
10085712,Suzuki Alto 2021 VXR,Islamabad,"2021 110,000 km Petrol 660 cc Manual",,,15,3,suzuki-alto-vxr-2-2021-121657089,/used-cars/suzuki-alto-2021-for-sale-in-islamabad-10085712
11847335,Suzuki Alto 2024 VXR,Rawalpindi,"2024 33,200 km Petrol 660 cc Manual",,,19,1,suzuki-alto-vxr-2-2024-149117155,/used-cars/suzuki-alto-2024-for-sale-in-rawalpindi-11847335
11848098,Suzuki Alto 2023 VXL AGS,Islamabad,"2023 23,500 km Petrol 660 cc Automatic",,,20,3,suzuki-alto-vxl-2-2023-149128071,/used-cars/suzuki-alto-2023-for-sale-in-islamabad-11848098
11848111,Suzuki Wagon R 2015 FA,Rawalpindi,"2015 113,000 km Petrol 660 cc Automatic",,,4,4,suzuki-wagon-r-fa-2015-149128330,/used-cars/suzuki-wagon-r-2015-for-sale-in-rawalpindi-11848111
11848154,Mazda Flair 2013 XG,Rawalpindi,"2013 150,000 km Petrol 660 cc Automatic",,,9,3,mazda-flair-xg-4-2013-149128828,/used-cars/mazda-flair-2013-for-sale-in-rawalpindi-11848154
11848406,Mazda Flair 2013 XG,Islamabad,"2013 170,000 km Petrol 660 cc Automatic",,,12,3,mazda-flair-xg-4-2013-149132143,/used-cars/mazda-flair-2013-for-sale-in-islamabad-11848406
11848614,Daihatsu Hijet 2010,Islamabad,"2010 225,000 km Petrol 660 cc Automatic",,,4,4,daihatsu-hijet-van-2010-149134692,/used-cars/daihatsu-hijet-2010-for-sale-in-islamabad-11848614
11848716,Suzuki Alto 2014 ECO-S,Islamabad,"2014 140,000 km Petrol 660 cc Automatic",,,8,3,suzuki-alto-eco-s-2014-149136088,/used-cars/suzuki-alto-2014-for-sale-in-islamabad-11848716
11848756,Mazda Carol 2012 GS,Rawalpindi,"2012 149,913 km Petrol 660 cc Automatic",,,11,2,mazda-carol-2012-149136527,/used-cars/mazda-carol-2012-for-sale-in-rawalpindi-11848756
11848801,Daihatsu Move 2015 Custom RS,Islamabad,"2015 117,000 km Petrol 660 cc Automatic",,,5,2,daihatsu-move-custom-rs-2015-149137338,/used-cars/daihatsu-move-2015-for-sale-in-islamabad-11848801
11848812,Suzuki Alto 2024 VXR,Islamabad,"2024 70,000 km Petrol 660 cc Manual",,,4,4,suzuki-alto-vxr-2-2024-149137590,/used-cars/suzuki-alto-2024-for-sale-in-islamabad-11848812
11849007,Suzuki Wagon R 2014,Rawalpindi,"2014 105,000 km Petrol 660 cc Automatic",,,14,3,suzuki-wagon-r-2014-149140922,/used-cars/suzuki-wagon-r-2014-for-sale-in-rawalpindi-11849007
11849056,Suzuki Wagon R 2015 FX,Rawalpindi,"2015 126,500 km Petrol 660 cc Automatic",,,12,3,suzuki-wagon-r-fx-2-2015-149141464,/used-cars/suzuki-wagon-r-2015-for-sale-in-rawalpindi-11849056
11849178,Suzuki Alto 2021 VXR,Rawalpindi,"2021 132,000 km Petrol 660 cc Manual",,,2,4,suzuki-alto-vxr-2-2021-149143482,/used-cars/suzuki-alto-2021-for-sale-in-rawalpindi-11849178
11849370,Suzuki Alto 2020 VXR,Rawalpindi,"2020 149,000 km Petrol 660 cc Manual",,,6,3,suzuki-alto-vxr-2-2020-149144995,/used-cars/suzuki-alto-2020-for-sale-in-rawalpindi-11849370
11851014,Suzuki Alto 2020 VXR,Rawalpindi,"2020 90,000 km Petrol 660 cc Manual",,,18,3,suzuki-alto-vxr-2-2020-149172162,/used-cars/suzuki-alto-2020-for-sale-in-rawalpindi-11851014
11850946,Honda N Wgn 2017 Custom G,Islamabad,"2017 78,000 km Petrol 660 cc Automatic",,,14,4,honda-n-wgn-custom-g-3-2017-149171151,/used-cars/honda-n-wgn-2017-for-sale-in-islamabad-11850946
11850591,Suzuki Alto 2023 VXR,Islamabad,"2023 22,000 km Petrol 660 cc Manual",,,15,3,suzuki-alto-vxr-2-2023-149166519,/used-cars/suzuki-alto-2023-for-sale-in-islamabad-11850591
11849626,Suzuki Alto 2021 VXR 7.3/10,Islamabad,"2021 125,730 km Petrol 660 cc Manual",M,7.3,14,1,suzuki-alto-vxr-2-2021-149149974,/used-cars/suzuki-alto-2021-for-sale-in-islamabad-11849626
11852501,Daihatsu Move 2013,Rawalpindi,"2013 148,000 km Petrol 660 cc Automatic",,,17,4,daihatsu-move-2013-149193149,/used-cars/daihatsu-move-2013-for-sale-in-rawalpindi-11852501
11852512,Suzuki Alto 2019 VXR,Islamabad,"2019 142,000 km Petrol 660 cc Manual",,,10,2,suzuki-alto-vxr-2-2019-149193607,/used-cars/suzuki-alto-2019-for-sale-in-islamabad-11852512
11852486,Suzuki Alto 2011,Islamabad,"2011 98,000 km Petrol 660 cc Automatic",,,4,4,suzuki-alto-2011-149193194,/used-cars/suzuki-alto-2011-for-sale-in-islamabad-11852486
11852376,Mitsubishi Ek Wagon 2012,Islamabad,"2012 107,000 km Petrol 660 cc Automatic",,,12,4,mitsubishi-ek-wagon-2012-149191567,/used-cars/mitsubishi-ek-wagon-2012-for-sale-in-islamabad-11852376
11852332,Daihatsu Mira 2014 L,Rawalpindi,"2014 200,000 km Petrol 660 cc Automatic",,,11,3,daihatsu-mira-2014-149190734,/used-cars/daihatsu-mira-2014-for-sale-in-rawalpindi-11852332
11852148,Suzuki Every 2026 VXR,Rawalpindi,"2026 10,000 km Petrol 660 cc Manual",,,12,1,suzuki-every-vxr-2-2026-149188627,/used-cars/suzuki-every-2026-for-sale-in-rawalpindi-11852148
11852052,Daihatsu Mira 2012 ES,Islamabad,"2012 98,000 km Petrol 660 cc Automatic",,,9,3,daihatsu-mira-es-2012-149189184,/used-cars/daihatsu-mira-2012-for-sale-in-islamabad-11852052
11851826,Suzuki Alto 2013 E,Rawalpindi,"2013 123,114 km Petrol 660 cc Automatic",,,6,1,suzuki-alto-e-2013-149184154,/used-cars/suzuki-alto-2013-for-sale-in-rawalpindi-11851826
11851813,Suzuki Alto 2024 VXR,Islamabad,"2024 22,500 km Petrol 660 cc Manual",,,10,3,suzuki-alto-vxr-2-2024-149183181,/used-cars/suzuki-alto-2024-for-sale-in-islamabad-11851813
11851530,Daihatsu Move 2014 X,Islamabad,"2014 155,000 km Petrol 660 cc Automatic",,,8,4,daihatsu-move-x-5-2014-149179544,/used-cars/daihatsu-move-2014-for-sale-in-islamabad-11851530
11851521,Suzuki Alto 2022 VXL AGS,Islamabad,"2022 51,996 km Petrol 660 cc Automatic",,,20,2,suzuki-alto-vxl-2-2022-149179470,/used-cars/suzuki-alto-2022-for-sale-in-islamabad-11851521
11851478,Suzuki Alto 2022 VXR AGS,Islamabad,"2022 110,000 km Petrol 660 cc Automatic",,,9,4,suzuki-alto-vxr-ags-2022-149179076,/used-cars/suzuki-alto-2022-for-sale-in-islamabad-11851478
11851452,Suzuki Alto 2023 VX,Islamabad,"2023 33,000 km Petrol 660 cc Manual",,,17,3,suzuki-alto-vx-14-2023-149178628,/used-cars/suzuki-alto-2023-for-sale-in-islamabad-11851452
11851322,Suzuki Alto 2010 G,Islamabad,"2010 90,000 km Petrol 660 cc Automatic",,,20,2,suzuki-alto-g-4-2010-149176493,/used-cars/suzuki-alto-2010-for-sale-in-islamabad-11851322
11833246,Suzuki Alto 2021 VXR,Islamabad,"2021 125,000 km Petrol 660 cc Manual",,,8,4,suzuki-alto-vxr-2-2021-148906782,/used-cars/suzuki-alto-2021-for-sale-in-islamabad-11833246
11850851,Daihatsu Mira 2013 ES,Islamabad,"2013 93,000 km Petrol 660 cc Automatic",,,14,2,daihatsu-mira-es-2013-149169512,/used-cars/daihatsu-mira-2013-for-sale-in-islamabad-11850851
11850844,Suzuki Alto 2021 VXL AGS,Islamabad,"2021 78,000 km Petrol 660 cc Automatic",,,15,4,suzuki-alto-vxl-2-2021-149168598,/used-cars/suzuki-alto-2021-for-sale-in-islamabad-11850844
11850553,Nissan Moco 2012 Dolce X,Islamabad,"2012 10,000 km Petrol 660 cc Automatic",,,10,3,nissan-moco-dolce-x-2012-149163781,/used-cars/nissan-moco-2012-for-sale-in-islamabad-11850553
11850286,Daihatsu Mira 2012 ES,Islamabad,"2012 92,000 km Petrol 660 cc Automatic",,,20,4,daihatsu-mira-es-2012-149159862,/used-cars/daihatsu-mira-2012-for-sale-in-islamabad-11850286
11849769,Nissan Dayz 2013 Highway Star G,Islamabad,"2013 88,000 km Petrol 660 cc Automatic",,,8,4,nissan-dayz-highway-star-3-2013-149152292,/used-cars/nissan-dayz-2013-for-sale-in-islamabad-11849769
11849724,Nissan Dayz 2014 Highway Star G,Islamabad,"2014 120,000 km Petrol 660 cc Automatic",,,9,2,nissan-dayz-highway-star-3-2014-149151290,/used-cars/nissan-dayz-2014-for-sale-in-islamabad-11849724
11849429,Daihatsu Mira 2012 ES,Rawalpindi,"2012 40,000 km Petrol 660 cc Automatic",,,7,2,daihatsu-mira-es-2012-149146809,/used-cars/daihatsu-mira-2012-for-sale-in-rawalpindi-11849429
11851927,Subaru Pleo 2012 F,Islamabad,"2012 85,000 km Petrol 660 cc Manual",,,14,1,subaru-pleo-f-5-2012-149185273,/used-cars/subaru-pleo-2012-for-sale-in-islamabad-11851927
11852262,Suzuki Wagon R 2014 FX,Islamabad,"2014 100,500 km Petrol 660 cc Automatic",,,9,4,suzuki-wagon-r-fx-2-2014-149190100,/used-cars/suzuki-wagon-r-2014-for-sale-in-islamabad-11852262
11853657,Suzuki Alto 2023 VXR,Islamabad,"2023 48,000 km Petrol 660 cc Manual",,,17,1,suzuki-alto-vxr-2-2023-149211384,/used-cars/suzuki-alto-2023-for-sale-in-islamabad-11853657
11853184,Suzuki Alto 2023 VXR AGS,Islamabad,"2023 98,000 km Petrol 660 cc Automatic",,,8,3,suzuki-alto-vxr-ags-2023-149203569,/used-cars/suzuki-alto-2023-for-sale-in-islamabad-11853184
11853127,Suzuki Alto 2024 VXR,Islamabad,"2024 70,000 km Petrol 660 cc Manual",,,3,4,suzuki-alto-vxr-2-2024-149202607,/used-cars/suzuki-alto-2024-for-sale-in-islamabad-11853127
11853649,Suzuki Every 2019,Islamabad,"2019 101,300 km Petrol 660 cc Automatic",,,7,4,suzuki-every-2019-149210925,/used-cars/suzuki-every-2019-for-sale-in-islamabad-11853649
11853554,Suzuki Alto 2022 VXR,Rawalpindi,"2022 34,500 km Petrol 660 cc Manual",,,9,4,suzuki-alto-vxr-2-2022-149209797,/used-cars/suzuki-alto-2022-for-sale-in-rawalpindi-11853554
11853433,Suzuki Alto 2019 VXL AGS,Rawalpindi,"2019 61,250 km Petrol 660 cc Automatic",,,14,3,suzuki-alto-vxl-2-2019-149207466,/used-cars/suzuki-alto-2019-for-sale-in-rawalpindi-11853433
11853388,Suzuki Alto 2024 VX,Rawalpindi,"2024 44,000 km Petrol 660 cc Manual",,,4,2,suzuki-alto-vx-14-2024-149207153,/used-cars/suzuki-alto-2024-for-sale-in-rawalpindi-11853388
11853297,Suzuki Wagon R 2011 Stingray Limited,Rawalpindi,"2011 200,000 km Petrol 660 cc Automatic",,,12,2,suzuki-wagon-r-stingray-limited-2011-149205613,/used-cars/suzuki-wagon-r-2011-for-sale-in-rawalpindi-11853297
11853255,Sogo Pickup 2013,Islamabad,"2013 36,343 km Petrol 660 cc Manual",,,8,3,sogo-pickup-2-2013-149204047,/used-cars/sogo-pickup-2013-for-sale-in-islamabad-11853255
11849306,Suzuki Wagon R 2015 Stingray J Style,Islamabad,"2015 120,000 km Petrol 660 cc Automatic",,,20,3,suzuki-wagon-r-j-style-2015-149202022,/used-cars/suzuki-wagon-r-2015-for-sale-in-islamabad-11849306
11853076,Suzuki Alto 2016 F,Rawalpindi,"2016 110,000 km Petrol 660 cc Automatic",,,9,1,suzuki-alto-f-2-2016-149201546,/used-cars/suzuki-alto-2016-for-sale-in-rawalpindi-11853076
11853729,Suzuki Alto 2013 E,Islamabad,"2013 175,000 km Petrol 660 cc Automatic",,,8,4,suzuki-alto-e-2013-149212902,/used-cars/suzuki-alto-2013-for-sale-in-islamabad-11853729
11853788,Suzuki Alto 2017 Works Edition,Islamabad,"2017 100,500 km Petrol 658 cc Automatic",,,12,4,suzuki-alto-works-edition-2017-149213264,/used-cars/suzuki-alto-2017-for-sale-in-islamabad-11853788
11853952,Suzuki Wagon R 2016 FX Limited,Rawalpindi,"2016 80,000 km Petrol 660 cc Automatic",,,11,3,suzuki-wagon-r-fx-limited-2016-149216177,/used-cars/suzuki-wagon-r-2016-for-sale-in-rawalpindi-11853952
11853988,Suzuki Alto 2011,Rawalpindi,"2011 107,000 km Petrol 660 cc Automatic",,,1,4,suzuki-alto-2011-149216554,/used-cars/suzuki-alto-2011-for-sale-in-rawalpindi-11853988
11853969,Suzuki Alto 2021 VXL AGS,Islamabad,"2021 52,000 km Petrol 660 cc Automatic",,,15,3,suzuki-alto-vxl-2-2021-149216458,/used-cars/suzuki-alto-2021-for-sale-in-islamabad-11853969
11854130,Nissan Moco 2014 X,Islamabad,"2014 170,000 km Petrol 660 cc Automatic",,,6,3,nissan-moco-x-18-2014-149218619,/used-cars/nissan-moco-2014-for-sale-in-islamabad-11854130
