id,source,model_full,year,price_lacs,url,first_seen,last_seen,high_price_seen
12075589,PakWheels,Mitsubishi EK Wagon,2013,23.75,https://www.pakwheels.com/used-cars/mitsubishi-ek-wagon-2013-for-sale-in-rawalpindi-12075589,2026-10-01T23:20,2026-10-01T23:20,23.75
12075600,PakWheels,Suzuki Alto,2010,23.5,https://www.pakwheels.com/used-cars/suzuki-alto-2010-for-sale-in-rawalpindi-12075600,2026-10-01T23:20,2026-10-01T23:20,23.5
12075579,PakWheels,Suzuki Alto,2022,27.2,https://www.pakwheels.com/used-cars/suzuki-alto-2022-for-sale-in-rawalpindi-12075579,2026-10-01T23:20,2026-10-01T23:20,27.2
1119758606,OLX,Toyota Passo,2006,21.7,https://www.olx.com.pk/item/-iid-1119758606,2026-09-26T14:00,2026-10-01T23:20,21.7
12075553,PakWheels,Suzuki Alto,2009,18.25,https://www.pakwheels.com/used-cars/suzuki-alto-2009-for-sale-in-rawalpindi-12075553,2026-10-01T23:20,2026-10-01T23:20,18.25
12011291,PakWheels,Nissan Dayz,2014,25.0,https://www.pakwheels.com/used-cars/nissan-dayz-2014-for-sale-in-rawalpindi-12011291,2026-10-01T23:20,2026-10-01T23:20,25.0
1119962346,OLX,Daihatsu Mira,2011,19.5,https://www.olx.com.pk/item/-iid-1119962346,2026-10-01T15:30,2026-10-01T23:20,19.5
1119962958,OLX,Toyota Vitz,2014,28.5,https://www.olx.com.pk/item/-iid-1119962958,2026-10-01T15:30,2026-10-01T23:20,28.5
12075410,PakWheels,Suzuki Swift,2013,23.25,https://www.pakwheels.com/used-cars/suzuki-swift-2013-for-sale-in-rawalpindi-12075410,2026-10-01T23:20,2026-10-01T23:20,23.25
11855220,PakWheels,Toyota Vitz,2007,24.5,https://www.pakwheels.com/used-cars/toyota-vitz-2007-for-sale-in-islamabad-11855220,2026-10-01T23:20,2026-10-01T23:20,24.5
1119960851,OLX,Nissan Dayz,2015,24.65,https://www.olx.com.pk/item/-iid-1119960851,2026-10-01T15:30,2026-10-01T23:20,24.65
12075430,PakWheels,Daihatsu Mira ES,2016,26.0,https://www.pakwheels.com/used-cars/daihatsu-mira-2016-for-sale-in-islamabad-12075430,2026-10-01T23:20,2026-10-01T23:20,26.0
12075394,PakWheels,Suzuki Swift,2017,27.6,https://www.pakwheels.com/used-cars/suzuki-swift-2017-for-sale-in-islamabad-12075394,2026-10-01T23:20,2026-10-01T23:20,27.6
12075455,PakWheels,Suzuki Swift,2019,28.5,https://www.pakwheels.com/used-cars/suzuki-swift-2019-for-sale-in-islamabad-12075455,2026-10-01T23:20,2026-10-01T23:20,28.5
12075289,PakWheels,Suzuki Baleno,2004,11.5,https://www.pakwheels.com/used-cars/suzuki-baleno-2004-for-sale-in-islamabad-12075289,2026-10-01T23:20,2026-10-01T23:20,11.5
12075267,PakWheels,Nissan Pino,2007,20.0005,https://www.pakwheels.com/used-cars/nissan-pino-2007-for-sale-in-islamabad-12075267,2026-10-01T23:20,2026-10-01T23:20,20.0005
12056058,PakWheels,Suzuki Wagon R,2015,21.3,https://www.pakwheels.com/used-cars/suzuki-wagon-r-2015-for-sale-in-islamabad-12056058,2026-10-01T23:20,2026-10-01T23:20,21.3
11740964,PakWheels,Nissan Moco,2013,21.5,https://www.pakwheels.com/used-cars/nissan-moco-2013-for-sale-in-islamabad-11740964,2026-10-01T23:20,2026-10-01T23:20,21.5
1119960447,OLX,Toyota Passo,2005,23.35,https://www.olx.com.pk/item/-iid-1119960447,2026-10-01T15:30,2026-10-01T23:20,23.35
12068066,PakWheels,Suzuki Wagon R,2019,24.3,https://www.pakwheels.com/used-cars/suzuki-wagon-r-2019-for-sale-in-islamabad-12068066,2026-09-30T03:11,2026-10-01T23:20,24.5
1119959476,OLX,Daihatsu Mira,2012,24.5,https://www.olx.com.pk/item/-iid-1119959476,2026-10-01T15:30,2026-10-01T23:20,24.5
12023666,PakWheels,Toyota Vitz,2003,28.8,https://www.pakwheels.com/used-cars/toyota-vitz-2003-for-sale-in-islamabad-12023666,2026-09-23T19:12,2026-10-01T23:20,29.5
11868704,PakWheels,Suzuki Alto,2023,29.5,https://www.pakwheels.com/used-cars/suzuki-alto-2023-for-sale-in-islamabad-11868704,2026-10-01T23:20,2026-10-01T23:20,29.5
12075186,PakWheels,Suzuki Alto,2025,30.0,https://www.pakwheels.com/used-cars/suzuki-alto-2025-for-sale-in-islamabad-12075186,2026-10-01T23:20,2026-10-01T23:20,30.0
1119957927,OLX,Suzuki Alto,2005,10.35,https://www.olx.com.pk/item/-iid-1119957927,2026-10-01T15:30,2026-10-01T23:20,10.35
12075008,PakWheels,Suzuki Alto,2006,10.5,https://www.pakwheels.com/used-cars/suzuki-alto-2006-for-sale-in-rawalpindi-12075008,2026-10-01T23:20,2026-10-01T23:20,10.5
1119957565,OLX,Mitsubishi EK Wagon,2008,19.0,https://www.olx.com.pk/item/-iid-1119957565,2026-10-01T15:30,2026-10-01T23:20,19.0
12075012,PakWheels,Toyota Vitz,2002,21.6,https://www.pakwheels.com/used-cars/toyota-vitz-2002-for-sale-in-islamabad-12075012,2026-10-01T23:20,2026-10-01T23:20,21.6
1119954163,OLX,Daihatsu Mira,2012,23.5,https://www.olx.com.pk/item/-iid-1119954163,2026-10-01T15:30,2026-10-01T23:20,23.5
11981719,PakWheels,Daihatsu Mira ES,2014,23.9,https://www.pakwheels.com/used-cars/daihatsu-mira-2014-for-sale-in-islamabad-11981719,2026-09-11T13:28,2026-10-01T23:20,23.9
11981706,PakWheels,Suzuki Wagon R,2020,25.4,https://www.pakwheels.com/used-cars/suzuki-wagon-r-2020-for-sale-in-islamabad-11981706,2026-09-26T23:29,2026-10-01T23:20,25.4
12075072,PakWheels,Suzuki Wagon R,2019,27.5,https://www.pakwheels.com/used-cars/suzuki-wagon-r-2019-for-sale-in-rawalpindi-12075072,2026-10-01T23:20,2026-10-01T23:20,27.5
12053224,PakWheels,Toyota Passo,2012,28.5,https://www.pakwheels.com/used-cars/toyota-passo-2012-for-sale-in-rawalpindi-12053224,2026-09-26T23:29,2026-10-01T23:20,28.5
11851652,PakWheels,Toyota Passo,2014,28.75,https://www.pakwheels.com/used-cars/toyota-passo-2014-for-sale-in-islamabad-11851652,2026-09-26T23:29,2026-10-01T23:20,28.75
12074841,PakWheels,Suzuki Alto,2006,11.3,https://www.pakwheels.com/used-cars/suzuki-alto-2006-for-sale-in-islamabad-12074841,2026-10-01T23:20,2026-10-01T23:20,11.3
12054216,PakWheels,Nissan March,2007,13.5,https://www.pakwheels.com/used-cars/nissan-march-2007-for-sale-in-islamabad-12054216,2026-10-01T23:20,2026-10-01T23:20,13.5
11979462,PakWheels,Daihatsu Mira,2014,20.0,https://www.pakwheels.com/used-cars/daihatsu-mira-2014-for-sale-in-islamabad-11979462,2026-09-11T18:29,2026-10-01T23:20,20.0
12069973,PakWheels,Suzuki Wagon R,2016,21.9,https://www.pakwheels.com/used-cars/suzuki-wagon-r-2016-for-sale-in-islamabad-12069973,2026-10-01T23:20,2026-10-01T23:20,21.9
12072282,PakWheels,Suzuki Swift,2012,22.5,https://www.pakwheels.com/used-cars/suzuki-swift-2012-for-sale-in-islamabad-12072282,2026-10-01T23:20,2026-10-01T23:20,22.5
12074763,PakWheels,Suzuki Wagon R,2017,22.55,https://www.pakwheels.com/used-cars/suzuki-wagon-r-2017-for-sale-in-rawalpindi-12074763,2026-10-01T23:20,2026-10-01T23:20,22.55
12074786,PakWheels,Suzuki Alto,2022,24.9,https://www.pakwheels.com/used-cars/suzuki-alto-2022-for-sale-in-islamabad-12074786,2026-10-01T23:20,2026-10-01T23:20,24.9
12074812,PakWheels,Suzuki Swift,2017,25.5,https://www.pakwheels.com/used-cars/suzuki-swift-2017-for-sale-in-islamabad-12074812,2026-10-01T23:20,2026-10-01T23:20,25.5
12074872,PakWheels,Suzuki Alto,2022,26.2,https://www.pakwheels.com/used-cars/suzuki-alto-2022-for-sale-in-rawalpindi-12074872,2026-10-01T23:20,2026-10-01T23:20,26.2
12072912,PakWheels,Suzuki Alto,2014,26.25,https://www.pakwheels.com/used-cars/suzuki-alto-2014-for-sale-in-islamabad-12072912,2026-10-01T23:20,2026-10-01T23:20,26.25
12074787,PakWheels,Suzuki Wagon R,2022,29.0,https://www.pakwheels.com/used-cars/suzuki-wagon-r-2022-for-sale-in-islamabad-12074787,2026-10-01T23:20,2026-10-01T23:20,29.0
12074723,PakWheels,Suzuki Alto,2010,12.7,https://www.pakwheels.com/used-cars/suzuki-alto-2010-for-sale-in-islamabad-12074723,2026-10-01T23:20,2026-10-01T23:20,12.7
12074543,PakWheels,Suzuki Alto,2010,15.5,https://www.pakwheels.com/used-cars/suzuki-alto-2010-for-sale-in-islamabad-12074543,2026-10-01T23:20,2026-10-01T23:20,15.5
1119953823,OLX,Daihatsu Mira,2006,17.25,https://www.olx.com.pk/item/-iid-1119953823,2026-10-01T15:30,2026-10-01T23:20,17.25
12044979,PakWheels,Suzuki Alto,2012,17.5,https://www.pakwheels.com/used-cars/suzuki-alto-2012-for-sale-in-islamabad-12044979,2026-10-01T23:20,2026-10-01T23:20,17.5
1118951276,OLX,Daihatsu Mira,2006,19.35,https://www.olx.com.pk/item/-iid-1118951276,2026-09-06T13:18,2026-10-01T23:20,19.35
12074568,PakWheels,Nissan Moco,2012,20.95,https://www.pakwheels.com/used-cars/nissan-moco-2012-for-sale-in-islamabad-12074568,2026-10-01T23:20,2026-10-01T23:20,20.95
12074734,PakWheels,Suzuki Wagon R,2016,21.5,https://www.pakwheels.com/used-cars/suzuki-wagon-r-2016-for-sale-in-rawalpindi-12074734,2026-10-01T23:20,2026-10-01T23:20,21.5
12074599,PakWheels,Suzuki Alto,2010,22.0,https://www.pakwheels.com/used-cars/suzuki-alto-2010-for-sale-in-islamabad-12074599,2026-10-01T23:20,2026-10-01T23:20,22.0
12074486,PakWheels,Nissan Dayz,2014,24.0,https://www.pakwheels.com/used-cars/nissan-dayz-2014-for-sale-in-rawalpindi-12074486,2026-10-01T23:20,2026-10-01T23:20,24.0
12074467,PakWheels,Honda N One,2015,24.0,https://www.pakwheels.com/used-cars/honda-n-one-2015-for-sale-in-rawalpindi-12074467,2026-10-01T23:20,2026-10-01T23:20,24.0
12074564,PakWheels,Toyota Pixis,2014,25.0,https://www.pakwheels.com/used-cars/toyota-pixis-epoch-2014-for-sale-in-rawalpindi-12074564,2026-10-01T23:20,2026-10-01T23:20,25.0
12074700,PakWheels,Suzuki Wagon R,2019,25.45,https://www.pakwheels.com/used-cars/suzuki-wagon-r-2019-for-sale-in-rawalpindi-12074700,2026-10-01T23:20,2026-10-01T23:20,25.45
12074638,PakWheels,Mitsubishi EK Wagon,2017,26.0,https://www.pakwheels.com/used-cars/mitsubishi-ek-wagon-2017-for-sale-in-islamabad-12074638,2026-10-01T23:20,2026-10-01T23:20,26.0
12074675,PakWheels,Suzuki Alto,2019,26.7,https://www.pakwheels.com/used-cars/suzuki-alto-2019-for-sale-in-rawalpindi-12074675,2026-10-01T23:20,2026-10-01T23:20,26.7
12073992,PakWheels,Suzuki Alto,2008,10.8,https://www.pakwheels.com/used-cars/suzuki-alto-2008-for-sale-in-rawalpindi-12073992,2026-10-01T23:20,2026-10-01T23:20,10.8
12069052,PakWheels,Honda Life,2007,17.9,https://www.pakwheels.com/used-cars/honda-life-2007-for-sale-in-islamabad-12069052,2026-09-30T15:02,2026-10-01T23:20,17.9
12074058,PakWheels,Daihatsu Mira,2009,19.25,https://www.pakwheels.com/used-cars/daihatsu-mira-2009-for-sale-in-islamabad-12074058,2026-10-01T23:20,2026-10-01T23:20,19.25
12074318,PakWheels,Toyota Vitz,2007,21.5,https://www.pakwheels.com/used-cars/toyota-vitz-2007-for-sale-in-rawalpindi-12074318,2026-10-01T23:20,2026-10-01T23:20,21.5
12074245,PakWheels,Suzuki Swift,2012,21.5,https://www.pakwheels.com/used-cars/suzuki-swift-2012-for-sale-in-islamabad-12074245,2026-10-01T23:20,2026-10-01T23:20,21.5
12073366,PakWheels,Suzuki Alto,2014,23.0,https://www.pakwheels.com/used-cars/suzuki-alto-2014-for-sale-in-islamabad-12073366,2026-10-01T15:30,2026-10-01T23:20,24.3
11937813,PakWheels,Suzuki Swift,2005,23.0,https://www.pakwheels.com/used-cars/suzuki-swift-2005-for-sale-in-islamabad-11937813,2026-10-01T23:20,2026-10-01T23:20,23.0
12074309,PakWheels,Suzuki Swift,2012,23.75,https://www.pakwheels.com/used-cars/suzuki-swift-2012-for-sale-in-islamabad-12074309,2026-10-01T23:20,2026-10-01T23:20,23.75
12074246,PakWheels,Suzuki Swift,2015,24.2,https://www.pakwheels.com/used-cars/suzuki-swift-2015-for-sale-in-islamabad-12074246,2026-10-01T23:20,2026-10-01T23:20,24.2
12000112,PakWheels,Suzuki Swift,2014,24.9,https://www.pakwheels.com/used-cars/suzuki-swift-2014-for-sale-in-islamabad-12000112,2026-10-01T23:20,2026-10-01T23:20,24.9
12074441,PakWheels,Suzuki Wagon R,2018,26.9,https://www.pakwheels.com/used-cars/suzuki-wagon-r-2018-for-sale-in-islamabad-12074441,2026-10-01T23:20,2026-10-01T23:20,26.9
12074243,PakWheels,Suzuki Swift,2020,29.3,https://www.pakwheels.com/used-cars/suzuki-swift-2020-for-sale-in-islamabad-12074243,2026-10-01T23:20,2026-10-01T23:20,29.3
12007492,PakWheels,Suzuki Wagon R,2022,29.99,https://www.pakwheels.com/used-cars/suzuki-wagon-r-2022-for-sale-in-rawalpindi-12007492,2026-09-25T19:34,2026-10-01T23:20,29.99
12074295,PakWheels,Suzuki Alto,2025,30.0,https://www.pakwheels.com/used-cars/suzuki-alto-2025-for-sale-in-islamabad-12074295,2026-10-01T23:20,2026-10-01T23:20,30.0
12074096,PakWheels,Suzuki Alto,2013,24.5,https://www.pakwheels.com/used-cars/suzuki-alto-2013-for-sale-in-rawalpindi-12074096,2026-10-01T23:20,2026-10-01T23:20,24.5
12069824,PakWheels,Nissan Dayz,2016,25.0,https://www.pakwheels.com/used-cars/nissan-dayz-2016-for-sale-in-rawalpindi-12069824,2026-10-01T23:20,2026-10-01T23:20,25.0
12047986,PakWheels,Suzuki Alto,2021,25.6,https://www.pakwheels.com/used-cars/suzuki-alto-2021-for-sale-in-islamabad-12047986,2026-09-25T19:34,2026-10-01T23:20,25.75
12074074,PakWheels,Toyota Passo,2012,26.75,https://www.pakwheels.com/used-cars/toyota-passo-2012-for-sale-in-islamabad-12074074,2026-10-01T23:20,2026-10-01T23:20,26.75
12074012,PakWheels,Suzuki Swift,2018,27.0,https://www.pakwheels.com/used-cars/suzuki-swift-2018-for-sale-in-islamabad-12074012,2026-10-01T23:20,2026-10-01T23:20,27.0
12074079,PakWheels,Toyota Vitz,2011,28.9,https://www.pakwheels.com/used-cars/toyota-vitz-2011-for-sale-in-islamabad-12074079,2026-10-01T23:20,2026-10-01T23:20,28.9
1116869320,OLX,Toyota Vitz,2013,29.0,https://www.olx.com.pk/item/-iid-1116869320,2026-10-01T15:30,2026-10-01T23:20,29.0
12074024,PakWheels,Toyota Vitz,2013,29.95,https://www.pakwheels.com/used-cars/toyota-vitz-2013-for-sale-in-islamabad-12074024,2026-10-01T23:20,2026-10-01T23:20,29.95
11662059,PakWheels,Suzuki Alto,2011,10.2,https://www.pakwheels.com/used-cars/suzuki-alto-2011-for-sale-in-islamabad-11662059,2026-10-01T15:30,2026-10-01T23:20,10.2
12065374,PakWheels,Suzuki Kei,2006,17.65,https://www.pakwheels.com/used-cars/suzuki-kei-2006-for-sale-in-rawalpindi-12065374,2026-09-29T15:11,2026-10-01T23:20,17.75
12051188,PakWheels,Toyota Passo,2006,21.6,https://www.pakwheels.com/used-cars/toyota-passo-2006-for-sale-in-islamabad-12051188,2026-09-26T14:00,2026-10-01T23:20,21.65
12073703,PakWheels,Toyota Vitz,2007,22.0,https://www.pakwheels.com/used-cars/toyota-vitz-2007-for-sale-in-islamabad-12073703,2026-10-01T23:20,2026-10-01T23:20,22.0
12006405,PakWheels,Toyota Passo,2010,26.0,https://www.pakwheels.com/used-cars/toyota-passo-2010-for-sale-in-islamabad-12006405,2026-10-01T23:20,2026-10-01T23:20,26.0
12065309,PakWheels,Suzuki Swift,2019,26.75,https://www.pakwheels.com/used-cars/suzuki-swift-2019-for-sale-in-rawalpindi-12065309,2026-09-29T15:11,2026-10-01T23:20,26.8
12064741,PakWheels,Suzuki Wagon R,2021,27.8,https://www.pakwheels.com/used-cars/suzuki-wagon-r-2021-for-sale-in-islamabad-12064741,2026-10-01T23:20,2026-10-01T23:20,27.8
12073825,PakWheels,Toyota Vitz,2012,27.95,https://www.pakwheels.com/used-cars/toyota-vitz-2012-for-sale-in-islamabad-12073825,2026-10-01T23:20,2026-10-01T23:20,27.95
11646406,PakWheels,Suzuki Alto,2022,28.75,https://www.pakwheels.com/used-cars/suzuki-alto-2022-for-sale-in-rawalpindi-11646406,2026-09-01T00:57,2026-10-01T23:20,28.75
12073147,PakWheels,Suzuki Swift,2011,20.0,https://www.pakwheels.com/used-cars/suzuki-swift-2011-for-sale-in-islamabad-12073147,2026-10-01T15:30,2026-10-01T23:20,20.0
12073137,PakWheels,Suzuki Swift,2012,20.15,https://www.pakwheels.com/used-cars/suzuki-swift-2012-for-sale-in-islamabad-12073137,2026-10-01T15:30,2026-10-01T23:20,20.15
12073588,PakWheels,Suzuki Swift,2013,21.0,https://www.pakwheels.com/used-cars/suzuki-swift-2013-for-sale-in-islamabad-12073588,2026-10-01T15:30,2026-10-01T23:20,21.0
12073467,PakWheels,Toyota Passo,2005,23.35,https://www.pakwheels.com/used-cars/toyota-passo-2005-for-sale-in-islamabad-12073467,2026-10-01T15:30,2026-10-01T23:20,23.35
1119950999,OLX,Toyota Vitz,2010,23.4,https://www.olx.com.pk/item/-iid-1119950999,2026-10-01T15:30,2026-10-01T23:20,23.4
12073533,PakWheels,Toyota Vitz,2013,24.8,https://www.pakwheels.com/used-cars/toyota-vitz-2013-for-sale-in-islamabad-12073533,2026-10-01T15:30,2026-10-01T23:20,24.8
12073338,PakWheels,Suzuki Alto,2021,25.0,https://www.pakwheels.com/used-cars/suzuki-alto-2021-for-sale-in-islamabad-12073338,2026-10-01T15:30,2026-10-01T23:20,25.0
12058162,PakWheels,Daihatsu Mira ES,2011,25.0,https://www.pakwheels.com/used-cars/daihatsu-mira-2011-for-sale-in-rawalpindi-12058162,2026-10-01T15:30,2026-10-01T23:20,25.0
12072165,PakWheels,Suzuki Alto,2022,26.5,https://www.pakwheels.com/used-cars/suzuki-alto-2022-for-sale-in-islamabad-12072165,2026-10-01T03:07,2026-10-01T23:20,26.5
11966222,PakWheels,Daihatsu Mira,2014,27.25,https://www.pakwheels.com/used-cars/daihatsu-mira-2014-for-sale-in-islamabad-11966222,2026-09-07T20:00,2026-10-01T23:20,27.25
12073562,PakWheels,Toyota Vitz,2014,28.5,https://www.pakwheels.com/used-cars/toyota-vitz-2014-for-sale-in-rawalpindi-12073562,2026-10-01T15:30,2026-10-01T23:20,28.5
12066043,PakWheels,Toyota Passo,2015,29.25,https://www.pakwheels.com/used-cars/toyota-passo-2015-for-sale-in-islamabad-12066043,2026-09-29T22:59,2026-10-01T23:20,29.75
12073217,PakWheels,Toyota Passo,2009,30.0,https://www.pakwheels.com/used-cars/toyota-passo-2009-for-sale-in-islamabad-12073217,2026-10-01T15:30,2026-10-01T23:20,30.0
12073350,PakWheels,Suzuki Baleno,2000,8.9,https://www.pakwheels.com/used-cars/suzuki-baleno-2000-for-sale-in-rawalpindi-12073350,2026-10-01T15:30,2026-10-01T23:20,8.9
12073370,PakWheels,Suzuki Swift,2011,19.25,https://www.pakwheels.com/used-cars/suzuki-swift-2011-for-sale-in-islamabad-12073370,2026-10-01T15:30,2026-10-01T23:20,19.25
12073266,PakWheels,Mitsubishi EK Wagon,2008,19.5,https://www.pakwheels.com/used-cars/mitsubishi-ek-wagon-2008-for-sale-in-rawalpindi-12073266,2026-10-01T15:30,2026-10-01T23:20,19.5
11671646,PakWheels,Toyota Passo,2011,25.5,https://www.pakwheels.com/used-cars/toyota-passo-2011-for-sale-in-islamabad-11671646,2026-10-01T15:30,2026-10-01T23:20,25.5
12043918,PakWheels,Nissan Dayz,2015,26.8,https://www.pakwheels.com/used-cars/nissan-dayz-2015-for-sale-in-islamabad-12043918,2026-09-24T19:10,2026-10-01T23:20,26.8
12072999,PakWheels,Suzuki Alto,2008,9.0,https://www.pakwheels.com/used-cars/suzuki-alto-2008-for-sale-in-rawalpindi-12072999,2026-10-01T15:30,2026-10-01T23:20,9.0
12069504,PakWheels,Toyota Passo,2008,22.0,https://www.pakwheels.com/used-cars/toyota-passo-2008-for-sale-in-islamabad-12069504,2026-09-30T15:02,2026-10-01T23:20,22.0
12073125,PakWheels,Nissan Dayz,2013,22.75,https://www.pakwheels.com/used-cars/nissan-dayz-2013-for-sale-in-islamabad-12073125,2026-10-01T15:30,2026-10-01T23:20,22.75
12069833,PakWheels,Toyota Belta,2006,23.25,https://www.pakwheels.com/used-cars/toyota-belta-2006-for-sale-in-islamabad-12069833,2026-09-30T22:55,2026-10-01T23:20,23.25
12073057,PakWheels,Toyota Vitz,2011,24.0,https://www.pakwheels.com/used-cars/toyota-vitz-2011-for-sale-in-islamabad-12073057,2026-10-01T15:30,2026-10-01T23:20,24.0
11904235,PakWheels,Honda N Box,2014,24.5,https://www.pakwheels.com/used-cars/honda-n-box-2014-for-sale-in-islamabad-11904235,2026-08-24T23:41,2026-10-01T23:20,25.5
12024891,PakWheels,Suzuki Swift,2017,25.0,https://www.pakwheels.com/used-cars/suzuki-swift-2017-for-sale-in-islamabad-12024891,2026-09-20T23:11,2026-10-01T23:20,25.0
11641098,PakWheels,Toyota Vitz,2013,25.0,https://www.pakwheels.com/used-cars/toyota-vitz-2013-for-sale-in-rawalpindi-11641098,2026-10-01T15:30,2026-10-01T23:20,25.0
12073040,PakWheels,Suzuki Swift,2018,25.2,https://www.pakwheels.com/used-cars/suzuki-swift-2018-for-sale-in-islamabad-12073040,2026-10-01T15:30,2026-10-01T23:20,25.2
12005184,PakWheels,Suzuki Wagon R,2014,25.25,https://www.pakwheels.com/used-cars/suzuki-wagon-r-2014-for-sale-in-islamabad-12005184,2026-09-16T13:58,2026-10-01T23:20,25.4
11571929,PakWheels,Daihatsu Move,2014,25.25,https://www.pakwheels.com/used-cars/daihatsu-move-2014-for-sale-in-islamabad-11571929,2026-07-30T17:22,2026-10-01T23:20,26.25
12028452,PakWheels,Daihatsu Mira,2015,25.75,https://www.pakwheels.com/used-cars/daihatsu-mira-2015-for-sale-in-islamabad-12028452,2026-09-21T20:51,2026-10-01T23:20,25.75
11975453,PakWheels,Suzuki Wagon R,2021,25.8,https://www.pakwheels.com/used-cars/suzuki-wagon-r-2021-for-sale-in-islamabad-11975453,2026-09-09T23:28,2026-10-01T23:20,25.8
12073143,PakWheels,Suzuki Wagon R,2018,26.3,https://www.pakwheels.com/used-cars/suzuki-wagon-r-2018-for-sale-in-rawalpindi-12073143,2026-10-01T15:30,2026-10-01T23:20,26.3
11952893,PakWheels,Toyota Passo,2012,26.5,https://www.pakwheels.com/used-cars/toyota-passo-2012-for-sale-in-islamabad-11952893,2026-09-04T20:55,2026-10-01T23:20,27.75
12004534,PakWheels,Suzuki Wagon R,2021,27.75,https://www.pakwheels.com/used-cars/suzuki-wagon-r-2021-for-sale-in-islamabad-12004534,2026-09-16T13:58,2026-10-01T23:20,28.0
12072921,PakWheels,Suzuki Alto,2015,29.0,https://www.pakwheels.com/used-cars/suzuki-alto-2015-for-sale-in-rawalpindi-12072921,2026-10-01T15:30,2026-10-01T23:20,29.0
12067104,PakWheels,Daihatsu Mira,2007,14.0,https://www.pakwheels.com/used-cars/daihatsu-mira-2007-for-sale-in-islamabad-12067104,2026-10-01T15:30,2026-10-01T23:20,14.0
12072756,PakWheels,Suzuki Alto,2008,21.0,https://www.pakwheels.com/used-cars/suzuki-alto-2008-for-sale-in-islamabad-12072756,2026-10-01T15:30,2026-10-01T23:20,21.0
11945574,PakWheels,Suzuki Swift,2013,22.15,https://www.pakwheels.com/used-cars/suzuki-swift-2013-for-sale-in-rawalpindi-11945574,2026-10-01T15:30,2026-10-01T23:20,22.15
12014890,PakWheels,Toyota Vitz,2004,22.8,https://www.pakwheels.com/used-cars/toyota-vitz-2004-for-sale-in-islamabad-12014890,2026-09-18T18:34,2026-10-01T23:20,23.3
12069198,PakWheels,Suzuki Swift,2017,23.95,https://www.pakwheels.com/used-cars/suzuki-swift-2017-for-sale-in-islamabad-12069198,2026-09-30T15:02,2026-10-01T23:20,24.75
11918261,PakWheels,Toyota Belta,2006,24.45,https://www.pakwheels.com/used-cars/toyota-belta-2006-for-sale-in-islamabad-11918261,2026-09-25T14:10,2026-10-01T23:20,24.45
11414861,PakWheels,Toyota IQ,2009,24.75,https://www.pakwheels.com/used-cars/toyota-iq-2009-for-sale-in-islamabad-11414861,2026-10-01T15:30,2026-10-01T23:20,24.75
12045187,PakWheels,Toyota Vitz,2007,24.95,https://www.pakwheels.com/used-cars/toyota-vitz-2007-for-sale-in-islamabad-12045187,2026-09-29T15:11,2026-10-01T23:20,25.45
12072758,PakWheels,Suzuki Wagon R,2015,25.8,https://www.pakwheels.com/used-cars/suzuki-wagon-r-2015-for-sale-in-islamabad-12072758,2026-10-01T15:30,2026-10-01T23:20,25.8
12072829,PakWheels,Suzuki Alto,2021,26.3,https://www.pakwheels.com/used-cars/suzuki-alto-2021-for-sale-in-islamabad-12072829,2026-10-01T15:30,2026-10-01T23:20,26.3
12072854,PakWheels,Suzuki Wagon R,2019,26.5,https://www.pakwheels.com/used-cars/suzuki-wagon-r-2019-for-sale-in-rawalpindi-12072854,2026-10-01T15:30,2026-10-01T23:20,26.5
12072873,PakWheels,Toyota Passo,2012,27.5,https://www.pakwheels.com/used-cars/toyota-passo-2012-for-sale-in-rawalpindi-12072873,2026-10-01T15:30,2026-10-01T23:20,27.5
12070350,PakWheels,Suzuki Alto,2024,28.5,https://www.pakwheels.com/used-cars/suzuki-alto-2024-for-sale-in-rawalpindi-12070350,2026-10-01T15:30,2026-10-01T23:20,28.5
12009993,PakWheels,Mitsubishi EK Wagon,2015,18.3,https://www.pakwheels.com/used-cars/mitsubishi-ek-wagon-2015-for-sale-in-islamabad-12009993,2026-10-01T15:30,2026-10-01T23:20,18.3
12072663,PakWheels,Suzuki Wagon R,2017,19.8,https://www.pakwheels.com/used-cars/suzuki-wagon-r-2017-for-sale-in-rawalpindi-12072663,2026-10-01T15:30,2026-10-01T23:20,19.8
11979356,PakWheels,Suzuki Swift,2015,22.25,https://www.pakwheels.com/used-cars/suzuki-swift-2015-for-sale-in-islamabad-11979356,2026-10-01T15:30,2026-10-01T23:20,22.25
12072658,PakWheels,Daihatsu Mira,2012,23.5,https://www.pakwheels.com/used-cars/daihatsu-mira-2012-for-sale-in-islamabad-12072658,2026-10-01T15:30,2026-10-01T23:20,23.5
12071843,PakWheels,Suzuki Alto,2025,29.5,https://www.pakwheels.com/used-cars/suzuki-alto-2025-for-sale-in-islamabad-12071843,2026-10-01T15:30,2026-10-01T23:20,29.5
12072591,PakWheels,Toyota Vitz,2007,22.1,https://www.pakwheels.com/used-cars/toyota-vitz-2007-for-sale-in-islamabad-12072591,2026-10-01T15:30,2026-10-01T23:20,22.1
12071173,PakWheels,Suzuki Wagon R,2019,23.45,https://www.pakwheels.com/used-cars/suzuki-wagon-r-2019-for-sale-in-islamabad-12071173,2026-10-01T15:30,2026-10-01T23:20,23.45
12047134,PakWheels,Suzuki Wagon R,2016,24.0,https://www.pakwheels.com/used-cars/suzuki-wagon-r-2016-for-sale-in-islamabad-12047134,2026-10-01T15:30,2026-10-01T23:20,24.0
11931999,PakWheels,Suzuki Wagon R,2015,24.95,https://www.pakwheels.com/used-cars/suzuki-wagon-r-2015-for-sale-in-islamabad-11931999,2026-10-01T15:30,2026-10-01T23:20,24.95
12072573,PakWheels,Suzuki Alto,2022,26.5,https://www.pakwheels.com/used-cars/suzuki-alto-2022-for-sale-in-rawalpindi-12072573,2026-10-01T15:30,2026-10-01T23:20,26.5
12072550,PakWheels,Suzuki Wagon R,2019,28.0,https://www.pakwheels.com/used-cars/suzuki-wagon-r-2019-for-sale-in-islamabad-12072550,2026-10-01T15:30,2026-10-01T23:20,28.0
11948264,PakWheels,Suzuki Swift,1996,12.0,https://www.pakwheels.com/used-cars/suzuki-swift-1996-for-sale-in-islamabad-11948264,2026-09-03T18:29,2026-10-01T23:20,21.0
12072544,PakWheels,Suzuki Swift,2011,20.5,https://www.pakwheels.com/used-cars/suzuki-swift-2011-for-sale-in-islamabad-12072544,2026-10-01T15:30,2026-10-01T23:20,20.5
1119945264,OLX,Nissan Dayz,2014,24.25,https://www.olx.com.pk/item/-iid-1119945264,2026-10-01T15:30,2026-10-01T23:20,24.25
12072470,PakWheels,Suzuki Wagon R,2022,28.5,https://www.pakwheels.com/used-cars/suzuki-wagon-r-2022-for-sale-in-islamabad-12072470,2026-10-01T15:30,2026-10-01T23:20,28.5
1118723603,OLX,Nissan March,2007,18.0,https://www.olx.com.pk/item/-iid-1118723603,2026-10-01T15:30,2026-10-01T23:20,18.0
1119943690,OLX,Toyota Pixis,2013,24.5,https://www.olx.com.pk/item/-iid-1119943690,2026-10-01T15:30,2026-10-01T23:20,24.5
1119943059,OLX,Mazda Carol,2016,27.0,https://www.olx.com.pk/item/-iid-1119943059,2026-10-01T15:30,2026-10-01T23:20,27.0
1119943750,OLX,Toyota Passo,2014,28.5,https://www.olx.com.pk/item/-iid-1119943750,2026-10-01T15:30,2026-10-01T23:20,28.5
1119941156,OLX,Daihatsu Mira,2007,14.3,https://www.olx.com.pk/item/-iid-1119941156,2026-10-01T15:30,2026-10-01T23:20,14.3
1118739677,OLX,Other JDM,1995,14.5,https://www.olx.com.pk/item/-iid-1118739677,2026-10-01T15:30,2026-10-01T23:20,14.5
1119942437,OLX,Toyota Vitz,1999,16.5,https://www.olx.com.pk/item/-iid-1119942437,2026-10-01T15:30,2026-10-01T23:20,16.5
1118582006,OLX,Toyota Belta,2006,24.5,https://www.olx.com.pk/item/-iid-1118582006,2026-10-01T15:30,2026-10-01T23:20,24.5
1119940264,OLX,Toyota Vitz,2015,29.5,https://www.olx.com.pk/item/-iid-1119940264,2026-10-01T15:30,2026-10-01T23:20,29.5
1119939480,OLX,Daihatsu Mira,2008,16.75,https://www.olx.com.pk/item/-iid-1119939480,2026-10-01T15:30,2026-10-01T23:20,16.75
11881377,PakWheels,Honda N Box,2014,25.9,https://www.pakwheels.com/used-cars/honda-n-box-2014-for-sale-in-islamabad-11881377,2026-10-01T15:30,2026-10-01T23:20,25.9
1119939172,OLX,Toyota Passo,2014,27.5,https://www.olx.com.pk/item/-iid-1119939172,2026-10-01T15:30,2026-10-01T23:20,27.5
12072032,PakWheels,Suzuki Alto,2022,27.9,https://www.pakwheels.com/used-cars/suzuki-alto-2022-for-sale-in-islamabad-12072032,2026-10-01T03:07,2026-10-01T23:20,27.9
1117530520,OLX,Suzuki Alto,2012,16.95,https://www.olx.com.pk/item/-iid-1117530520,2026-10-01T15:30,2026-10-01T23:20,16.95
11970426,PakWheels,Nissan Pino,2007,17.8,https://www.pakwheels.com/used-cars/nissan-pino-2007-for-sale-in-rawalpindi-11970426,2026-09-08T18:29,2026-10-01T23:20,17.8
12061133,PakWheels,Suzuki Swift,2018,26.5,https://www.pakwheels.com/used-cars/suzuki-swift-2018-for-sale-in-islamabad-12061133,2026-09-28T15:06,2026-10-01T23:20,26.5
12072259,PakWheels,Suzuki Wagon R,2007,16.9,https://www.pakwheels.com/used-cars/suzuki-wagon-r-2007-for-sale-in-islamabad-12072259,2026-10-01T03:07,2026-10-01T23:20,16.9
1117529671,OLX,Suzuki Alto,2012,16.95,https://www.olx.com.pk/item/-iid-1117529671,2026-10-01T15:30,2026-10-01T23:20,16.95
1119934326,OLX,Suzuki Alto,2008,18.8,https://www.olx.com.pk/item/-iid-1119934326,2026-10-01T15:30,2026-10-01T23:20,18.8
12055965,PakWheels,Toyota Vitz,2009,21.5,https://www.pakwheels.com/used-cars/toyota-vitz-2009-for-sale-in-islamabad-12055965,2026-09-27T14:38,2026-10-01T23:20,22.0
1119934587,OLX,Nissan Dayz,2013,22.75,https://www.olx.com.pk/item/-iid-1119934587,2026-10-01T15:30,2026-10-01T23:20,22.75
12072304,PakWheels,Suzuki Wagon R,2018,23.0,https://www.pakwheels.com/used-cars/suzuki-wagon-r-2018-for-sale-in-islamabad-12072304,2026-10-01T03:07,2026-10-01T23:20,23.0
1119932487,OLX,Suzuki Alto,2002,12.0,https://www.olx.com.pk/item/-iid-1119932487,2026-10-01T15:30,2026-10-01T23:20,12.0
1119931029,OLX,Toyota Belta,2006,21.0,https://www.olx.com.pk/item/-iid-1119931029,2026-10-01T15:30,2026-10-01T23:20,21.0
11928236,PakWheels,Suzuki Wagon R,2021,25.9,https://www.pakwheels.com/used-cars/suzuki-wagon-r-2021-for-sale-in-rawalpindi-11928236,2026-10-01T03:07,2026-10-01T23:20,25.9
12072114,PakWheels,Suzuki Alto,2024,27.7,https://www.pakwheels.com/used-cars/suzuki-alto-2024-for-sale-in-islamabad-12072114,2026-10-01T03:07,2026-10-01T23:20,27.7
1119930944,OLX,Suzuki Alto,2007,11.5,https://www.olx.com.pk/item/-iid-1119930944,2026-10-01T15:30,2026-10-01T23:20,11.5
12064417,PakWheels,Suzuki Alto,2007,18.5,https://www.pakwheels.com/used-cars/suzuki-alto-2007-for-sale-in-islamabad-12064417,2026-10-01T03:07,2026-10-01T23:20,18.5
11586426,PakWheels,Suzuki Alto,2022,24.8,https://www.pakwheels.com/used-cars/suzuki-alto-2022-for-sale-in-rawalpindi-11586426,2026-10-01T03:07,2026-10-01T23:20,24.8
12072077,PakWheels,Suzuki Alto,2022,26.6,https://www.pakwheels.com/used-cars/suzuki-alto-2022-for-sale-in-rawalpindi-12072077,2026-10-01T03:07,2026-10-01T23:20,26.6
12068760,PakWheels,Suzuki Alto,2006,6.1,https://www.pakwheels.com/used-cars/suzuki-mehran-2006-for-sale-in-rawalpindi-12068760,2026-09-30T15:02,2026-10-01T23:20,6.1
11928801,PakWheels,Suzuki Baleno,2000,9.6,https://www.pakwheels.com/used-cars/suzuki-baleno-2000-for-sale-in-rawalpindi-11928801,2026-09-30T15:02,2026-10-01T23:20,9.6
11932630,PakWheels,Suzuki Baleno,2005,10.5,https://www.pakwheels.com/used-cars/suzuki-baleno-2005-for-sale-in-islamabad-11932630,2026-09-30T22:55,2026-10-01T23:20,10.5
12070434,PakWheels,Suzuki Baleno,2004,10.5,https://www.pakwheels.com/used-cars/suzuki-baleno-2004-for-sale-in-islamabad-12070434,2026-09-30T22:55,2026-10-01T23:20,10.5
12069442,PakWheels,Suzuki Alto,2007,10.7,https://www.pakwheels.com/used-cars/suzuki-alto-2007-for-sale-in-rawalpindi-12069442,2026-09-30T15:02,2026-10-01T23:20,10.7
12019884,PakWheels,Suzuki Alto,2007,11.0,https://www.pakwheels.com/used-cars/suzuki-alto-2007-for-sale-in-islamabad-12019884,2026-09-21T20:51,2026-10-01T23:20,11.0
12069040,PakWheels,Suzuki Baleno,2004,11.2,https://www.pakwheels.com/used-cars/suzuki-baleno-2004-for-sale-in-rawalpindi-12069040,2026-09-30T15:02,2026-10-01T23:20,11.2
11495116,PakWheels,Suzuki Baleno,2004,11.75,https://www.pakwheels.com/used-cars/suzuki-baleno-2004-for-sale-in-islamabad-11495116,2026-09-30T15:02,2026-10-01T23:20,11.75
12042191,PakWheels,Suzuki Alto,2003,12.0,https://www.pakwheels.com/used-cars/suzuki-alto-2003-for-sale-in-islamabad-12042191,2026-09-30T22:55,2026-10-01T23:20,12.0
12070212,PakWheels,Suzuki Alto,2010,12.8,https://www.pakwheels.com/used-cars/suzuki-alto-2010-for-sale-in-islamabad-12070212,2026-09-30T22:55,2026-10-01T23:20,12.85
12061994,PakWheels,Suzuki Alto,2005,13.5,https://www.pakwheels.com/used-cars/suzuki-alto-2005-for-sale-in-islamabad-12061994,2026-09-30T15:02,2026-10-01T23:20,13.5
11937827,PakWheels,Daihatsu Esse,2006,14.9,https://www.pakwheels.com/used-cars/daihatsu-esse-2006-for-sale-in-islamabad-11937827,2026-09-30T15:02,2026-10-01T23:20,15.5
11944487,PakWheels,Daihatsu Mira,2005,15.5,https://www.pakwheels.com/used-cars/daihatsu-mira-gino-2005-for-sale-in-rawalpindi-11944487,2026-09-30T22:55,2026-10-01T23:20,15.5
12071136,PakWheels,Daihatsu Mira,2008,16.75,https://www.pakwheels.com/used-cars/daihatsu-mira-2008-for-sale-in-islamabad-12071136,2026-09-30T22:55,2026-10-01T23:20,16.75
11804257,PakWheels,Suzuki Alto,2010,16.95,https://www.pakwheels.com/used-cars/suzuki-alto-2010-for-sale-in-rawalpindi-11804257,2026-09-30T22:55,2026-10-01T23:20,16.95
12061045,PakWheels,Suzuki Alto,2007,16.95,https://www.pakwheels.com/used-cars/suzuki-alto-2007-for-sale-in-islamabad-12061045,2026-09-28T15:06,2026-10-01T23:20,17.6
12070274,PakWheels,Nissan March,2006,17.2,https://www.pakwheels.com/used-cars/nissan-march-2006-for-sale-in-rawalpindi-12070274,2026-09-30T22:55,2026-10-01T23:20,17.2
11901314,PakWheels,Mazda AZ Offroad,2008,17.5,https://www.pakwheels.com/used-cars/mazda-az-offroad-2008-for-sale-in-islamabad-11901314,2026-09-30T22:55,2026-10-01T23:20,17.5
12070288,PakWheels,Suzuki Alto,2009,17.55,https://www.pakwheels.com/used-cars/suzuki-alto-2009-for-sale-in-islamabad-12070288,2026-09-30T22:55,2026-10-01T23:20,17.55
12069641,PakWheels,Nissan Pino,2007,17.7,https://www.pakwheels.com/used-cars/nissan-pino-2007-for-sale-in-rawalpindi-12069641,2026-09-30T15:02,2026-10-01T23:20,17.7
1119927011,OLX,Daihatsu Esse,2007,17.98,https://www.olx.com.pk/item/-iid-1119927011,2026-10-01T15:30,2026-10-01T23:20,17.98
12070098,PakWheels,Daihatsu Esse,2007,17.99,https://www.pakwheels.com/used-cars/daihatsu-esse-2007-for-sale-in-rawalpindi-12070098,2026-09-30T22:55,2026-10-01T23:20,17.99
12070111,PakWheels,Suzuki Swift,2010,18.7,https://www.pakwheels.com/used-cars/suzuki-swift-2010-for-sale-in-rawalpindi-12070111,2026-09-30T22:55,2026-10-01T23:20,18.7
12070899,PakWheels,Suzuki Alto,2008,18.8,https://www.pakwheels.com/used-cars/suzuki-alto-2008-for-sale-in-islamabad-12070899,2026-09-30T22:55,2026-10-01T23:20,18.8
11991492,PakWheels,Suzuki Alto,2008,19.5,https://www.pakwheels.com/used-cars/suzuki-alto-2008-for-sale-in-islamabad-11991492,2026-09-13T13:42,2026-10-01T23:20,19.75
12019436,PakWheels,Toyota Vitz,2000,19.5,https://www.pakwheels.com/used-cars/toyota-vitz-2000-for-sale-in-islamabad-12019436,2026-09-19T22:55,2026-10-01T23:20,19.5
1119912010,OLX,Suzuki Alto,2010,19.5,https://www.olx.com.pk/item/-iid-1119912010,2026-09-30T15:02,2026-10-01T23:20,19.5
12071350,PakWheels,Mitsubishi EK Wagon,2013,19.6,https://www.pakwheels.com/used-cars/mitsubishi-ek-wagon-2013-for-sale-in-rawalpindi-12071350,2026-09-30T22:55,2026-10-01T23:20,19.6
12070370,PakWheels,Suzuki Alto,2009,19.7,https://www.pakwheels.com/used-cars/suzuki-alto-2009-for-sale-in-rawalpindi-12070370,2026-09-30T22:55,2026-10-01T23:20,19.7
12070493,PakWheels,Suzuki Spacia,2014,20.8,https://www.pakwheels.com/used-cars/suzuki-spacia-2014-for-sale-in-rawalpindi-12070493,2026-09-30T22:55,2026-10-01T23:20,20.8
12071154,PakWheels,Daihatsu Move,2013,20.9,https://www.pakwheels.com/used-cars/daihatsu-move-2013-for-sale-in-islamabad-12071154,2026-09-30T22:55,2026-10-01T23:20,20.9
1116541154,OLX,Toyota Passo,2005,21.0,https://www.olx.com.pk/item/-iid-1116541154,2026-10-01T15:30,2026-10-01T23:20,21.0
12069715,PakWheels,Toyota Vitz,2007,21.3,https://www.pakwheels.com/used-cars/toyota-vitz-2007-for-sale-in-islamabad-12069715,2026-09-30T15:02,2026-10-01T23:20,21.3
12069804,PakWheels,Mitsubishi EK Wagon,2012,21.5,https://www.pakwheels.com/used-cars/mitsubishi-ek-wagon-2012-for-sale-in-rawalpindi-12069804,2026-09-30T22:55,2026-10-01T23:20,21.5
1119795868,OLX,Toyota Passo,2007,22.0,https://www.olx.com.pk/item/-iid-1119795868,2026-09-30T15:02,2026-10-01T23:20,22.0
12071999,PakWheels,Toyota Vitz,2006,22.17,https://www.pakwheels.com/used-cars/toyota-vitz-2006-for-sale-in-islamabad-12071999,2026-10-01T03:07,2026-10-01T23:20,22.17
12071927,PakWheels,Suzuki Wagon R,2019,22.4,https://www.pakwheels.com/used-cars/suzuki-wagon-r-2019-for-sale-in-islamabad-12071927,2026-10-01T03:07,2026-10-01T23:20,22.4
11942133,PakWheels,Suzuki Swift,2012,22.4,https://www.pakwheels.com/used-cars/suzuki-swift-2012-for-sale-in-rawalpindi-11942133,2026-09-30T15:02,2026-10-01T23:20,22.4
12070361,PakWheels,Honda N Box,2012,22.5,https://www.pakwheels.com/used-cars/honda-n-box-2012-for-sale-in-rawalpindi-12070361,2026-09-30T22:55,2026-10-01T23:20,22.5
12071255,PakWheels,Toyota Passo,2007,22.5,https://www.pakwheels.com/used-cars/toyota-passo-2007-for-sale-in-islamabad-12071255,2026-09-30T22:55,2026-10-01T23:20,22.5
11944490,PakWheels,Toyota Vitz,2009,22.6,https://www.pakwheels.com/used-cars/toyota-vitz-2009-for-sale-in-islamabad-11944490,2026-09-30T22:55,2026-10-01T23:20,22.6
11935982,PakWheels,Suzuki Wagon R,2020,22.75,https://www.pakwheels.com/used-cars/suzuki-wagon-r-2020-for-sale-in-islamabad-11935982,2026-09-30T22:55,2026-10-01T23:20,22.75
12068581,PakWheels,Suzuki Wagon R,2017,22.75,https://www.pakwheels.com/used-cars/suzuki-wagon-r-2017-for-sale-in-rawalpindi-12068581,2026-09-30T15:02,2026-10-01T23:20,22.75
12068558,PakWheels,Suzuki Swift,2012,22.95,https://www.pakwheels.com/used-cars/suzuki-swift-2012-for-sale-in-islamabad-12068558,2026-09-30T15:02,2026-10-01T23:20,22.95
12048567,PakWheels,Suzuki Alto,2014,23.45,https://www.pakwheels.com/used-cars/suzuki-alto-2014-for-sale-in-islamabad-12048567,2026-09-25T19:34,2026-10-01T23:20,23.95
12069966,PakWheels,Suzuki Swift,2012,23.5,https://www.pakwheels.com/used-cars/suzuki-swift-2012-for-sale-in-rawalpindi-12069966,2026-09-30T22:55,2026-10-01T23:20,23.5
11854698,PakWheels,Nissan Dayz,2013,23.8,https://www.pakwheels.com/used-cars/nissan-dayz-2013-for-sale-in-islamabad-11854698,2026-08-13T17:22,2026-10-01T23:20,24.25
12068804,PakWheels,Honda Life,2011,23.89,https://www.pakwheels.com/used-cars/honda-life-2011-for-sale-in-islamabad-12068804,2026-09-30T15:02,2026-10-01T23:20,23.89
12069267,PakWheels,Daihatsu Move,2014,23.9,https://www.pakwheels.com/used-cars/daihatsu-move-2014-for-sale-in-islamabad-12069267,2026-09-30T15:02,2026-10-01T23:20,23.9
12071144,PakWheels,Suzuki Wagon R,2017,23.95,https://www.pakwheels.com/used-cars/suzuki-wagon-r-2017-for-sale-in-rawalpindi-12071144,2026-09-30T22:55,2026-10-01T23:20,23.95
12069627,PakWheels,Suzuki Alto,2020,24.0,https://www.pakwheels.com/used-cars/suzuki-alto-2020-for-sale-in-islamabad-12069627,2026-09-30T15:02,2026-10-01T23:20,24.0
12070936,PakWheels,Toyota Passo,2011,24.0,https://www.pakwheels.com/used-cars/toyota-passo-2011-for-sale-in-islamabad-12070936,2026-09-30T22:55,2026-10-01T23:20,24.0
12071723,PakWheels,Toyota Vitz,2008,24.5,https://www.pakwheels.com/used-cars/toyota-vitz-2008-for-sale-in-islamabad-12071723,2026-09-30T22:55,2026-10-01T23:20,24.5
12068721,PakWheels,Toyota Vitz,2006,24.5,https://www.pakwheels.com/used-cars/toyota-vitz-2006-for-sale-in-islamabad-12068721,2026-09-30T15:02,2026-10-01T23:20,24.5
11965932,PakWheels,Honda N Wgn,2014,24.7,https://www.pakwheels.com/used-cars/honda-n-wgn-2014-for-sale-in-islamabad-11965932,2026-09-07T20:00,2026-10-01T23:20,25.5
12070743,PakWheels,Suzuki Wagon R,2019,24.7,https://www.pakwheels.com/used-cars/suzuki-wagon-r-2019-for-sale-in-islamabad-12070743,2026-09-30T22:55,2026-10-01T23:20,24.7
12069676,PakWheels,Suzuki Alto,2019,24.7,https://www.pakwheels.com/used-cars/suzuki-alto-2019-for-sale-in-islamabad-12069676,2026-09-30T15:02,2026-10-01T23:20,24.7
12068609,PakWheels,Suzuki Wagon R,2020,24.7,https://www.pakwheels.com/used-cars/suzuki-wagon-r-2020-for-sale-in-islamabad-12068609,2026-09-30T15:02,2026-10-01T23:20,24.7
12033543,PakWheels,Nissan Dayz,2013,24.8,https://www.pakwheels.com/used-cars/nissan-dayz-2013-for-sale-in-islamabad-12033543,2026-09-22T19:01,2026-10-01T23:20,25.6
12045912,PakWheels,Suzuki Alto Lapin,2014,25.0,https://www.pakwheels.com/used-cars/suzuki-alto-lapin-2014-for-sale-in-islamabad-12045912,2026-09-25T14:10,2026-10-01T23:20,25.0
1119925794,OLX,Nissan Dayz,2016,25.0,https://www.olx.com.pk/item/-iid-1119925794,2026-09-30T15:02,2026-10-01T23:20,25.0
11875284,PakWheels,Suzuki Wagon R,2015,25.25,https://www.pakwheels.com/used-cars/suzuki-wagon-r-2015-for-sale-in-islamabad-11875284,2026-09-16T13:58,2026-10-01T23:20,25.25
12069816,PakWheels,Suzuki Alto,2014,25.45,https://www.pakwheels.com/used-cars/suzuki-alto-2014-for-sale-in-islamabad-12069816,2026-09-30T22:55,2026-10-01T23:20,25.45
11975244,PakWheels,Mitsubishi EK Wagon,2013,25.5,https://www.pakwheels.com/used-cars/mitsubishi-ek-wagon-2013-for-sale-in-rawalpindi-11975244,2026-09-09T18:40,2026-10-01T23:20,25.5
1116053458,OLX,Suzuki Alto Lapin,2015,25.5,https://www.olx.com.pk/item/-iid-1116053458,2026-08-31T20:19,2026-10-01T23:20,26.0
12070547,PakWheels,Toyota Passo,2011,25.7,https://www.pakwheels.com/used-cars/toyota-passo-2011-for-sale-in-islamabad-12070547,2026-09-30T22:55,2026-10-01T23:20,25.7
12030900,PakWheels,Daihatsu Mira,2014,25.8,https://www.pakwheels.com/used-cars/daihatsu-mira-2014-for-sale-in-islamabad-12030900,2026-09-22T02:54,2026-10-01T23:20,25.8
12068876,PakWheels,Mitsubishi EK Wagon,2014,25.85,https://www.pakwheels.com/used-cars/mitsubishi-ek-wagon-2014-for-sale-in-islamabad-12068876,2026-09-30T15:02,2026-10-01T23:20,25.85
12067993,PakWheels,Suzuki Jimny,2012,26.0,https://www.pakwheels.com/used-cars/suzuki-jimny-2012-for-sale-in-islamabad-12067993,2026-09-30T15:02,2026-10-01T23:20,26.0
12019465,PakWheels,Suzuki Wagon R,2020,26.0,https://www.pakwheels.com/used-cars/suzuki-wagon-r-2020-for-sale-in-rawalpindi-12019465,2026-09-20T13:58,2026-10-01T23:20,26.0
12068610,PakWheels,Suzuki Wagon R,2017,26.0,https://www.pakwheels.com/used-cars/suzuki-wagon-r-2017-for-sale-in-islamabad-12068610,2026-09-30T15:02,2026-10-01T23:20,26.0
12025011,PakWheels,Suzuki Alto,2022,26.5,https://www.pakwheels.com/used-cars/suzuki-alto-2022-for-sale-in-islamabad-12025011,2026-09-20T18:34,2026-10-01T23:20,26.5
11998885,PakWheels,Daihatsu Mira ES,2013,26.5,https://www.pakwheels.com/used-cars/daihatsu-mira-2013-for-sale-in-islamabad-11998885,2026-09-14T20:51,2026-10-01T23:20,27.0
12070249,PakWheels,Suzuki Swift,2018,26.5,https://www.pakwheels.com/used-cars/suzuki-swift-2018-for-sale-in-islamabad-12070249,2026-09-30T22:55,2026-10-01T23:20,26.5
12070027,PakWheels,Toyota Belta,2010,26.7,https://www.pakwheels.com/used-cars/toyota-belta-2010-for-sale-in-islamabad-12070027,2026-09-30T22:55,2026-10-01T23:20,26.7
12062034,PakWheels,Toyota Passo,2015,26.7,https://www.pakwheels.com/used-cars/toyota-passo-2015-for-sale-in-islamabad-12062034,2026-09-30T22:55,2026-10-01T23:20,26.7
12069835,PakWheels,Suzuki Alto,2022,26.9,https://www.pakwheels.com/used-cars/suzuki-alto-2022-for-sale-in-islamabad-12069835,2026-09-30T22:55,2026-10-01T23:20,26.9
12042150,PakWheels,Subaru Stella,2016,27.0,https://www.pakwheels.com/used-cars/subaru-stella-2016-for-sale-in-rawalpindi-12042150,2026-09-24T19:10,2026-10-01T23:20,27.0
12071764,PakWheels,Mazda Carol,2016,27.0,https://www.pakwheels.com/used-cars/mazda-carol-2016-for-sale-in-islamabad-12071764,2026-09-30T22:55,2026-10-01T23:20,27.0
11982002,PakWheels,Suzuki Wagon R,2021,27.25,https://www.pakwheels.com/used-cars/suzuki-wagon-r-2021-for-sale-in-rawalpindi-11982002,2026-09-30T15:02,2026-10-01T23:20,27.25
12069470,PakWheels,Suzuki Alto,2022,27.3,https://www.pakwheels.com/used-cars/suzuki-alto-2022-for-sale-in-islamabad-12069470,2026-09-30T15:02,2026-10-01T23:20,27.3
12070596,PakWheels,Suzuki Alto,2022,27.45,https://www.pakwheels.com/used-cars/suzuki-alto-2022-for-sale-in-rawalpindi-12070596,2026-09-30T22:55,2026-10-01T23:20,27.45
11904460,PakWheels,Suzuki Wagon R,2022,27.9,https://www.pakwheels.com/used-cars/suzuki-wagon-r-2022-for-sale-in-islamabad-11904460,2026-09-30T22:55,2026-10-01T23:20,27.9
12069680,PakWheels,Suzuki Alto,2023,28.0,https://www.pakwheels.com/used-cars/suzuki-alto-2023-for-sale-in-islamabad-12069680,2026-09-30T15:02,2026-10-01T23:20,28.0
12047035,PakWheels,Suzuki Wagon R,2021,28.0,https://www.pakwheels.com/used-cars/suzuki-wagon-r-2021-for-sale-in-islamabad-12047035,2026-09-25T19:34,2026-10-01T23:20,28.0
12071701,PakWheels,Toyota Passo,2014,28.0,https://www.pakwheels.com/used-cars/toyota-passo-2014-for-sale-in-islamabad-12071701,2026-09-30T22:55,2026-10-01T23:20,28.0
11893725,PakWheels,Suzuki Alto,2024,28.1,https://www.pakwheels.com/used-cars/suzuki-alto-2024-for-sale-in-islamabad-11893725,2026-09-30T22:55,2026-10-01T23:20,28.1
12070791,PakWheels,Suzuki Alto,2021,28.5,https://www.pakwheels.com/used-cars/suzuki-alto-2021-for-sale-in-rawalpindi-12070791,2026-09-30T22:55,2026-10-01T23:20,28.5
11907499,PakWheels,Suzuki Swift,2017,28.5,https://www.pakwheels.com/used-cars/suzuki-swift-2017-for-sale-in-islamabad-11907499,2026-08-27T12:46,2026-10-01T23:20,28.5
12070913,PakWheels,Toyota Vitz,2014,28.5,https://www.pakwheels.com/used-cars/toyota-vitz-2014-for-sale-in-islamabad-12070913,2026-09-30T22:55,2026-10-01T23:20,28.5
1119914390,OLX,Toyota Passo,2015,28.5,https://www.olx.com.pk/item/-iid-1119914390,2026-09-30T15:02,2026-10-01T23:20,28.5
12070463,PakWheels,Suzuki Alto,2024,28.95,https://www.pakwheels.com/used-cars/suzuki-alto-2024-for-sale-in-rawalpindi-12070463,2026-09-30T22:55,2026-10-01T23:20,28.95
12064762,PakWheels,Toyota Passo,2014,29.0,https://www.pakwheels.com/used-cars/toyota-passo-2014-for-sale-in-islamabad-12064762,2026-09-29T15:11,2026-10-01T23:20,29.0
1115897259,OLX,Toyota Passo,2015,29.0,https://www.olx.com.pk/item/-iid-1115897259,2026-09-30T15:02,2026-10-01T23:20,29.0
12071174,PakWheels,Honda N Wgn,2014,29.3,https://www.pakwheels.com/used-cars/honda-n-wgn-2014-for-sale-in-islamabad-12071174,2026-09-30T22:55,2026-10-01T23:20,29.3
12071984,PakWheels,Suzuki Swift,2020,29.45,https://www.pakwheels.com/used-cars/suzuki-swift-2020-for-sale-in-islamabad-12071984,2026-10-01T03:07,2026-10-01T23:20,29.45
12070414,PakWheels,Toyota Passo,2015,29.95,https://www.pakwheels.com/used-cars/toyota-passo-2015-for-sale-in-islamabad-12070414,2026-09-30T22:55,2026-10-01T23:20,29.95
11964575,PakWheels,Toyota Passo,2016,30.0,https://www.pakwheels.com/used-cars/toyota-passo-2016-for-sale-in-rawalpindi-11964575,2026-09-07T20:00,2026-10-01T23:20,30.0
12068146,PakWheels,Suzuki Alto,2004,4.5,https://www.pakwheels.com/used-cars/suzuki-alto-2004-for-sale-in-rawalpindi-12068146,2026-09-30T03:11,2026-10-01T23:20,4.5
12068283,PakWheels,Suzuki Alto,2002,6.35,https://www.pakwheels.com/used-cars/suzuki-alto-2002-for-sale-in-islamabad-12068283,2026-09-30T03:11,2026-10-01T23:20,6.35
12067360,PakWheels,Suzuki Baleno,2002,8.9,https://www.pakwheels.com/used-cars/suzuki-baleno-2002-for-sale-in-rawalpindi-12067360,2026-09-29T22:59,2026-10-01T23:20,8.9
1119473769,OLX,Other JDM,2010,9.1,https://www.olx.com.pk/item/-iid-1119473769,2026-09-30T15:02,2026-10-01T23:20,9.1
11902752,PakWheels,Suzuki Baleno,2001,10.0,https://www.pakwheels.com/used-cars/suzuki-baleno-2001-for-sale-in-islamabad-11902752,2026-08-27T13:18,2026-10-01T23:20,11.0
11903733,PakWheels,Suzuki Alto,2010,10.95,https://www.pakwheels.com/used-cars/suzuki-alto-2010-for-sale-in-rawalpindi-11903733,2026-08-27T12:46,2026-10-01T23:20,11.74
1119887550,OLX,Suzuki Alto,2008,12.0,https://www.olx.com.pk/item/-iid-1119887550,2026-09-30T15:02,2026-10-01T23:20,12.0
12046312,PakWheels,Suzuki Alto,2005,12.5,https://www.pakwheels.com/used-cars/suzuki-alto-2005-for-sale-in-islamabad-12046312,2026-09-25T14:10,2026-10-01T23:20,13.25
12068429,PakWheels,Suzuki Alto,2005,12.5,https://www.pakwheels.com/used-cars/suzuki-alto-2005-for-sale-in-islamabad-12068429,2026-09-30T03:11,2026-10-01T23:20,12.5
1119910879,OLX,Suzuki Alto,2005,12.5,https://www.olx.com.pk/item/-iid-1119910879,2026-09-30T15:02,2026-10-01T23:20,12.5
11911756,PakWheels,Suzuki Alto,2008,13.2,https://www.pakwheels.com/used-cars/suzuki-alto-2008-for-sale-in-rawalpindi-11911756,2026-09-29T15:11,2026-10-01T23:20,13.2
1118671089,OLX,Daihatsu Mira,2006,13.75,https://www.olx.com.pk/item/-iid-1118671089,2026-09-30T15:02,2026-10-01T23:20,13.75
12068000,PakWheels,Suzuki Alto,2008,14.0,https://www.pakwheels.com/used-cars/suzuki-alto-2008-for-sale-in-rawalpindi-12068000,2026-09-30T03:11,2026-10-01T23:20,14.0
11904564,PakWheels,Suzuki Kei,2006,15.0,https://www.pakwheels.com/used-cars/suzuki-kei-2006-for-sale-in-rawalpindi-11904564,2026-08-27T13:18,2026-10-01T23:20,15.0
1119902475,OLX,Other JDM,1995,15.0,https://www.olx.com.pk/item/-iid-1119902475,2026-09-30T15:02,2026-10-01T23:20,15.0
11730132,PakWheels,Nissan March,2003,15.75,https://www.pakwheels.com/used-cars/nissan-march-2003-for-sale-in-rawalpindi-11730132,2026-09-29T15:11,2026-10-01T23:20,15.75
12066274,PakWheels,Suzuki Alto,2012,16.8,https://www.pakwheels.com/used-cars/suzuki-alto-2012-for-sale-in-rawalpindi-12066274,2026-09-29T22:59,2026-10-01T23:20,16.8
12065347,PakWheels,Nissan March,2006,17.2,https://www.pakwheels.com/used-cars/nissan-march-2006-for-sale-in-rawalpindi-12065347,2026-09-29T15:11,2026-10-01T23:20,17.2
1119882549,OLX,Nissan March,2006,17.2,https://www.olx.com.pk/item/-iid-1119882549,2026-09-29T15:11,2026-10-01T23:20,17.2
12067067,PakWheels,Suzuki Alto,2004,17.5,https://www.pakwheels.com/used-cars/suzuki-alto-2004-for-sale-in-rawalpindi-12067067,2026-09-29T22:59,2026-10-01T23:20,17.5
12066633,PakWheels,Suzuki Alto,2007,17.6,https://www.pakwheels.com/used-cars/suzuki-alto-2007-for-sale-in-islamabad-12066633,2026-09-29T22:59,2026-10-01T23:20,17.6
12066725,PakWheels,Nissan Otti,2010,17.95,https://www.pakwheels.com/used-cars/nissan-otti-2010-for-sale-in-islamabad-12066725,2026-09-29T22:59,2026-10-01T23:20,18.5
12068394,PakWheels,Suzuki Swift,2013,17.95,https://www.pakwheels.com/used-cars/suzuki-swift-2013-for-sale-in-islamabad-12068394,2026-09-30T03:11,2026-10-01T23:20,17.95
12068099,PakWheels,Daihatsu Terios Kid,1999,18.0,https://www.pakwheels.com/used-cars/daihatsu-terios-kid-1999-for-sale-in-islamabad-12068099,2026-09-30T03:11,2026-10-01T23:20,18.0
1119880963,OLX,Daihatsu Mira,2007,18.0,https://www.olx.com.pk/item/-iid-1119880963,2026-09-29T15:11,2026-10-01T23:20,18.0
12068076,PakWheels,Suzuki Alto,2007,18.48,https://www.pakwheels.com/used-cars/suzuki-alto-2007-for-sale-in-rawalpindi-12068076,2026-09-30T03:11,2026-10-01T23:20,18.48
12043652,PakWheels,Suzuki Swift,2012,18.5,https://www.pakwheels.com/used-cars/suzuki-swift-2012-for-sale-in-rawalpindi-12043652,2026-09-24T19:10,2026-10-01T23:20,18.5
1119890455,OLX,Mitsubishi EK Wagon,2012,18.5,https://www.olx.com.pk/item/-iid-1119890455,2026-09-30T15:02,2026-10-01T23:20,18.5
12065201,PakWheels,Suzuki Wagon R,2014,18.65,https://www.pakwheels.com/used-cars/suzuki-wagon-r-2014-for-sale-in-islamabad-12065201,2026-09-29T15:11,2026-10-01T23:20,18.75
12067038,PakWheels,Suzuki Alto,2006,18.75,https://www.pakwheels.com/used-cars/suzuki-alto-2006-for-sale-in-islamabad-12067038,2026-09-29T22:59,2026-10-01T23:20,18.75
12068136,PakWheels,Nissan Moco,2012,18.75,https://www.pakwheels.com/used-cars/nissan-moco-2012-for-sale-in-islamabad-12068136,2026-09-30T03:11,2026-10-01T23:20,18.75
12037378,PakWheels,Suzuki Baleno,2002,18.75,https://www.pakwheels.com/used-cars/suzuki-baleno-2002-for-sale-in-islamabad-12037378,2026-09-29T15:11,2026-10-01T23:20,18.75
12067266,PakWheels,Suzuki Swift,2010,18.9,https://www.pakwheels.com/used-cars/suzuki-swift-2010-for-sale-in-rawalpindi-12067266,2026-09-29T22:59,2026-10-01T23:20,18.9
12058749,PakWheels,Daihatsu Move,2007,19.0,https://www.pakwheels.com/used-cars/daihatsu-move-2007-for-sale-in-islamabad-12058749,2026-09-27T21:48,2026-10-01T23:20,19.0
11915219,PakWheels,Suzuki Alto Lapin,2014,19.0,https://www.pakwheels.com/used-cars/suzuki-alto-lapin-2014-for-sale-in-islamabad-11915219,2026-09-30T03:11,2026-10-01T23:20,19.0
12066212,PakWheels,Daihatsu Move,2008,19.0,https://www.pakwheels.com/used-cars/daihatsu-move-2008-for-sale-in-islamabad-12066212,2026-09-29T22:59,2026-10-01T23:20,19.5
1119890522,OLX,Toyota Belta,2006,19.3,https://www.olx.com.pk/item/-iid-1119890522,2026-09-30T15:02,2026-10-01T23:20,19.3
11692057,PakWheels,Toyota Vitz,2000,19.5,https://www.pakwheels.com/used-cars/toyota-vitz-2000-for-sale-in-rawalpindi-11692057,2026-09-29T15:11,2026-10-01T23:20,19.5
12064916,PakWheels,Suzuki Swift,2013,20.2,https://www.pakwheels.com/used-cars/suzuki-swift-2013-for-sale-in-islamabad-12064916,2026-09-29T15:11,2026-10-01T23:20,20.2
1115441915,OLX,Daihatsu Mira,2012,21.0,https://www.olx.com.pk/item/-iid-1115441915,2026-09-30T15:02,2026-10-01T23:20,21.0
12066446,PakWheels,Toyota Vitz,2007,21.2,https://www.pakwheels.com/used-cars/toyota-vitz-2007-for-sale-in-islamabad-12066446,2026-09-29T22:59,2026-10-01T23:20,21.2
12067815,PakWheels,Daihatsu Mira,2008,21.5,https://www.pakwheels.com/used-cars/daihatsu-mira-2008-for-sale-in-islamabad-12067815,2026-09-29T22:59,2026-10-01T23:20,21.5
12063729,PakWheels,Suzuki Wagon R,2018,21.5,https://www.pakwheels.com/used-cars/suzuki-wagon-r-2018-for-sale-in-rawalpindi-12063729,2026-09-29T22:59,2026-10-01T23:20,21.5
12044554,PakWheels,Suzuki Wagon R,2011,22.0,https://www.pakwheels.com/used-cars/suzuki-wagon-r-2011-for-sale-in-islamabad-12044554,2026-09-24T23:58,2026-10-01T23:20,22.75
12068042,PakWheels,Toyota Passo,2011,22.15,https://www.pakwheels.com/used-cars/toyota-passo-2011-for-sale-in-rawalpindi-12068042,2026-09-30T03:11,2026-10-01T23:20,22.15
12065046,PakWheels,Daihatsu Move,2014,22.5,https://www.pakwheels.com/used-cars/daihatsu-move-2014-for-sale-in-islamabad-12065046,2026-09-29T15:11,2026-10-01T23:20,22.5
1119892415,OLX,Toyota Belta,2007,22.5,https://www.olx.com.pk/item/-iid-1119892415,2026-09-30T15:02,2026-10-01T23:20,22.5
12066950,PakWheels,Suzuki Alto,2013,22.7,https://www.pakwheels.com/used-cars/suzuki-alto-2013-for-sale-in-islamabad-12066950,2026-09-29T22:59,2026-10-01T23:20,22.7
12064874,PakWheels,Suzuki Wagon R,2016,22.7,https://www.pakwheels.com/used-cars/suzuki-wagon-r-2016-for-sale-in-rawalpindi-12064874,2026-09-29T15:11,2026-10-01T23:20,22.7
1117450130,OLX,Toyota Passo,2012,22.8,https://www.olx.com.pk/item/-iid-1117450130,2026-09-30T15:02,2026-10-01T23:20,22.8
12065709,PakWheels,Suzuki Alto,2013,22.95,https://www.pakwheels.com/used-cars/suzuki-alto-2013-for-sale-in-islamabad-12065709,2026-09-29T22:59,2026-10-01T23:20,23.2
12066863,PakWheels,Suzuki Swift,2015,22.95,https://www.pakwheels.com/used-cars/suzuki-swift-2015-for-sale-in-islamabad-12066863,2026-09-29T22:59,2026-10-01T23:20,22.95
12066011,PakWheels,Suzuki Alto,2012,23.5,https://www.pakwheels.com/used-cars/suzuki-alto-2012-for-sale-in-islamabad-12066011,2026-09-29T22:59,2026-10-01T23:20,23.5
1119884138,OLX,Daihatsu Mira,2011,23.5,https://www.olx.com.pk/item/-iid-1119884138,2026-09-29T15:11,2026-10-01T23:20,23.5
11473653,PakWheels,Suzuki Alto,2014,23.75,https://www.pakwheels.com/used-cars/suzuki-alto-2014-for-sale-in-islamabad-11473653,2026-09-29T22:59,2026-10-01T23:20,23.75
11972123,PakWheels,Toyota Platz,2005,23.75,https://www.pakwheels.com/used-cars/toyota-platz-2005-for-sale-in-islamabad-11972123,2026-09-09T13:31,2026-10-01T23:20,24.95
12068300,PakWheels,Nissan Dayz,2014,23.95,https://www.pakwheels.com/used-cars/nissan-dayz-2014-for-sale-in-islamabad-12068300,2026-09-30T03:11,2026-10-01T23:20,24.3
11737252,PakWheels,Daihatsu Move,2014,24.0,https://www.pakwheels.com/used-cars/daihatsu-move-2014-for-sale-in-islamabad-11737252,2026-09-29T22:59,2026-10-01T23:20,24.5
12068162,PakWheels,Suzuki Swift,2013,24.0,https://www.pakwheels.com/used-cars/suzuki-swift-2013-for-sale-in-islamabad-12068162,2026-09-30T03:11,2026-10-01T23:20,24.0
1117002813,OLX,Mazda Carol,2014,24.0,https://www.olx.com.pk/item/-iid-1117002813,2026-09-30T15:02,2026-10-01T23:20,24.0
12067196,PakWheels,Toyota Passo,2010,24.25,https://www.pakwheels.com/used-cars/toyota-passo-2010-for-sale-in-islamabad-12067196,2026-09-29T22:59,2026-10-01T23:20,24.25
12065675,PakWheels,Toyota Vitz,2008,24.5,https://www.pakwheels.com/used-cars/toyota-vitz-2008-for-sale-in-islamabad-12065675,2026-09-29T22:59,2026-10-01T23:20,24.5
11811096,PakWheels,Toyota Passo,2012,24.5,https://www.pakwheels.com/used-cars/toyota-passo-2012-for-sale-in-rawalpindi-11811096,2026-09-29T15:11,2026-10-01T23:20,24.5
1119896003,OLX,Suzuki Hustler,2014,24.5,https://www.olx.com.pk/item/-iid-1119896003,2026-09-30T15:02,2026-10-01T23:20,24.5
1119525238,OLX,Toyota Vitz,2008,24.5,https://www.olx.com.pk/item/-iid-1119525238,2026-09-30T15:02,2026-10-01T23:20,24.5
1119850408,OLX,Nissan Dayz,2014,24.75,https://www.olx.com.pk/item/-iid-1119850408,2026-09-29T15:11,2026-10-01T23:20,24.75
12067540,PakWheels,Daihatsu Mira ES,2016,24.95,https://www.pakwheels.com/used-cars/daihatsu-mira-2016-for-sale-in-islamabad-12067540,2026-09-29T22:59,2026-10-01T23:20,24.95
1119901685,OLX,Daihatsu Mira,2016,24.95,https://www.olx.com.pk/item/-iid-1119901685,2026-09-30T15:02,2026-10-01T23:20,24.95
1119882163,OLX,Toyota Vitz,2007,24.95,https://www.olx.com.pk/item/-iid-1119882163,2026-09-29T15:11,2026-10-01T23:20,25.49
12065720,PakWheels,Suzuki Alto,2020,25.2,https://www.pakwheels.com/used-cars/suzuki-alto-2020-for-sale-in-islamabad-12065720,2026-09-29T22:59,2026-10-01T23:20,25.2
12065803,PakWheels,Daihatsu Boon,2014,25.25,https://www.pakwheels.com/used-cars/daihatsu-boon-2014-for-sale-in-rawalpindi-12065803,2026-09-29T22:59,2026-10-01T23:20,25.25
11835419,PakWheels,Suzuki Wagon R,2012,25.5,https://www.pakwheels.com/used-cars/suzuki-wagon-r-2012-for-sale-in-islamabad-11835419,2026-09-29T15:11,2026-10-01T23:20,25.5
1119889179,OLX,Daihatsu Mira,2015,25.5,https://www.olx.com.pk/item/-iid-1119889179,2026-09-30T15:02,2026-10-01T23:20,25.5
1119877591,OLX,Nissan Dayz,2015,25.5,https://www.olx.com.pk/item/-iid-1119877591,2026-09-29T15:11,2026-10-01T23:20,25.5
1118558320,OLX,Suzuki Hustler,2015,25.5,https://www.olx.com.pk/item/-iid-1118558320,2026-09-29T15:11,2026-10-01T23:20,25.5
12067188,PakWheels,Suzuki Alto,2022,25.75,https://www.pakwheels.com/used-cars/suzuki-alto-2022-for-sale-in-rawalpindi-12067188,2026-09-29T22:59,2026-10-01T23:20,25.75
12066833,PakWheels,Toyota Passo,2010,25.75,https://www.pakwheels.com/used-cars/toyota-passo-2010-for-sale-in-islamabad-12066833,2026-09-29T22:59,2026-10-01T23:20,25.75
12065652,PakWheels,Toyota Belta,2007,25.75,https://www.pakwheels.com/used-cars/toyota-belta-2007-for-sale-in-rawalpindi-12065652,2026-09-29T22:59,2026-10-01T23:20,25.75
1119893827,OLX,Toyota Passo,2010,25.75,https://www.olx.com.pk/item/-iid-1119893827,2026-09-30T15:02,2026-10-01T23:20,25.75
12047771,PakWheels,Suzuki Wagon R,2018,25.8,https://www.pakwheels.com/used-cars/suzuki-wagon-r-2018-for-sale-in-islamabad-12047771,2026-09-25T19:34,2026-10-01T23:20,25.8
12066982,PakWheels,Toyota Passo,2011,25.8,https://www.pakwheels.com/used-cars/toyota-passo-2011-for-sale-in-islamabad-12066982,2026-09-29T22:59,2026-10-01T23:20,25.8
12066772,PakWheels,Suzuki Wagon R,2019,25.9,https://www.pakwheels.com/used-cars/suzuki-wagon-r-2019-for-sale-in-islamabad-12066772,2026-09-29T22:59,2026-10-01T23:20,26.5
12066952,PakWheels,Suzuki Alto,2022,26.0,https://www.pakwheels.com/used-cars/suzuki-alto-2022-for-sale-in-islamabad-12066952,2026-09-29T22:59,2026-10-01T23:20,26.0
12053151,PakWheels,Suzuki Swift,2016,26.0,https://www.pakwheels.com/used-cars/suzuki-swift-2016-for-sale-in-rawalpindi-12053151,2026-09-27T21:48,2026-10-01T23:20,26.0
12064821,PakWheels,Toyota Vitz,2005,26.0,https://www.pakwheels.com/used-cars/toyota-vitz-2005-for-sale-in-rawalpindi-12064821,2026-09-29T15:11,2026-10-01T23:20,26.0
1119895949,OLX,Toyota Vitz,2009,26.0,https://www.olx.com.pk/item/-iid-1119895949,2026-09-30T15:02,2026-10-01T23:20,26.0
12067777,PakWheels,Suzuki Alto,2021,26.2,https://www.pakwheels.com/used-cars/suzuki-alto-2021-for-sale-in-islamabad-12067777,2026-09-29T22:59,2026-10-01T23:20,26.2
12067780,PakWheels,Toyota Passo,2012,26.3,https://www.pakwheels.com/used-cars/toyota-passo-2012-for-sale-in-rawalpindi-12067780,2026-09-29T22:59,2026-10-01T23:20,26.3
12065459,PakWheels,Suzuki Alto,2021,26.5,https://www.pakwheels.com/used-cars/suzuki-alto-2021-for-sale-in-rawalpindi-12065459,2026-09-29T15:11,2026-10-01T23:20,26.5
12065323,PakWheels,Suzuki Wagon R,2017,26.5,https://www.pakwheels.com/used-cars/suzuki-wagon-r-2017-for-sale-in-islamabad-12065323,2026-09-29T15:11,2026-10-01T23:20,26.5
12065457,PakWheels,Suzuki Wagon R,2019,26.7,https://www.pakwheels.com/used-cars/suzuki-wagon-r-2019-for-sale-in-islamabad-12065457,2026-09-29T15:11,2026-10-01T23:20,26.7
11860789,PakWheels,Suzuki Alto,2020,26.75,https://www.pakwheels.com/used-cars/suzuki-alto-2020-for-sale-in-rawalpindi-11860789,2026-08-15T11:57,2026-10-01T23:20,26.75
12025543,PakWheels,Suzuki Wagon R,2014,26.8,https://www.pakwheels.com/used-cars/suzuki-wagon-r-2014-for-sale-in-islamabad-12025543,2026-09-20T23:11,2026-10-01T23:20,26.8
12066723,PakWheels,Suzuki Alto,2024,26.9,https://www.pakwheels.com/used-cars/suzuki-alto-2024-for-sale-in-islamabad-12066723,2026-09-29T22:59,2026-10-01T23:20,26.9
12065920,PakWheels,Suzuki Alto,2022,26.95,https://www.pakwheels.com/used-cars/suzuki-alto-2022-for-sale-in-rawalpindi-12065920,2026-09-29T22:59,2026-10-01T23:20,26.95
11808655,PakWheels,Suzuki Swift,2018,26.99,https://www.pakwheels.com/used-cars/suzuki-swift-2018-for-sale-in-islamabad-11808655,2026-08-27T12:46,2026-10-01T23:20,26.99
12066590,PakWheels,Suzuki Alto,2022,27.0,https://www.pakwheels.com/used-cars/suzuki-alto-2022-for-sale-in-rawalpindi-12066590,2026-09-29T22:59,2026-10-01T23:20,27.0
12062600,PakWheels,Mitsubishi EK Wagon,2016,27.2,https://www.pakwheels.com/used-cars/mitsubishi-ek-wagon-2016-for-sale-in-islamabad-12062600,2026-09-29T00:32,2026-10-01T23:20,27.5
12064867,PakWheels,Suzuki Alto,2022,27.3,https://www.pakwheels.com/used-cars/suzuki-alto-2022-for-sale-in-rawalpindi-12064867,2026-09-29T15:11,2026-10-01T23:20,27.5
12067095,PakWheels,Suzuki Alto,2021,27.5,https://www.pakwheels.com/used-cars/suzuki-alto-2021-for-sale-in-islamabad-12067095,2026-09-29T22:59,2026-10-01T23:20,27.5
12065794,PakWheels,Suzuki Alto,2018,27.5,https://www.pakwheels.com/used-cars/suzuki-alto-2018-for-sale-in-islamabad-12065794,2026-09-29T22:59,2026-10-01T23:20,27.5
12067228,PakWheels,Suzuki Wagon R,2021,27.5,https://www.pakwheels.com/used-cars/suzuki-wagon-r-2021-for-sale-in-islamabad-12067228,2026-09-29T22:59,2026-10-01T23:20,27.5
12065077,PakWheels,Nissan Dayz,2015,27.9,https://www.pakwheels.com/used-cars/nissan-dayz-2015-for-sale-in-islamabad-12065077,2026-09-29T15:11,2026-10-01T23:20,27.9
12066276,PakWheels,Suzuki Alto,2023,27.9,https://www.pakwheels.com/used-cars/suzuki-alto-2023-for-sale-in-islamabad-12066276,2026-09-29T22:59,2026-10-01T23:20,27.98
1119879712,OLX,Nissan Dayz,2015,27.9,https://www.olx.com.pk/item/-iid-1119879712,2026-09-29T15:11,2026-10-01T23:20,27.9
1119906339,OLX,Toyota Vitz,2011,27.9,https://www.olx.com.pk/item/-iid-1119906339,2026-09-30T15:02,2026-10-01T23:20,27.9
12066915,PakWheels,Suzuki Swift,2023,28.0,https://www.pakwheels.com/used-cars/suzuki-swift-2023-for-sale-in-rawalpindi-12066915,2026-10-01T23:20,2026-10-01T23:20,28.0
12065038,PakWheels,Toyota Vitz,2012,28.0,https://www.pakwheels.com/used-cars/toyota-vitz-2012-for-sale-in-islamabad-12065038,2026-09-29T15:11,2026-10-01T23:20,28.0
1117300413,OLX,Toyota Passo,2015,28.0,https://www.olx.com.pk/item/-iid-1117300413,2026-09-29T15:11,2026-10-01T23:20,28.0
1119880654,OLX,Toyota Vitz,2012,28.0,https://www.olx.com.pk/item/-iid-1119880654,2026-09-29T15:11,2026-10-01T23:20,28.0
12065962,PakWheels,Toyota Vitz,2011,28.5,https://www.pakwheels.com/used-cars/toyota-vitz-2011-for-sale-in-islamabad-12065962,2026-09-29T22:59,2026-10-01T23:20,28.5
1119504736,OLX,Toyota Vitz,2013,28.5,https://www.olx.com.pk/item/-iid-1119504736,2026-09-29T15:11,2026-10-01T23:20,28.5
11989355,PakWheels,Toyota Passo,2014,28.75,https://www.pakwheels.com/used-cars/toyota-passo-2014-for-sale-in-islamabad-11989355,2026-09-13T18:47,2026-10-01T23:20,29.75
12065469,PakWheels,Suzuki Wagon R,2022,28.9,https://www.pakwheels.com/used-cars/suzuki-wagon-r-2022-for-sale-in-rawalpindi-12065469,2026-09-29T15:11,2026-10-01T23:20,28.9
12067912,PakWheels,Honda Insight,2010,29.0,https://www.pakwheels.com/used-cars/honda-insight-2010-for-sale-in-islamabad-12067912,2026-09-29T22:59,2026-10-01T23:20,29.0
11997096,PakWheels,Suzuki Wagon R,2015,29.5,https://www.pakwheels.com/used-cars/suzuki-wagon-r-2015-for-sale-in-rawalpindi-11997096,2026-09-14T20:51,2026-10-01T23:20,29.5
11978277,PakWheels,Toyota Vitz,2012,29.5,https://www.pakwheels.com/used-cars/toyota-vitz-2012-for-sale-in-islamabad-11978277,2026-09-29T15:11,2026-10-01T23:20,29.5
1119902964,OLX,Toyota Passo,2015,29.5,https://www.olx.com.pk/item/-iid-1119902964,2026-09-30T15:02,2026-10-01T23:20,29.5
12067983,PakWheels,Suzuki Alto,2025,29.75,https://www.pakwheels.com/used-cars/suzuki-alto-2025-for-sale-in-islamabad-12067983,2026-09-29T22:59,2026-10-01T23:20,29.75
12066781,PakWheels,Honda Insight,2009,29.75,https://www.pakwheels.com/used-cars/honda-insight-2009-for-sale-in-islamabad-12066781,2026-09-29T22:59,2026-10-01T23:20,29.75
12066831,PakWheels,Suzuki Alto,2023,29.8,https://www.pakwheels.com/used-cars/suzuki-alto-2023-for-sale-in-islamabad-12066831,2026-09-29T22:59,2026-10-01T23:20,29.8
12065091,PakWheels,Suzuki Alto,2025,29.8,https://www.pakwheels.com/used-cars/suzuki-alto-2025-for-sale-in-islamabad-12065091,2026-09-29T15:11,2026-10-01T23:20,29.8
12067637,PakWheels,Suzuki Wagon R,2023,29.8,https://www.pakwheels.com/used-cars/suzuki-wagon-r-2023-for-sale-in-rawalpindi-12067637,2026-09-29T22:59,2026-10-01T23:20,29.8
12068464,PakWheels,Suzuki Alto,2024,29.9,https://www.pakwheels.com/used-cars/suzuki-alto-2024-for-sale-in-islamabad-12068464,2026-09-30T03:11,2026-10-01T23:20,29.9
1118998111,OLX,Toyota Passo,2015,29.95,https://www.olx.com.pk/item/-iid-1118998111,2026-09-29T15:11,2026-10-01T23:20,29.95
1119904098,OLX,Toyota Passo,2015,30.0,https://www.olx.com.pk/item/-iid-1119904098,2026-09-30T15:02,2026-10-01T23:20,30.0
1119877165,OLX,Toyota Passo,2014,30.0,https://www.olx.com.pk/item/-iid-1119877165,2026-09-29T15:11,2026-10-01T23:20,30.0
11751061,PakWheels,Suzuki Swift,1993,6.0,https://www.pakwheels.com/used-cars/suzuki-swift-1993-for-sale-in-rawalpindi-11751061,2026-09-29T00:32,2026-10-01T23:20,6.0
12050894,PakWheels,Suzuki Alto,2003,8.5,https://www.pakwheels.com/used-cars/suzuki-alto-2003-for-sale-in-rawalpindi-12050894,2026-09-26T14:00,2026-10-01T23:20,8.5
12064503,PakWheels,Suzuki Alto,2004,9.25,https://www.pakwheels.com/used-cars/suzuki-alto-2004-for-sale-in-islamabad-12064503,2026-09-29T15:11,2026-10-01T23:20,9.25
12061591,PakWheels,Suzuki Alto,2002,9.5,https://www.pakwheels.com/used-cars/suzuki-alto-2002-for-sale-in-rawalpindi-12061591,2026-09-29T00:32,2026-10-01T23:20,9.5
12060836,PakWheels,Suzuki Alto,2005,9.8,https://www.pakwheels.com/used-cars/suzuki-alto-2005-for-sale-in-islamabad-12060836,2026-09-28T15:06,2026-10-01T23:20,9.8
12062382,PakWheels,Suzuki Baleno,1999,9.85,https://www.pakwheels.com/used-cars/suzuki-baleno-1999-for-sale-in-rawalpindi-12062382,2026-09-29T00:32,2026-10-01T23:20,9.85
12064534,PakWheels,Suzuki Baleno,1999,9.9,https://www.pakwheels.com/used-cars/suzuki-baleno-1999-for-sale-in-rawalpindi-12064534,2026-09-29T15:11,2026-10-01T23:20,9.9
12060764,PakWheels,Suzuki Alto,2008,10.0,https://www.pakwheels.com/used-cars/suzuki-alto-2008-for-sale-in-rawalpindi-12060764,2026-09-28T15:06,2026-10-01T23:20,10.0
12060829,PakWheels,Suzuki Alto,2002,10.3,https://www.pakwheels.com/used-cars/suzuki-alto-2002-for-sale-in-rawalpindi-12060829,2026-09-28T15:06,2026-10-01T23:20,10.3
11697832,PakWheels,Suzuki Alto,2003,10.45,https://www.pakwheels.com/used-cars/suzuki-alto-2003-for-sale-in-rawalpindi-11697832,2026-09-29T15:11,2026-10-01T23:20,10.45
12056709,PakWheels,Suzuki Baleno,2002,10.75,https://www.pakwheels.com/used-cars/suzuki-baleno-2002-for-sale-in-islamabad-12056709,2026-09-28T15:06,2026-10-01T23:20,10.75
12062619,PakWheels,Suzuki Baleno,2005,10.9,https://www.pakwheels.com/used-cars/suzuki-baleno-2005-for-sale-in-islamabad-12062619,2026-09-29T00:32,2026-10-01T23:20,10.9
12062192,PakWheels,Suzuki Alto,2007,11.0,https://www.pakwheels.com/used-cars/suzuki-alto-2007-for-sale-in-islamabad-12062192,2026-09-29T00:32,2026-10-01T23:20,11.0
12060550,PakWheels,Suzuki Baleno,2003,11.0,https://www.pakwheels.com/used-cars/suzuki-baleno-2003-for-sale-in-islamabad-12060550,2026-09-28T15:06,2026-10-01T23:20,11.2
12061057,PakWheels,Suzuki Alto,2005,11.5,https://www.pakwheels.com/used-cars/suzuki-alto-2005-for-sale-in-rawalpindi-12061057,2026-09-28T15:06,2026-10-01T23:20,11.5
12063218,PakWheels,Suzuki Baleno,2005,11.5,https://www.pakwheels.com/used-cars/suzuki-baleno-2005-for-sale-in-islamabad-12063218,2026-09-29T00:32,2026-10-01T23:20,11.5
12060867,PakWheels,Mitsubishi Pajero Mini,1996,12.5,https://www.pakwheels.com/used-cars/mitsubishi-pajero-mini-1996-for-sale-in-rawalpindi-12060867,2026-09-28T15:06,2026-10-01T23:20,12.5
12064698,PakWheels,Suzuki Baleno,2005,12.8,https://www.pakwheels.com/used-cars/suzuki-baleno-2005-for-sale-in-rawalpindi-12064698,2026-09-29T15:11,2026-10-01T23:20,12.8
12062151,PakWheels,Suzuki Alto,2012,12.8,https://www.pakwheels.com/used-cars/suzuki-alto-2012-for-sale-in-rawalpindi-12062151,2026-09-29T00:32,2026-10-01T23:20,12.8
12041906,PakWheels,Suzuki Alto,2010,13.5,https://www.pakwheels.com/used-cars/suzuki-alto-2010-for-sale-in-islamabad-12041906,2026-09-24T13:49,2026-10-01T23:20,13.95
12062770,PakWheels,Daihatsu Esse,2009,15.0,https://www.pakwheels.com/used-cars/daihatsu-esse-2009-for-sale-in-rawalpindi-12062770,2026-09-29T00:32,2026-10-01T23:20,15.0
12061421,PakWheels,Suzuki Alto,2010,15.0,https://www.pakwheels.com/used-cars/suzuki-alto-2010-for-sale-in-islamabad-12061421,2026-09-29T00:32,2026-10-01T23:20,15.0
1119869473,OLX,Toyota Vitz,2002,16.0,https://www.olx.com.pk/item/-iid-1119869473,2026-09-29T15:11,2026-10-01T23:20,16.0
1119842768,OLX,Suzuki Alto,2012,17.3,https://www.olx.com.pk/item/-iid-1119842768,2026-09-28T15:06,2026-10-01T23:20,17.64
1119843158,OLX,Suzuki Alto,2012,17.3,https://www.olx.com.pk/item/-iid-1119843158,2026-09-28T15:06,2026-10-01T23:20,17.64
12061292,PakWheels,Daihatsu Move,2009,17.5,https://www.pakwheels.com/used-cars/daihatsu-move-2009-for-sale-in-islamabad-12061292,2026-09-29T00:32,2026-10-01T23:20,17.5
12063185,PakWheels,Daihatsu Move,2009,17.5,https://www.pakwheels.com/used-cars/daihatsu-move-2009-for-sale-in-islamabad-12063185,2026-09-29T00:32,2026-10-01T23:20,17.5
1119859952,OLX,Mitsubishi EK Wagon,2012,17.5,https://www.olx.com.pk/item/-iid-1119859952,2026-09-30T15:02,2026-10-01T23:20,17.5
12064681,PakWheels,Suzuki Alto,2006,18.0,https://www.pakwheels.com/used-cars/suzuki-alto-2006-for-sale-in-rawalpindi-12064681,2026-09-29T15:11,2026-10-01T23:20,18.15
12061024,PakWheels,Suzuki Alto,2013,18.0,https://www.pakwheels.com/used-cars/suzuki-alto-2013-for-sale-in-rawalpindi-12061024,2026-09-28T15:06,2026-10-01T23:20,19.0
11932168,PakWheels,Nissan March,2007,18.0,https://www.pakwheels.com/used-cars/nissan-march-2007-for-sale-in-islamabad-11932168,2026-09-28T15:06,2026-10-01T23:20,18.5
12062592,PakWheels,Suzuki Alto,2012,18.5,https://www.pakwheels.com/used-cars/suzuki-alto-2012-for-sale-in-islamabad-12062592,2026-09-29T00:32,2026-10-01T23:20,18.5
1119846903,OLX,Suzuki Alto,2008,18.8,https://www.olx.com.pk/item/-iid-1119846903,2026-09-29T15:11,2026-10-01T23:20,18.8
12060674,PakWheels,Toyota Passo,2006,18.95,https://www.pakwheels.com/used-cars/toyota-passo-2006-for-sale-in-rawalpindi-12060674,2026-09-28T15:06,2026-10-01T23:20,18.95
1119843189,OLX,Suzuki Alto,2013,19.0,https://www.olx.com.pk/item/-iid-1119843189,2026-09-28T15:06,2026-10-01T23:20,19.0
12062574,PakWheels,Nissan Moco,2015,19.5,https://www.pakwheels.com/used-cars/nissan-moco-2015-for-sale-in-islamabad-12062574,2026-09-29T00:32,2026-10-01T23:20,19.5
11905719,PakWheels,Daihatsu Mira,2012,19.5,https://www.pakwheels.com/used-cars/daihatsu-mira-2012-for-sale-in-rawalpindi-11905719,2026-09-29T00:32,2026-10-01T23:20,19.5
11556862,PakWheels,Mazda Carol,2008,20.0,https://www.pakwheels.com/used-cars/mazda-carol-2008-for-sale-in-rawalpindi-11556862,2026-09-29T00:32,2026-10-01T23:20,20.0
11744548,PakWheels,Suzuki Swift,2011,20.49,https://www.pakwheels.com/used-cars/suzuki-swift-2011-for-sale-in-islamabad-11744548,2026-09-29T15:11,2026-10-01T23:20,20.49
11990530,PakWheels,Suzuki Swift,2012,20.7,https://www.pakwheels.com/used-cars/suzuki-swift-2012-for-sale-in-islamabad-11990530,2026-09-29T00:32,2026-10-01T23:20,20.7
12038606,PakWheels,Suzuki Wagon R,2014,20.85,https://www.pakwheels.com/used-cars/suzuki-wagon-r-2014-for-sale-in-islamabad-12038606,2026-09-23T19:12,2026-10-01T23:20,20.85
12062750,PakWheels,Suzuki Swift,2011,20.9,https://www.pakwheels.com/used-cars/suzuki-swift-2011-for-sale-in-islamabad-12062750,2026-09-29T00:32,2026-10-01T23:20,20.9
12063596,PakWheels,Suzuki Alto,2011,21.0,https://www.pakwheels.com/used-cars/suzuki-alto-2011-for-sale-in-islamabad-12063596,2026-09-29T00:32,2026-10-01T23:20,21.0
12061678,PakWheels,Suzuki Wagon R,2017,21.3,https://www.pakwheels.com/used-cars/suzuki-wagon-r-2017-for-sale-in-islamabad-12061678,2026-09-29T00:32,2026-10-01T23:20,21.3
11969633,PakWheels,Daihatsu Move,2011,21.5,https://www.pakwheels.com/used-cars/daihatsu-move-2011-for-sale-in-rawalpindi-11969633,2026-09-08T18:29,2026-10-01T23:20,22.3
12063594,PakWheels,Suzuki Wagon R,2018,21.5,https://www.pakwheels.com/used-cars/suzuki-wagon-r-2018-for-sale-in-islamabad-12063594,2026-09-29T00:32,2026-10-01T23:20,21.5
12063475,PakWheels,Suzuki Wagon R,2015,21.5,https://www.pakwheels.com/used-cars/suzuki-wagon-r-2015-for-sale-in-islamabad-12063475,2026-09-29T00:32,2026-10-01T23:20,21.5
1119093232,OLX,Toyota Passo,2012,21.5,https://www.olx.com.pk/item/-iid-1119093232,2026-09-19T13:27,2026-10-01T23:20,21.9
12053633,PakWheels,Suzuki Wagon R,2012,21.6,https://www.pakwheels.com/used-cars/suzuki-wagon-r-2012-for-sale-in-islamabad-12053633,2026-09-26T23:29,2026-10-01T23:20,21.6
12062834,PakWheels,Toyota Passo,2006,21.75,https://www.pakwheels.com/used-cars/toyota-passo-2006-for-sale-in-islamabad-12062834,2026-09-29T00:32,2026-10-01T23:20,21.75
1119853730,OLX,Toyota Passo,2006,21.75,https://www.olx.com.pk/item/-iid-1119853730,2026-09-29T15:11,2026-10-01T23:20,21.75
12064597,PakWheels,Toyota Passo,2010,21.8,https://www.pakwheels.com/used-cars/toyota-passo-2010-for-sale-in-islamabad-12064597,2026-09-29T15:11,2026-10-01T23:20,21.8
11923717,PakWheels,Suzuki Swift,2016,22.0,https://www.pakwheels.com/used-cars/suzuki-swift-2016-for-sale-in-rawalpindi-11923717,2026-08-29T13:34,2026-10-01T23:20,22.0
12064040,PakWheels,Suzuki Wagon R,2017,22.2,https://www.pakwheels.com/used-cars/suzuki-wagon-r-2017-for-sale-in-islamabad-12064040,2026-09-29T15:11,2026-10-01T23:20,22.2
12060878,PakWheels,Suzuki Wagon R,2017,22.6,https://www.pakwheels.com/used-cars/suzuki-wagon-r-2017-for-sale-in-islamabad-12060878,2026-09-28T15:06,2026-10-01T23:20,22.6
12063095,PakWheels,Suzuki Swift,2006,22.75,https://www.pakwheels.com/used-cars/suzuki-swift-2006-for-sale-in-rawalpindi-12063095,2026-09-29T00:32,2026-10-01T23:20,22.75
12063683,PakWheels,Suzuki Swift,2012,22.85,https://www.pakwheels.com/used-cars/suzuki-swift-2012-for-sale-in-islamabad-12063683,2026-09-29T00:32,2026-10-01T23:20,23.95
11990050,PakWheels,Toyota Vitz,2009,22.95,https://www.pakwheels.com/used-cars/toyota-vitz-2009-for-sale-in-rawalpindi-11990050,2026-09-29T00:32,2026-10-01T23:20,23.0
12061768,PakWheels,Toyota Vitz,2010,22.95,https://www.pakwheels.com/used-cars/toyota-vitz-2010-for-sale-in-rawalpindi-12061768,2026-09-29T00:32,2026-10-01T23:20,22.95
12063477,PakWheels,Suzuki Wagon R,2013,23.0,https://www.pakwheels.com/used-cars/suzuki-wagon-r-2013-for-sale-in-rawalpindi-12063477,2026-09-29T00:32,2026-10-01T23:20,25.0
12062135,PakWheels,Suzuki Alto,2017,23.0,https://www.pakwheels.com/used-cars/suzuki-alto-2017-for-sale-in-islamabad-12062135,2026-09-29T00:32,2026-10-01T23:20,23.0
12064610,PakWheels,Toyota Vitz,2009,23.0,https://www.pakwheels.com/used-cars/toyota-vitz-2009-for-sale-in-islamabad-12064610,2026-09-29T15:11,2026-10-01T23:20,23.0
12061929,PakWheels,Toyota Vitz,2006,23.0,https://www.pakwheels.com/used-cars/toyota-vitz-2006-for-sale-in-islamabad-12061929,2026-09-29T00:32,2026-10-01T23:20,24.0
12061744,PakWheels,Toyota Passo,2012,23.0,https://www.pakwheels.com/used-cars/toyota-passo-2012-for-sale-in-rawalpindi-12061744,2026-09-29T00:32,2026-10-01T23:20,23.0
12057601,PakWheels,Suzuki Wagon R,2018,23.25,https://www.pakwheels.com/used-cars/suzuki-wagon-r-2018-for-sale-in-islamabad-12057601,2026-09-29T15:11,2026-10-01T23:20,23.5
12064395,PakWheels,Suzuki Wagon R,2013,23.5,https://www.pakwheels.com/used-cars/suzuki-wagon-r-2013-for-sale-in-rawalpindi-12064395,2026-09-29T15:11,2026-10-01T23:20,23.5
12062402,PakWheels,Suzuki Wagon R,2016,23.5,https://www.pakwheels.com/used-cars/suzuki-wagon-r-2016-for-sale-in-islamabad-12062402,2026-09-29T00:32,2026-10-01T23:20,23.5
12061226,PakWheels,Suzuki Wagon R,2019,23.5,https://www.pakwheels.com/used-cars/suzuki-wagon-r-2019-for-sale-in-islamabad-12061226,2026-09-29T00:32,2026-10-01T23:20,23.5
12060959,PakWheels,Toyota Vitz,2009,23.5,https://www.pakwheels.com/used-cars/toyota-vitz-2009-for-sale-in-rawalpindi-12060959,2026-09-28T15:06,2026-10-01T23:20,23.5
1118641947,OLX,Daihatsu Mira,2011,23.5,https://www.olx.com.pk/item/-iid-1118641947,2026-09-29T15:11,2026-10-01T23:20,23.5
12062716,PakWheels,Suzuki Swift,2013,23.65,https://www.pakwheels.com/used-cars/suzuki-swift-2013-for-sale-in-rawalpindi-12062716,2026-09-29T00:32,2026-10-01T23:20,23.65
12009805,PakWheels,Suzuki Wagon R,2019,23.75,https://www.pakwheels.com/used-cars/suzuki-wagon-r-2019-for-sale-in-islamabad-12009805,2026-09-28T15:06,2026-10-01T23:20,23.75
12064127,PakWheels,Suzuki Swift,2014,23.85,https://www.pakwheels.com/used-cars/suzuki-swift-2014-for-sale-in-islamabad-12064127,2026-09-29T15:11,2026-10-01T23:20,23.85
12051488,PakWheels,Suzuki Wagon R,2016,23.9,https://www.pakwheels.com/used-cars/suzuki-wagon-r-2016-for-sale-in-islamabad-12051488,2026-09-28T15:06,2026-10-01T23:20,23.9
12060547,PakWheels,Mitsubishi EK Wagon,2017,24.0,https://www.pakwheels.com/used-cars/mitsubishi-ek-wagon-2017-for-sale-in-islamabad-12060547,2026-09-28T15:06,2026-10-01T23:20,24.0
12063670,PakWheels,Honda Fit,2007,24.0,https://www.pakwheels.com/used-cars/honda-fit-2007-for-sale-in-islamabad-12063670,2026-09-29T00:32,2026-10-01T23:20,24.0
1119842265,OLX,Toyota Vitz,2000,24.0,https://www.olx.com.pk/item/-iid-1119842265,2026-09-28T15:06,2026-10-01T23:20,24.0
1119852921,OLX,Toyota Belta,2008,24.0,https://www.olx.com.pk/item/-iid-1119852921,2026-09-29T15:11,2026-10-01T23:20,24.0
12059923,PakWheels,Suzuki Alto,2020,24.1,https://www.pakwheels.com/used-cars/suzuki-alto-2020-for-sale-in-islamabad-12059923,2026-09-28T15:06,2026-10-01T23:20,24.1
12063435,PakWheels,Suzuki Swift,2013,24.5,https://www.pakwheels.com/used-cars/suzuki-swift-2013-for-sale-in-islamabad-12063435,2026-09-29T00:32,2026-10-01T23:20,24.5
1119842761,OLX,Toyota Belta,2007,24.5,https://www.olx.com.pk/item/-iid-1119842761,2026-09-28T15:06,2026-10-01T23:20,24.5
12062583,PakWheels,Nissan Dayz,2014,24.75,https://www.pakwheels.com/used-cars/nissan-dayz-2014-for-sale-in-islamabad-12062583,2026-09-29T00:32,2026-10-01T23:20,24.75
12063818,PakWheels,Suzuki Swift,2015,24.8,https://www.pakwheels.com/used-cars/suzuki-swift-2015-for-sale-in-islamabad-12063818,2026-09-29T00:32,2026-10-01T23:20,24.8
12062680,PakWheels,Suzuki Wagon R,2014,24.95,https://www.pakwheels.com/used-cars/suzuki-wagon-r-2014-for-sale-in-islamabad-12062680,2026-09-29T00:32,2026-10-01T23:20,24.95
12062900,PakWheels,Suzuki Alto,2022,25.0,https://www.pakwheels.com/used-cars/suzuki-alto-2022-for-sale-in-rawalpindi-12062900,2026-09-29T00:32,2026-10-01T23:20,26.5
12062652,PakWheels,Suzuki Wagon R,2018,25.0,https://www.pakwheels.com/used-cars/suzuki-wagon-r-2018-for-sale-in-islamabad-12062652,2026-09-29T00:32,2026-10-01T23:20,25.15
12064631,PakWheels,Suzuki Alto,2020,25.5,https://www.pakwheels.com/used-cars/suzuki-alto-2020-for-sale-in-rawalpindi-12064631,2026-09-29T15:11,2026-10-01T23:20,25.5
12061170,PakWheels,Daihatsu Mira ES,2012,25.5,https://www.pakwheels.com/used-cars/daihatsu-mira-2012-for-sale-in-rawalpindi-12061170,2026-09-28T15:06,2026-10-01T23:20,25.5
1119844877,OLX,Daihatsu Mira,2012,25.5,https://www.olx.com.pk/item/-iid-1119844877,2026-09-28T15:06,2026-10-01T23:20,25.5
1119844411,OLX,Toyota Passo,2007,25.5,https://www.olx.com.pk/item/-iid-1119844411,2026-09-28T15:06,2026-10-01T23:20,25.5
1119438409,OLX,Suzuki Alto,2021,25.5,https://www.olx.com.pk/item/-iid-1119438409,2026-09-28T15:06,2026-10-01T23:20,25.5
1119871108,OLX,Toyota Belta,2012,25.75,https://www.olx.com.pk/item/-iid-1119871108,2026-09-29T15:11,2026-10-01T23:20,25.75
12059235,PakWheels,Toyota Passo,2011,25.9,https://www.pakwheels.com/used-cars/toyota-passo-2011-for-sale-in-islamabad-12059235,2026-09-29T15:11,2026-10-01T23:20,25.9
11929577,PakWheels,Mitsubishi EK Wagon,2016,26.0,https://www.pakwheels.com/used-cars/mitsubishi-ek-wagon-2016-for-sale-in-islamabad-11929577,2026-08-30T15:03,2026-10-01T23:20,26.5
12063252,PakWheels,Suzuki Swift,2016,26.0,https://www.pakwheels.com/used-cars/suzuki-swift-2016-for-sale-in-islamabad-12063252,2026-09-29T00:32,2026-10-01T23:20,26.0
12061340,PakWheels,Suzuki Wagon R,2018,26.0,https://www.pakwheels.com/used-cars/suzuki-wagon-r-2018-for-sale-in-islamabad-12061340,2026-09-29T00:32,2026-10-01T23:20,26.0
11585619,PakWheels,Suzuki Wagon R,2014,26.25,https://www.pakwheels.com/used-cars/suzuki-wagon-r-2014-for-sale-in-islamabad-11585619,2026-09-28T15:06,2026-10-01T23:20,26.25
12062199,PakWheels,Honda N Wgn,2014,26.3,https://www.pakwheels.com/used-cars/honda-n-wgn-2014-for-sale-in-islamabad-12062199,2026-09-29T00:32,2026-10-01T23:20,26.3
12060984,PakWheels,Suzuki Alto,2022,26.35,https://www.pakwheels.com/used-cars/suzuki-alto-2022-for-sale-in-rawalpindi-12060984,2026-09-28T15:06,2026-10-01T23:20,26.35
1119851334,OLX,Toyota Passo,2012,26.4,https://www.olx.com.pk/item/-iid-1119851334,2026-09-29T15:11,2026-10-01T23:20,26.4
12061403,PakWheels,Suzuki Alto,2021,26.45,https://www.pakwheels.com/used-cars/suzuki-alto-2021-for-sale-in-islamabad-12061403,2026-09-29T00:32,2026-10-01T23:20,26.45
12060966,PakWheels,Toyota Vitz,2012,26.5,https://www.pakwheels.com/used-cars/toyota-vitz-2012-for-sale-in-rawalpindi-12060966,2026-09-28T15:06,2026-10-01T23:20,26.5
12036917,PakWheels,Suzuki Swift,2016,26.5,https://www.pakwheels.com/used-cars/suzuki-swift-2016-for-sale-in-rawalpindi-12036917,2026-09-28T15:06,2026-10-01T23:20,26.5
12063285,PakWheels,Suzuki Swift,2020,27.0,https://www.pakwheels.com/used-cars/suzuki-swift-2020-for-sale-in-rawalpindi-12063285,2026-09-29T00:32,2026-10-01T23:20,27.0
12045024,PakWheels,Suzuki Wagon R,2020,27.0,https://www.pakwheels.com/used-cars/suzuki-wagon-r-2020-for-sale-in-rawalpindi-12045024,2026-09-28T15:06,2026-10-01T23:20,27.8
12063242,PakWheels,Suzuki Alto,2022,27.1,https://www.pakwheels.com/used-cars/suzuki-alto-2022-for-sale-in-islamabad-12063242,2026-09-29T00:32,2026-10-01T23:20,27.1
12062949,PakWheels,Suzuki Alto,2022,27.2,https://www.pakwheels.com/used-cars/suzuki-alto-2022-for-sale-in-islamabad-12062949,2026-09-29T00:32,2026-10-01T23:20,27.2
12060902,PakWheels,Suzuki Alto,2021,27.25,https://www.pakwheels.com/used-cars/suzuki-alto-2021-for-sale-in-rawalpindi-12060902,2026-09-28T15:06,2026-10-01T23:20,27.25
12061486,PakWheels,Suzuki Alto,2021,27.25,https://www.pakwheels.com/used-cars/suzuki-alto-2021-for-sale-in-islamabad-12061486,2026-09-29T00:32,2026-10-01T23:20,27.25
12063900,PakWheels,Honda N Box,2015,27.5,https://www.pakwheels.com/used-cars/honda-n-box-2015-for-sale-in-islamabad-12063900,2026-09-29T00:32,2026-10-01T23:20,27.5
12062885,PakWheels,Suzuki Alto,2022,27.5,https://www.pakwheels.com/used-cars/suzuki-alto-2022-for-sale-in-rawalpindi-12062885,2026-09-29T00:32,2026-10-01T23:20,27.5
1119838541,OLX,Toyota Passo,2014,27.5,https://www.olx.com.pk/item/-iid-1119838541,2026-09-28T15:06,2026-10-01T23:20,27.5
11480665,PakWheels,Toyota Vitz,2011,27.8,https://www.pakwheels.com/used-cars/toyota-vitz-2011-for-sale-in-islamabad-11480665,2026-09-29T00:32,2026-10-01T23:20,27.8
12061761,PakWheels,Suzuki Swift,2018,27.9,https://www.pakwheels.com/used-cars/suzuki-swift-2018-for-sale-in-islamabad-12061761,2026-09-29T00:32,2026-10-01T23:20,27.9
12063269,PakWheels,Suzuki Alto,2023,27.95,https://www.pakwheels.com/used-cars/suzuki-alto-2023-for-sale-in-rawalpindi-12063269,2026-09-29T00:32,2026-10-01T23:20,27.95
12061687,PakWheels,Honda N Box,2016,28.0,https://www.pakwheels.com/used-cars/honda-n-box-2016-for-sale-in-islamabad-12061687,2026-09-29T00:32,2026-10-01T23:20,28.0
12056003,PakWheels,Toyota Passo,2013,28.0,https://www.pakwheels.com/used-cars/toyota-passo-2013-for-sale-in-islamabad-12056003,2026-09-27T14:38,2026-10-01T23:20,30.0
11949150,PakWheels,Suzuki Alto,2022,28.25,https://www.pakwheels.com/used-cars/suzuki-alto-2022-for-sale-in-islamabad-11949150,2026-09-08T18:29,2026-10-01T23:20,28.25
12063460,PakWheels,Toyota Passo,2014,28.5,https://www.pakwheels.com/used-cars/toyota-passo-2014-for-sale-in-islamabad-12063460,2026-09-29T00:32,2026-10-01T23:20,28.5
11940107,PakWheels,Suzuki Alto,2024,28.65,https://www.pakwheels.com/used-cars/suzuki-alto-2024-for-sale-in-rawalpindi-11940107,2026-09-29T15:11,2026-10-01T23:20,28.65
12063143,PakWheels,Suzuki Alto,2024,28.7,https://www.pakwheels.com/used-cars/suzuki-alto-2024-for-sale-in-rawalpindi-12063143,2026-09-29T00:32,2026-10-01T23:20,28.7
11703480,PakWheels,Toyota Passo,2013,28.75,https://www.pakwheels.com/used-cars/toyota-passo-2013-for-sale-in-islamabad-11703480,2026-09-29T00:32,2026-10-01T23:20,28.75
1116625715,OLX,Toyota Vitz,2007,29.0,https://www.olx.com.pk/item/-iid-1116625715,2026-09-24T13:49,2026-10-01T23:20,29.0
12063558,PakWheels,Suzuki Alto,2025,29.3,https://www.pakwheels.com/used-cars/suzuki-alto-2025-for-sale-in-islamabad-12063558,2026-09-29T15:11,2026-10-01T23:20,29.3
12041388,PakWheels,Suzuki Alto,2024,29.3,https://www.pakwheels.com/used-cars/suzuki-alto-2024-for-sale-in-islamabad-12041388,2026-09-28T15:06,2026-10-01T23:20,29.3
12056982,PakWheels,Toyota Passo,2013,29.5,https://www.pakwheels.com/used-cars/toyota-passo-2013-for-sale-in-islamabad-12056982,2026-09-27T21:48,2026-10-01T23:20,29.5
1114991797,OLX,Toyota Passo,2012,29.5,https://www.olx.com.pk/item/-iid-1114991797,2026-09-28T15:06,2026-10-01T23:20,29.5
12063260,PakWheels,Daihatsu Cast,2016,29.6,https://www.pakwheels.com/used-cars/daihatsu-cast-2016-for-sale-in-islamabad-12063260,2026-09-29T00:32,2026-10-01T23:20,29.6
1119857151,OLX,Toyota Passo,2013,29.65,https://www.olx.com.pk/item/-iid-1119857151,2026-09-29T15:11,2026-10-01T23:20,29.65
12061296,PakWheels,Toyota Passo,2015,30.0,https://www.pakwheels.com/used-cars/toyota-passo-2015-for-sale-in-islamabad-12061296,2026-09-29T00:32,2026-10-01T23:20,30.0
12061722,PakWheels,Toyota Passo,2016,30.0,https://www.pakwheels.com/used-cars/toyota-passo-2016-for-sale-in-islamabad-12061722,2026-09-29T00:32,2026-10-01T23:20,30.0
1119808008,OLX,Toyota Passo,2014,30.0,https://www.olx.com.pk/item/-iid-1119808008,2026-09-29T15:11,2026-10-01T23:20,30.0
12058415,PakWheels,Mitsubishi Pajero Mini,1995,11.0,https://www.pakwheels.com/used-cars/mitsubishi-pajero-mini-1995-for-sale-in-rawalpindi-12058415,2026-09-27T21:48,2026-10-01T23:20,11.0
12060354,PakWheels,Suzuki Alto,2009,12.0,https://www.pakwheels.com/used-cars/suzuki-alto-2009-for-sale-in-islamabad-12060354,2026-09-28T15:06,2026-10-01T23:20,12.0
12058579,PakWheels,Mitsubishi Pajero Mini,2006,12.5,https://www.pakwheels.com/used-cars/mitsubishi-pajero-mini-2006-for-sale-in-islamabad-12058579,2026-09-27T21:48,2026-10-01T23:20,12.5
1118613158,OLX,Daihatsu Mira,2007,13.0,https://www.olx.com.pk/item/-iid-1118613158,2026-09-28T15:06,2026-10-01T23:20,13.0
12002140,PakWheels,Daihatsu Mira,2007,13.2,https://www.pakwheels.com/used-cars/daihatsu-mira-2007-for-sale-in-islamabad-12002140,2026-09-15T19:18,2026-10-01T23:20,13.35
12015347,PakWheels,Honda Life,2007,13.65,https://www.pakwheels.com/used-cars/honda-life-2007-for-sale-in-rawalpindi-12015347,2026-09-18T18:34,2026-10-01T23:20,17.35
11998271,PakWheels,Suzuki Alto,2006,14.0,https://www.pakwheels.com/used-cars/suzuki-alto-2006-for-sale-in-rawalpindi-11998271,2026-09-17T14:04,2026-10-01T23:20,14.5
12060308,PakWheels,Daihatsu Mira,2007,14.15,https://www.pakwheels.com/used-cars/daihatsu-mira-2007-for-sale-in-islamabad-12060308,2026-09-28T15:06,2026-10-01T23:20,14.15
1119819685,OLX,Suzuki Alto,2010,16.25,https://www.olx.com.pk/item/-iid-1119819685,2026-09-28T15:06,2026-10-01T23:20,16.25
1117318790,OLX,Daihatsu Mira,2009,16.5,https://www.olx.com.pk/item/-iid-1117318790,2026-08-27T13:18,2026-10-01T23:20,17.5
1119815622,OLX,Daihatsu Tanto,2011,16.5,https://www.olx.com.pk/item/-iid-1119815622,2026-09-28T15:06,2026-10-01T23:20,16.5
11960123,PakWheels,Suzuki Alto,2011,16.75,https://www.pakwheels.com/used-cars/suzuki-alto-2011-for-sale-in-islamabad-11960123,2026-09-07T13:10,2026-10-01T23:20,17.0
1119697282,OLX,Suzuki Wagon R,2009,16.89,https://www.olx.com.pk/item/-iid-1119697282,2026-09-28T15:06,2026-10-01T23:20,16.89
12010770,PakWheels,Suzuki Alto,2008,17.0,https://www.pakwheels.com/used-cars/suzuki-alto-2008-for-sale-in-islamabad-12010770,2026-09-17T19:15,2026-10-01T23:20,17.0
11894955,PakWheels,Suzuki Cervo,2007,17.5,https://www.pakwheels.com/used-cars/suzuki-cervo-2007-for-sale-in-rawalpindi-11894955,2026-09-28T02:13,2026-10-01T23:20,17.5
12056339,PakWheels,Nissan Pino,2007,18.25,https://www.pakwheels.com/used-cars/nissan-pino-2007-for-sale-in-islamabad-12056339,2026-09-27T14:38,2026-10-01T23:20,18.25
12058014,PakWheels,Suzuki Wagon R,2007,18.85,https://www.pakwheels.com/used-cars/suzuki-wagon-r-2007-for-sale-in-rawalpindi-12058014,2026-09-27T21:48,2026-10-01T23:20,18.85
1118128795,OLX,Toyota Vitz,2006,18.95,https://www.olx.com.pk/item/-iid-1118128795,2026-09-27T14:38,2026-10-01T23:20,18.95
12058244,PakWheels,Mitsubishi EK Wagon,2007,19.0,https://www.pakwheels.com/used-cars/mitsubishi-ek-wagon-2007-for-sale-in-rawalpindi-12058244,2026-09-27T21:48,2026-10-01T23:20,19.0
12059719,PakWheels,Nissan Otti,2007,19.0,https://www.pakwheels.com/used-cars/nissan-otti-2007-for-sale-in-rawalpindi-12059719,2026-09-28T02:13,2026-10-01T23:20,19.0
1119804563,OLX,Toyota Passo,2004,19.0,https://www.olx.com.pk/item/-iid-1119804563,2026-09-27T14:38,2026-10-01T23:20,19.0
1119828740,OLX,Mitsubishi EK Wagon,2007,19.0,https://www.olx.com.pk/item/-iid-1119828740,2026-09-28T15:06,2026-10-01T23:20,19.0
12059586,PakWheels,Suzuki Alto,2008,19.1,https://www.pakwheels.com/used-cars/suzuki-alto-2008-for-sale-in-rawalpindi-12059586,2026-09-28T02:13,2026-10-01T23:20,19.1
12057224,PakWheels,Honda Life,2007,19.1,https://www.pakwheels.com/used-cars/honda-life-2007-for-sale-in-islamabad-12057224,2026-09-27T21:48,2026-10-01T23:20,19.1
12058951,PakWheels,Mitsubishi EK Wagon,2013,19.25,https://www.pakwheels.com/used-cars/mitsubishi-ek-wagon-2013-for-sale-in-islamabad-12058951,2026-09-27T21:48,2026-10-01T23:20,19.25
1115240580,OLX,Daihatsu Sonica,2006,19.8,https://www.olx.com.pk/item/-iid-1115240580,2026-09-27T14:38,2026-10-01T23:20,19.8
12057686,PakWheels,Suzuki Wagon R,2012,19.85,https://www.pakwheels.com/used-cars/suzuki-wagon-r-2012-for-sale-in-rawalpindi-12057686,2026-09-27T21:48,2026-10-01T23:20,19.85
12057467,PakWheels,Daihatsu Esse,2011,19.9,https://www.pakwheels.com/used-cars/daihatsu-esse-2011-for-sale-in-islamabad-12057467,2026-09-27T21:48,2026-10-01T23:20,19.9
12032922,PakWheels,Suzuki MR Wagon,2012,21.0,https://www.pakwheels.com/used-cars/suzuki-mr-wagon-2012-for-sale-in-islamabad-12032922,2026-09-22T19:01,2026-10-01T23:20,21.0
11965577,PakWheels,Toyota Vitz,2007,21.5,https://www.pakwheels.com/used-cars/toyota-vitz-2007-for-sale-in-islamabad-11965577,2026-09-07T20:00,2026-10-01T23:20,22.0
11827299,PakWheels,Mitsubishi Mirage,2012,22.0,https://www.pakwheels.com/used-cars/mitsubishi-mirage-2012-for-sale-in-islamabad-11827299,2026-08-27T12:46,2026-10-01T23:20,22.0
12060450,PakWheels,Suzuki Swift,2013,22.35,https://www.pakwheels.com/used-cars/suzuki-swift-2013-for-sale-in-islamabad-12060450,2026-09-28T15:06,2026-10-01T23:20,22.35
12019340,PakWheels,Suzuki Wagon R,2014,22.4,https://www.pakwheels.com/used-cars/suzuki-wagon-r-2014-for-sale-in-rawalpindi-12019340,2026-09-19T18:02,2026-10-01T23:20,22.9
12007414,PakWheels,Toyota Passo,2006,22.5,https://www.pakwheels.com/used-cars/toyota-passo-2006-for-sale-in-islamabad-12007414,2026-09-20T13:58,2026-10-01T23:20,22.5
12017774,PakWheels,Suzuki Swift,2012,23.0,https://www.pakwheels.com/used-cars/suzuki-swift-2012-for-sale-in-islamabad-12017774,2026-09-28T15:06,2026-10-01T23:20,23.0
1118600799,OLX,Toyota Vitz,2004,23.0,https://www.olx.com.pk/item/-iid-1118600799,2026-09-28T15:06,2026-10-01T23:20,23.0
1116946698,OLX,Toyota Vitz,2004,23.0,https://www.olx.com.pk/item/-iid-1116946698,2026-09-27T14:38,2026-10-01T23:20,23.0
1118755403,OLX,Toyota Belta,2007,23.0,https://www.olx.com.pk/item/-iid-1118755403,2026-09-01T18:26,2026-10-01T23:20,23.0
12024572,PakWheels,Toyota Belta,2008,23.3,https://www.pakwheels.com/used-cars/toyota-belta-2008-for-sale-in-rawalpindi-12024572,2026-09-24T19:10,2026-10-01T23:20,24.3
12057716,PakWheels,Suzuki Wagon R,2019,23.4,https://www.pakwheels.com/used-cars/suzuki-wagon-r-2019-for-sale-in-rawalpindi-12057716,2026-09-27T21:48,2026-10-01T23:20,23.45
12058698,PakWheels,Suzuki Alto,2019,23.5,https://www.pakwheels.com/used-cars/suzuki-alto-2019-for-sale-in-islamabad-12058698,2026-09-29T00:32,2026-10-01T23:20,23.5
1119726802,OLX,Suzuki Alto,2015,23.5,https://www.olx.com.pk/item/-iid-1119726802,2026-09-28T15:06,2026-10-01T23:20,23.8
12056315,PakWheels,Mazda Carol,2014,23.95,https://www.pakwheels.com/used-cars/mazda-carol-2014-for-sale-in-islamabad-12056315,2026-09-27T14:38,2026-10-01T23:20,23.95
12058361,PakWheels,Suzuki Alto,2013,24.0,https://www.pakwheels.com/used-cars/suzuki-alto-2013-for-sale-in-islamabad-12058361,2026-09-27T21:48,2026-10-01T23:20,24.0
12054450,PakWheels,Suzuki Alto,2014,24.2,https://www.pakwheels.com/used-cars/suzuki-alto-2014-for-sale-in-islamabad-12054450,2026-09-27T21:48,2026-10-01T23:20,24.4
12057609,PakWheels,Suzuki Alto,2010,24.5,https://www.pakwheels.com/used-cars/suzuki-alto-2010-for-sale-in-islamabad-12057609,2026-09-27T21:48,2026-10-01T23:20,24.5
11615117,PakWheels,Suzuki Alto,2014,24.5,https://www.pakwheels.com/used-cars/suzuki-alto-2014-for-sale-in-islamabad-11615117,2026-09-27T14:38,2026-10-01T23:20,24.5
12059229,PakWheels,Suzuki Swift,2014,24.5,https://www.pakwheels.com/used-cars/suzuki-swift-2014-for-sale-in-rawalpindi-12059229,2026-09-28T15:06,2026-10-01T23:20,24.5
12057136,PakWheels,Mitsubishi EK Wagon,2013,24.75,https://www.pakwheels.com/used-cars/mitsubishi-ek-wagon-2013-for-sale-in-islamabad-12057136,2026-09-27T21:48,2026-10-01T23:20,24.75
11808181,PakWheels,Daihatsu Tanto,2015,25.0,https://www.pakwheels.com/used-cars/daihatsu-tanto-2015-for-sale-in-islamabad-11808181,2026-08-11T21:17,2026-10-01T23:20,26.85
12060300,PakWheels,Suzuki Wagon R,2014,25.0,https://www.pakwheels.com/used-cars/suzuki-wagon-r-2014-for-sale-in-rawalpindi-12060300,2026-09-28T15:06,2026-10-01T23:20,27.0
11920490,PakWheels,Suzuki Alto,2019,25.1,https://www.pakwheels.com/used-cars/suzuki-alto-2019-for-sale-in-islamabad-11920490,2026-09-27T21:48,2026-10-01T23:20,25.1
12057229,PakWheels,Suzuki Wagon R,2014,25.5,https://www.pakwheels.com/used-cars/suzuki-wagon-r-2014-for-sale-in-islamabad-12057229,2026-09-27T21:48,2026-10-01T23:20,25.5
12057066,PakWheels,Honda N Wgn,2014,25.7,https://www.pakwheels.com/used-cars/honda-n-wgn-2014-for-sale-in-islamabad-12057066,2026-09-27T21:48,2026-10-01T23:20,25.7
11754213,PakWheels,Suzuki Alto,2013,25.75,https://www.pakwheels.com/used-cars/suzuki-alto-2013-for-sale-in-islamabad-11754213,2026-09-27T21:48,2026-10-01T23:20,25.75
12058416,PakWheels,Daihatsu Mira ES,2014,26.0,https://www.pakwheels.com/used-cars/daihatsu-mira-2014-for-sale-in-islamabad-12058416,2026-09-27T21:48,2026-10-01T23:20,26.0
12059153,PakWheels,Suzuki Wagon R,2015,26.0,https://www.pakwheels.com/used-cars/suzuki-wagon-r-2015-for-sale-in-islamabad-12059153,2026-09-28T02:13,2026-10-01T23:20,26.0
12058825,PakWheels,Suzuki Wagon R,2016,26.0,https://www.pakwheels.com/used-cars/suzuki-wagon-r-2016-for-sale-in-islamabad-12058825,2026-09-27T21:48,2026-10-01T23:20,26.0
12044684,PakWheels,Honda N Box,2014,26.3,https://www.pakwheels.com/used-cars/honda-n-box-2014-for-sale-in-rawalpindi-12044684,2026-09-24T23:58,2026-10-01T23:20,28.3
11861753,PakWheels,Daihatsu Mira ES,2014,26.5,https://www.pakwheels.com/used-cars/daihatsu-mira-2014-for-sale-in-rawalpindi-11861753,2026-09-28T02:13,2026-10-01T23:20,26.5
12055920,PakWheels,Suzuki Alto,2023,27.0,https://www.pakwheels.com/used-cars/suzuki-alto-2023-for-sale-in-islamabad-12055920,2026-09-27T14:38,2026-10-01T23:20,27.0
1115540217,OLX,Toyota Vitz,2009,27.0,https://www.olx.com.pk/item/-iid-1115540217,2026-09-28T15:06,2026-10-01T23:20,27.0
12055534,PakWheels,Suzuki Swift,2018,27.15,https://www.pakwheels.com/used-cars/suzuki-swift-2018-for-sale-in-islamabad-12055534,2026-09-27T14:38,2026-10-01T23:20,30.0
12055564,PakWheels,Suzuki Alto,2014,27.25,https://www.pakwheels.com/used-cars/suzuki-alto-2014-for-sale-in-islamabad-12055564,2026-09-27T14:38,2026-10-01T23:20,27.25
12056247,PakWheels,Suzuki Alto,2021,27.5,https://www.pakwheels.com/used-cars/suzuki-alto-2021-for-sale-in-islamabad-12056247,2026-09-27T14:38,2026-10-01T23:20,27.5
1119823318,OLX,Toyota Passo,2012,27.5,https://www.olx.com.pk/item/-iid-1119823318,2026-09-28T15:06,2026-10-01T23:20,27.5
12057955,PakWheels,Suzuki Alto,2020,27.9,https://www.pakwheels.com/used-cars/suzuki-alto-2020-for-sale-in-rawalpindi-12057955,2026-09-27T21:48,2026-10-01T23:20,27.9
12056267,PakWheels,Suzuki Alto,2025,27.95,https://www.pakwheels.com/used-cars/suzuki-alto-2025-for-sale-in-rawalpindi-12056267,2026-09-30T22:55,2026-10-01T23:20,27.95
12058591,PakWheels,Suzuki Alto,2021,28.0,https://www.pakwheels.com/used-cars/suzuki-alto-2021-for-sale-in-islamabad-12058591,2026-09-27T21:48,2026-10-01T23:20,28.0
1119815728,OLX,Toyota Passo,2015,28.25,https://www.olx.com.pk/item/-iid-1119815728,2026-09-28T15:06,2026-10-01T23:20,28.25
12055746,PakWheels,Suzuki Alto,2022,28.3,https://www.pakwheels.com/used-cars/suzuki-alto-2022-for-sale-in-islamabad-12055746,2026-09-27T14:38,2026-10-01T23:20,28.3
1118297715,OLX,Toyota Passo,2014,28.4,https://www.olx.com.pk/item/-iid-1118297715,2026-09-13T13:42,2026-10-01T23:20,28.4
12058896,PakWheels,Daihatsu Move,2014,28.5,https://www.pakwheels.com/used-cars/daihatsu-move-2014-for-sale-in-rawalpindi-12058896,2026-09-27T21:48,2026-10-01T23:20,28.5
11966298,PakWheels,Toyota Vitz,2007,29.0,https://www.pakwheels.com/used-cars/toyota-vitz-2007-for-sale-in-rawalpindi-11966298,2026-09-07T20:00,2026-10-01T23:20,29.0
1119808371,OLX,Toyota Vitz,2012,29.25,https://www.olx.com.pk/item/-iid-1119808371,2026-09-28T15:06,2026-10-01T23:20,29.25
12060003,PakWheels,Suzuki Alto,2021,29.5,https://www.pakwheels.com/used-cars/suzuki-alto-2021-for-sale-in-islamabad-12060003,2026-09-28T15:06,2026-10-01T23:20,29.5
11956659,PakWheels,Toyota Passo,2015,29.5,https://www.pakwheels.com/used-cars/toyota-passo-2015-for-sale-in-islamabad-11956659,2026-09-28T15:06,2026-10-01T23:20,29.5
12057560,PakWheels,Suzuki Wagon R,2020,29.5,https://www.pakwheels.com/used-cars/suzuki-wagon-r-2020-for-sale-in-islamabad-12057560,2026-09-28T15:06,2026-10-01T23:20,29.5
12057220,PakWheels,Suzuki Alto,2025,29.8,https://www.pakwheels.com/used-cars/suzuki-alto-2025-for-sale-in-rawalpindi-12057220,2026-09-27T21:48,2026-10-01T23:20,29.8
12053589,PakWheels,Mitsubishi Pajero Mini,1997,9.5,https://www.pakwheels.com/used-cars/mitsubishi-pajero-mini-1997-for-sale-in-islamabad-12053589,2026-09-26T23:29,2026-10-01T23:20,9.5
12020191,PakWheels,Nissan Moco,2006,12.85,https://www.pakwheels.com/used-cars/nissan-moco-2006-for-sale-in-islamabad-12020191,2026-09-19T18:02,2026-10-01T23:20,12.85
11929019,PakWheels,Daihatsu Mira,2006,13.95,https://www.pakwheels.com/used-cars/daihatsu-mira-2006-for-sale-in-islamabad-11929019,2026-08-30T15:03,2026-10-01T23:20,15.5
11997806,PakWheels,Subaru Pleo,2007,14.1,https://www.pakwheels.com/used-cars/subaru-pleo-2007-for-sale-in-islamabad-11997806,2026-09-14T20:51,2026-10-01T23:20,14.7
1116904749,OLX,Suzuki Alto,2004,15.5,https://www.olx.com.pk/item/-iid-1116904749,2026-09-26T14:00,2026-10-01T23:20,15.5
1119766335,OLX,Daihatsu Mira,2008,15.8,https://www.olx.com.pk/item/-iid-1119766335,2026-09-27T14:38,2026-10-01T23:20,15.8
1119791019,OLX,Other JDM,2007,16.39,https://www.olx.com.pk/item/-iid-1119791019,2026-09-27T14:38,2026-10-01T23:20,16.39
12055051,PakWheels,Suzuki Kei,2007,16.4,https://www.pakwheels.com/used-cars/suzuki-kei-2007-for-sale-in-rawalpindi-12055051,2026-09-27T14:38,2026-10-01T23:20,16.4
11875574,PakWheels,Mitsubishi Pajero Mini,2006,16.5,https://www.pakwheels.com/used-cars/mitsubishi-pajero-mini-2006-for-sale-in-rawalpindi-11875574,2026-09-26T23:29,2026-10-01T23:20,16.5
12051595,PakWheels,Daihatsu Mira,2005,16.5,https://www.pakwheels.com/used-cars/daihatsu-mira-2005-for-sale-in-islamabad-12051595,2026-09-26T18:44,2026-10-01T23:20,16.5
12055005,PakWheels,Suzuki Kei,2006,17.3,https://www.pakwheels.com/used-cars/suzuki-kei-2006-for-sale-in-islamabad-12055005,2026-09-27T14:38,2026-10-01T23:20,17.3
12036415,PakWheels,Mitsubishi EK Wagon,2007,17.34,https://www.pakwheels.com/used-cars/mitsubishi-ek-wagon-2007-for-sale-in-islamabad-12036415,2026-09-26T18:44,2026-10-01T23:20,17.34
1119757983,OLX,Daihatsu Boon,2006,17.5,https://www.olx.com.pk/item/-iid-1119757983,2026-09-26T14:00,2026-10-01T23:20,17.5
12031259,PakWheels,Suzuki Swift,2012,17.8,https://www.pakwheels.com/used-cars/suzuki-swift-2012-for-sale-in-islamabad-12031259,2026-09-26T23:29,2026-10-01T23:20,18.5
12052397,PakWheels,Daihatsu Sonica,2006,18.0,https://www.pakwheels.com/used-cars/daihatsu-sonica-2006-for-sale-in-islamabad-12052397,2026-09-26T18:44,2026-10-01T23:20,18.0
1119790499,OLX,Toyota Vitz,1999,18.5,https://www.olx.com.pk/item/-iid-1119790499,2026-09-27T14:38,2026-10-01T23:20,18.5
12053239,PakWheels,Suzuki Cervo,2007,18.75,https://www.pakwheels.com/used-cars/suzuki-cervo-2007-for-sale-in-rawalpindi-12053239,2026-09-26T18:44,2026-10-01T23:20,18.75
11990365,PakWheels,Toyota Vitz,2004,18.75,https://www.pakwheels.com/used-cars/toyota-vitz-2004-for-sale-in-islamabad-11990365,2026-09-13T01:26,2026-10-01T23:20,18.75
12050796,PakWheels,Honda Life,2006,19.0,https://www.pakwheels.com/used-cars/honda-life-2006-for-sale-in-rawalpindi-12050796,2026-09-26T14:00,2026-10-01T23:20,19.0
1116928037,OLX,Daihatsu Move,2011,19.39,https://www.olx.com.pk/item/-iid-1116928037,2026-09-27T14:38,2026-10-01T23:20,19.39
11644655,PakWheels,Nissan Roox,2015,19.5,https://www.pakwheels.com/used-cars/nissan-roox-2015-for-sale-in-islamabad-11644655,2026-09-26T23:29,2026-10-01T23:20,19.95
12053092,PakWheels,Daihatsu Sonica,2013,19.8,https://www.pakwheels.com/used-cars/daihatsu-sonica-2013-for-sale-in-islamabad-12053092,2026-09-26T18:44,2026-10-01T23:20,19.8
11561981,PakWheels,Daihatsu Sonica,2006,19.8,https://www.pakwheels.com/used-cars/daihatsu-sonica-2006-for-sale-in-rawalpindi-11561981,2026-09-27T14:38,2026-10-01T23:20,19.8
12051387,PakWheels,Toyota Passo,2005,19.85,https://www.pakwheels.com/used-cars/toyota-passo-2005-for-sale-in-rawalpindi-12051387,2026-09-26T18:44,2026-10-01T23:20,20.75
1119756825,OLX,Suzuki Alto Lapin,2014,20.45,https://www.olx.com.pk/item/-iid-1119756825,2026-09-26T14:00,2026-10-01T23:20,20.75
1119761296,OLX,Nissan Dayz,2012,20.5,https://www.olx.com.pk/item/-iid-1119761296,2026-09-26T14:00,2026-10-01T23:20,22.0
1118276753,OLX,Toyota Passo,2006,20.5,https://www.olx.com.pk/item/-iid-1118276753,2026-09-27T14:38,2026-10-01T23:20,20.5
12053981,PakWheels,Mitsubishi EK Wagon,2011,20.75,https://www.pakwheels.com/used-cars/mitsubishi-ek-wagon-2011-for-sale-in-rawalpindi-12053981,2026-09-26T23:29,2026-10-01T23:20,20.75
11921272,PakWheels,Daihatsu Mira,2007,21.0,https://www.pakwheels.com/used-cars/daihatsu-mira-2007-for-sale-in-rawalpindi-11921272,2026-09-26T23:29,2026-10-01T23:20,21.0
12052023,PakWheels,Nissan Dayz,2012,21.0,https://www.pakwheels.com/used-cars/nissan-dayz-2012-for-sale-in-islamabad-12052023,2026-09-26T18:44,2026-10-01T23:20,22.0
1118571423,OLX,Toyota Passo,2006,21.0,https://www.olx.com.pk/item/-iid-1118571423,2026-09-27T14:38,2026-10-01T23:20,21.0
1119787812,OLX,Toyota Vitz,2005,21.0,https://www.olx.com.pk/item/-iid-1119787812,2026-09-27T14:38,2026-10-01T23:20,21.0
11993169,PakWheels,Nissan Moco,2011,21.4,https://www.pakwheels.com/used-cars/nissan-moco-2011-for-sale-in-islamabad-11993169,2026-09-13T18:47,2026-10-01T23:20,21.5
12006286,PakWheels,Daihatsu Mira,2008,21.75,https://www.pakwheels.com/used-cars/daihatsu-mira-2008-for-sale-in-rawalpindi-12006286,2026-09-16T19:10,2026-10-01T23:20,22.0
1119776757,OLX,Toyota Belta,2006,21.9,https://www.olx.com.pk/item/-iid-1119776757,2026-09-27T14:38,2026-10-01T23:20,22.3
11677268,PakWheels,Honda N Box,2014,22.8,https://www.pakwheels.com/used-cars/honda-n-box-2014-for-sale-in-rawalpindi-11677268,2026-09-27T14:38,2026-10-01T23:20,22.8
12053269,PakWheels,Toyota Passo,2006,22.8,https://www.pakwheels.com/used-cars/toyota-passo-2006-for-sale-in-rawalpindi-12053269,2026-09-26T18:44,2026-10-01T23:20,23.5
12053474,PakWheels,Suzuki Alto,2011,22.95,https://www.pakwheels.com/used-cars/suzuki-alto-2011-for-sale-in-rawalpindi-12053474,2026-09-26T23:29,2026-10-01T23:20,22.95
1119779103,OLX,Daihatsu Tanto,2015,23.0,https://www.olx.com.pk/item/-iid-1119779103,2026-09-27T14:38,2026-10-01T23:20,23.0
1119212380,OLX,Toyota Vitz,2009,23.0,https://www.olx.com.pk/item/-iid-1119212380,2026-09-21T14:18,2026-10-01T23:20,23.0
1119780318,OLX,Toyota Vitz,2006,23.0,https://www.olx.com.pk/item/-iid-1119780318,2026-09-27T14:38,2026-10-01T23:20,23.0
11961757,PakWheels,Mitsubishi EK Wagon,2013,23.8,https://www.pakwheels.com/used-cars/mitsubishi-ek-wagon-2013-for-sale-in-islamabad-11961757,2026-09-06T22:36,2026-10-01T23:20,23.8
12055492,PakWheels,Daihatsu Mira ES,2012,23.99,https://www.pakwheels.com/used-cars/daihatsu-mira-2012-for-sale-in-rawalpindi-12055492,2026-09-27T14:38,2026-10-01T23:20,23.99
12053063,PakWheels,Mazda Flair,2014,24.0,https://www.pakwheels.com/used-cars/mazda-flair-2014-for-sale-in-islamabad-12053063,2026-09-26T18:44,2026-10-01T23:20,24.0
1119774834,OLX,Toyota Vitz,2008,24.75,https://www.olx.com.pk/item/-iid-1119774834,2026-09-27T14:38,2026-10-01T23:20,24.75
12050812,PakWheels,Suzuki Alto,2021,25.0,https://www.pakwheels.com/used-cars/suzuki-alto-2021-for-sale-in-islamabad-12050812,2026-09-26T14:00,2026-10-01T23:20,25.0
1118768513,OLX,Toyota Vitz,2006,25.5,https://www.olx.com.pk/item/-iid-1118768513,2026-09-26T14:00,2026-10-01T23:20,25.5
12053888,PakWheels,Suzuki Alto,2022,25.85,https://www.pakwheels.com/used-cars/suzuki-alto-2022-for-sale-in-islamabad-12053888,2026-09-27T21:48,2026-10-01T23:20,25.85
12055038,PakWheels,Honda N Wgn,2017,26.0,https://www.pakwheels.com/used-cars/honda-n-wgn-2017-for-sale-in-rawalpindi-12055038,2026-09-27T14:38,2026-10-01T23:20,26.0
12054021,PakWheels,Suzuki Alto,2016,26.0,https://www.pakwheels.com/used-cars/suzuki-alto-2016-for-sale-in-islamabad-12054021,2026-09-26T23:29,2026-10-01T23:20,26.0
12052883,PakWheels,Nissan Moco,2015,26.0,https://www.pakwheels.com/used-cars/nissan-moco-2015-for-sale-in-rawalpindi-12052883,2026-09-26T18:44,2026-10-01T23:20,26.0
12052603,PakWheels,Subaru Stella,2016,26.2,https://www.pakwheels.com/used-cars/subaru-stella-2016-for-sale-in-rawalpindi-12052603,2026-09-26T18:44,2026-10-01T23:20,26.2
10826244,PakWheels,Suzuki Alto,2012,26.5,https://www.pakwheels.com/used-cars/suzuki-alto-2012-for-sale-in-islamabad-10826244,2026-09-27T14:38,2026-10-01T23:20,26.5
12054183,PakWheels,Suzuki Wagon R,2015,26.5,https://www.pakwheels.com/used-cars/suzuki-wagon-r-2015-for-sale-in-islamabad-12054183,2026-09-26T23:29,2026-10-01T23:20,26.5
12050988,PakWheels,Toyota Vitz,2011,26.65,https://www.pakwheels.com/used-cars/toyota-vitz-2011-for-sale-in-islamabad-12050988,2026-09-29T15:11,2026-10-01T23:20,27.4
12054126,PakWheels,Suzuki Alto,2020,26.8,https://www.pakwheels.com/used-cars/suzuki-alto-2020-for-sale-in-rawalpindi-12054126,2026-09-26T23:29,2026-10-01T23:20,26.8
1119757128,OLX,Toyota Passo,2010,26.85,https://www.olx.com.pk/item/-iid-1119757128,2026-09-26T14:00,2026-10-01T23:20,26.85
12055412,PakWheels,Suzuki Alto,2020,27.0,https://www.pakwheels.com/used-cars/suzuki-alto-2020-for-sale-in-islamabad-12055412,2026-09-27T14:38,2026-10-01T23:20,27.0
1119776838,OLX,Toyota Vitz,2009,27.25,https://www.olx.com.pk/item/-iid-1119776838,2026-09-27T14:38,2026-10-01T23:20,27.25
12054308,PakWheels,Honda N Wgn,2014,27.5,https://www.pakwheels.com/used-cars/honda-n-wgn-2014-for-sale-in-islamabad-12054308,2026-09-26T23:29,2026-10-01T23:20,27.5
12053323,PakWheels,Suzuki Alto,2020,27.5,https://www.pakwheels.com/used-cars/suzuki-alto-2020-for-sale-in-rawalpindi-12053323,2026-09-26T18:44,2026-10-01T23:20,28.0
12052878,PakWheels,Suzuki Alto,2021,27.5,https://www.pakwheels.com/used-cars/suzuki-alto-2021-for-sale-in-rawalpindi-12052878,2026-09-26T18:44,2026-10-01T23:20,27.5
12051146,PakWheels,Suzuki Hustler,2015,27.5,https://www.pakwheels.com/used-cars/suzuki-hustler-2015-for-sale-in-islamabad-12051146,2026-09-26T14:00,2026-10-01T23:20,28.5
12050741,PakWheels,Suzuki Wagon R,2014,27.5,https://www.pakwheels.com/used-cars/suzuki-wagon-r-2014-for-sale-in-islamabad-12050741,2026-09-27T14:38,2026-10-01T23:20,27.5
12053301,PakWheels,Suzuki Alto,2023,27.95,https://www.pakwheels.com/used-cars/suzuki-alto-2023-for-sale-in-rawalpindi-12053301,2026-09-26T18:44,2026-10-01T23:20,27.95
12051153,PakWheels,Toyota Vitz,2011,28.0,https://www.pakwheels.com/used-cars/toyota-vitz-2011-for-sale-in-rawalpindi-12051153,2026-09-26T14:00,2026-10-01T23:20,28.4
1119788650,OLX,Toyota Passo,2016,28.0,https://www.olx.com.pk/item/-iid-1119788650,2026-09-27T14:38,2026-10-01T23:20,28.0
12020568,PakWheels,Suzuki Alto,2024,28.25,https://www.pakwheels.com/used-cars/suzuki-alto-2024-for-sale-in-islamabad-12020568,2026-09-19T22:55,2026-10-01T23:20,28.5
12054131,PakWheels,Toyota Vitz,2011,28.5,https://www.pakwheels.com/used-cars/toyota-vitz-2011-for-sale-in-islamabad-12054131,2026-09-26T23:29,2026-10-01T23:20,28.5
12054660,PakWheels,Suzuki Alto,2022,28.65,https://www.pakwheels.com/used-cars/suzuki-alto-2022-for-sale-in-rawalpindi-12054660,2026-09-27T14:38,2026-10-01T23:20,28.65
12042122,PakWheels,Toyota Vitz,2011,28.75,https://www.pakwheels.com/used-cars/toyota-vitz-2011-for-sale-in-islamabad-12042122,2026-09-24T19:10,2026-10-01T23:20,28.75
12054642,PakWheels,Suzuki Alto,2022,28.8,https://www.pakwheels.com/used-cars/suzuki-alto-2022-for-sale-in-islamabad-12054642,2026-09-27T14:38,2026-10-01T23:20,28.8
1119787377,OLX,Suzuki Alto,2022,28.8,https://www.olx.com.pk/item/-iid-1119787377,2026-09-27T14:38,2026-10-01T23:20,28.8
12053780,PakWheels,Suzuki Alto,2023,29.0,https://www.pakwheels.com/used-cars/suzuki-alto-2023-for-sale-in-rawalpindi-12053780,2026-09-26T23:29,2026-10-01T23:20,29.0
1119770763,OLX,Toyota Passo,2015,29.25,https://www.olx.com.pk/item/-iid-1119770763,2026-09-27T14:38,2026-10-01T23:20,29.25
12053335,PakWheels,Honda N Wgn,2014,29.5,https://www.pakwheels.com/used-cars/honda-n-wgn-2014-for-sale-in-rawalpindi-12053335,2026-09-26T18:44,2026-10-01T23:20,29.5
12016000,PakWheels,Toyota Passo,2015,29.5,https://www.pakwheels.com/used-cars/toyota-passo-2015-for-sale-in-islamabad-12016000,2026-09-26T18:44,2026-10-01T23:20,29.5
12055326,PakWheels,Suzuki Alto,2025,29.75,https://www.pakwheels.com/used-cars/suzuki-alto-2025-for-sale-in-islamabad-12055326,2026-09-27T14:38,2026-10-01T23:20,29.75
12055021,PakWheels,Suzuki Alto,2023,29.85,https://www.pakwheels.com/used-cars/suzuki-alto-2023-for-sale-in-rawalpindi-12055021,2026-09-27T14:38,2026-10-01T23:20,29.85
11888649,PakWheels,Suzuki Baleno,2005,11.4,https://www.pakwheels.com/used-cars/suzuki-baleno-2005-for-sale-in-rawalpindi-11888649,2026-09-25T19:34,2026-10-01T23:20,11.4
1119717548,OLX,Daihatsu Mira,2004,11.65,https://www.olx.com.pk/item/-iid-1119717548,2026-09-25T14:10,2026-10-01T23:20,11.65
12049695,PakWheels,Suzuki Alto,2000,13.5,https://www.pakwheels.com/used-cars/suzuki-alto-2000-for-sale-in-islamabad-12049695,2026-09-26T00:13,2026-10-01T23:20,13.5
12049644,PakWheels,Mitsubishi Pajero Mini,1997,13.5,https://www.pakwheels.com/used-cars/mitsubishi-pajero-mini-1997-for-sale-in-rawalpindi-12049644,2026-09-26T00:13,2026-10-01T23:20,13.5
11867241,PakWheels,Daihatsu Mira,2007,13.8,https://www.pakwheels.com/used-cars/daihatsu-mira-2007-for-sale-in-rawalpindi-11867241,2026-08-27T13:18,2026-10-01T23:20,13.9
12047362,PakWheels,Daihatsu Mira,2007,14.3,https://www.pakwheels.com/used-cars/daihatsu-mira-2007-for-sale-in-rawalpindi-12047362,2026-09-25T19:34,2026-10-01T23:20,14.7
11965938,PakWheels,Suzuki Alto,2011,14.6,https://www.pakwheels.com/used-cars/suzuki-alto-2011-for-sale-in-islamabad-11965938,2026-09-07T20:00,2026-10-01T23:20,15.8
12047693,PakWheels,Mitsubishi Pajero Mini,2000,15.5,https://www.pakwheels.com/used-cars/mitsubishi-pajero-mini-2000-for-sale-in-rawalpindi-12047693,2026-09-25T19:34,2026-10-01T23:20,15.5
1119729871,OLX,Mitsubishi Pajero Mini,2000,15.5,https://www.olx.com.pk/item/-iid-1119729871,2026-09-26T14:00,2026-10-01T23:20,15.5
11865393,PakWheels,Mitsubishi EK Wagon,2006,15.95,https://www.pakwheels.com/used-cars/mitsubishi-ek-wagon-2006-for-sale-in-rawalpindi-11865393,2026-09-25T14:10,2026-10-01T23:20,15.95
12013467,PakWheels,Daihatsu Mira,2008,16.5,https://www.pakwheels.com/used-cars/daihatsu-mira-2008-for-sale-in-islamabad-12013467,2026-09-25T14:10,2026-10-01T23:20,16.5
12021591,PakWheels,Mitsubishi Pajero Mini,2003,17.0,https://www.pakwheels.com/used-cars/mitsubishi-pajero-mini-2003-for-sale-in-rawalpindi-12021591,2026-09-19T22:55,2026-10-01T23:20,17.0
12050452,PakWheels,Mitsubishi EK Wagon,2007,17.0,https://www.pakwheels.com/used-cars/mitsubishi-ek-wagon-2007-for-sale-in-islamabad-12050452,2026-09-26T14:00,2026-10-01T23:20,17.0
11841782,PakWheels,Mitsubishi EK Wagon,2006,17.75,https://www.pakwheels.com/used-cars/mitsubishi-ek-wagon-2006-for-sale-in-islamabad-11841782,2026-09-26T14:00,2026-10-01T23:20,17.75
11923354,PakWheels,Daihatsu Mira,2006,17.95,https://www.pakwheels.com/used-cars/daihatsu-mira-2006-for-sale-in-islamabad-11923354,2026-08-29T07:32,2026-10-01T23:20,18.5
12046632,PakWheels,Suzuki Wagon R,2007,18.5,https://www.pakwheels.com/used-cars/suzuki-wagon-r-2007-for-sale-in-islamabad-12046632,2026-09-25T14:10,2026-10-01T23:20,18.5
12050690,PakWheels,Mitsubishi EK Wagon,2011,18.7,https://www.pakwheels.com/used-cars/mitsubishi-ek-wagon-2011-for-sale-in-islamabad-12050690,2026-09-26T14:00,2026-10-01T23:20,18.7
11888799,PakWheels,Suzuki Alto,2007,18.75,https://www.pakwheels.com/used-cars/suzuki-alto-2007-for-sale-in-rawalpindi-11888799,2026-09-26T14:00,2026-10-01T23:20,18.75
11857379,PakWheels,Daihatsu Mira,2010,19.0,https://www.pakwheels.com/used-cars/daihatsu-mira-2010-for-sale-in-islamabad-11857379,2026-09-12T13:19,2026-10-01T23:20,19.0
11863193,PakWheels,Daihatsu Move,2011,19.2,https://www.pakwheels.com/used-cars/daihatsu-move-2011-for-sale-in-rawalpindi-11863193,2026-08-15T20:37,2026-10-01T23:20,19.9
11754292,PakWheels,Mitsubishi EK Wagon,2014,19.8,https://www.pakwheels.com/used-cars/mitsubishi-ek-wagon-2014-for-sale-in-islamabad-11754292,2026-09-25T19:34,2026-10-01T23:20,21.5
1119522322,OLX,Toyota Passo,2005,19.85,https://www.olx.com.pk/item/-iid-1119522322,2026-09-26T14:00,2026-10-01T23:20,20.75
1119743932,OLX,Toyota Passo,2014,20.5,https://www.olx.com.pk/item/-iid-1119743932,2026-09-26T14:00,2026-10-01T23:20,20.5
1119740773,OLX,Toyota Vitz,2005,20.5,https://www.olx.com.pk/item/-iid-1119740773,2026-09-26T14:00,2026-10-01T23:20,20.5
11530915,PakWheels,Toyota Vitz,2005,20.75,https://www.pakwheels.com/used-cars/toyota-vitz-2005-for-sale-in-islamabad-11530915,2026-09-25T19:34,2026-10-01T23:20,21.0
12049778,PakWheels,Suzuki Alto,2012,21.5,https://www.pakwheels.com/used-cars/suzuki-alto-2012-for-sale-in-islamabad-12049778,2026-09-26T14:00,2026-10-01T23:20,21.5
1119736445,OLX,Toyota Vitz,2006,21.5,https://www.olx.com.pk/item/-iid-1119736445,2026-09-26T14:00,2026-10-01T23:20,21.5
12024329,PakWheels,Suzuki Alto,2011,21.85,https://www.pakwheels.com/used-cars/suzuki-alto-2011-for-sale-in-rawalpindi-12024329,2026-09-20T18:34,2026-10-01T23:20,21.85
1119738726,OLX,Daihatsu Mira,2019,22.0,https://www.olx.com.pk/item/-iid-1119738726,2026-09-26T14:00,2026-10-01T23:20,22.0
12047164,PakWheels,Suzuki Swift,2013,22.2,https://www.pakwheels.com/used-cars/suzuki-swift-2013-for-sale-in-islamabad-12047164,2026-09-25T19:34,2026-10-01T23:20,22.2
12047190,PakWheels,Suzuki Alto,2014,22.7,https://www.pakwheels.com/used-cars/suzuki-alto-2014-for-sale-in-islamabad-12047190,2026-09-25T19:34,2026-10-01T23:20,22.7
12018014,PakWheels,Suzuki Alto,2012,23.5,https://www.pakwheels.com/used-cars/suzuki-alto-2012-for-sale-in-islamabad-12018014,2026-09-19T13:27,2026-10-01T23:20,23.5
12050528,PakWheels,Suzuki Wagon R,2012,23.5,https://www.pakwheels.com/used-cars/suzuki-wagon-r-2012-for-sale-in-islamabad-12050528,2026-09-26T14:00,2026-10-01T23:20,23.5
11874672,PakWheels,Daihatsu Mira,2012,23.5,https://www.pakwheels.com/used-cars/daihatsu-mira-2012-for-sale-in-rawalpindi-11874672,2026-09-26T00:13,2026-10-01T23:20,23.5
1119749271,OLX,Toyota Belta,2006,23.5,https://www.olx.com.pk/item/-iid-1119749271,2026-09-26T14:00,2026-10-01T23:20,23.5
12048470,PakWheels,Suzuki Alto,2011,23.7,https://www.pakwheels.com/used-cars/suzuki-alto-2011-for-sale-in-islamabad-12048470,2026-09-25T19:34,2026-10-01T23:20,23.7
12050264,PakWheels,Suzuki Wagon R,2015,23.8,https://www.pakwheels.com/used-cars/suzuki-wagon-r-2015-for-sale-in-islamabad-12050264,2026-09-26T14:00,2026-10-01T23:20,23.8
12047070,PakWheels,Suzuki Alto,2020,23.8,https://www.pakwheels.com/used-cars/suzuki-alto-2020-for-sale-in-islamabad-12047070,2026-09-25T19:34,2026-10-01T23:20,23.8
1119730224,OLX,Mazda Carol,2015,23.8,https://www.olx.com.pk/item/-iid-1119730224,2026-09-26T14:00,2026-10-01T23:20,23.8
11917230,PakWheels,Daihatsu Tanto,2015,23.9,https://www.pakwheels.com/used-cars/daihatsu-tanto-2015-for-sale-in-rawalpindi-11917230,2026-08-27T19:54,2026-10-01T23:20,26.5
12046328,PakWheels,Honda N Box,2015,24.0,https://www.pakwheels.com/used-cars/honda-n-box-2015-for-sale-in-rawalpindi-12046328,2026-09-25T19:34,2026-10-01T23:20,24.0
1119734191,OLX,Toyota Vitz,2008,24.0,https://www.olx.com.pk/item/-iid-1119734191,2026-09-26T14:00,2026-10-01T23:20,24.0
11568673,PakWheels,Suzuki Wagon R,2013,25.0,https://www.pakwheels.com/used-cars/suzuki-wagon-r-2013-for-sale-in-rawalpindi-11568673,2026-09-26T14:00,2026-10-01T23:20,25.5
12048784,PakWheels,Daihatsu Move,2013,25.0,https://www.pakwheels.com/used-cars/daihatsu-move-2013-for-sale-in-islamabad-12048784,2026-09-26T00:13,2026-10-01T23:20,25.0
12048024,PakWheels,Mitsubishi EK Custom,2014,25.0,https://www.pakwheels.com/used-cars/mitsubishi-ek-custom-2014-for-sale-in-rawalpindi-12048024,2026-09-25T19:34,2026-10-01T23:20,25.0
11520607,PakWheels,Suzuki Alto,2012,25.0,https://www.pakwheels.com/used-cars/suzuki-alto-2012-for-sale-in-rawalpindi-11520607,2026-09-25T19:34,2026-10-01T23:20,25.0
12047511,PakWheels,Daihatsu Mira ES,2013,25.5,https://www.pakwheels.com/used-cars/daihatsu-mira-2013-for-sale-in-rawalpindi-12047511,2026-09-25T19:34,2026-10-01T23:20,25.5
1119729153,OLX,Daihatsu Mira,2013,25.5,https://www.olx.com.pk/item/-iid-1119729153,2026-09-26T14:00,2026-10-01T23:20,25.5
1119723128,OLX,Suzuki Hustler,2014,25.5,https://www.olx.com.pk/item/-iid-1119723128,2026-09-25T14:10,2026-10-01T23:20,25.5
12049980,PakWheels,Suzuki Wagon R,2016,26.0,https://www.pakwheels.com/used-cars/suzuki-wagon-r-2016-for-sale-in-islamabad-12049980,2026-09-26T14:00,2026-10-01T23:20,26.0
1119718545,OLX,Toyota Vitz,2013,26.35,https://www.olx.com.pk/item/-iid-1119718545,2026-09-25T14:10,2026-10-01T23:20,27.0
1117034004,OLX,Toyota Passo,2012,26.8,https://www.olx.com.pk/item/-iid-1117034004,2026-09-25T14:10,2026-10-01T23:20,26.8
11979651,PakWheels,Suzuki Alto,2019,26.95,https://www.pakwheels.com/used-cars/suzuki-alto-2019-for-sale-in-rawalpindi-11979651,2026-09-10T23:16,2026-10-01T23:20,27.25
12043691,PakWheels,Suzuki Alto,2022,26.95,https://www.pakwheels.com/used-cars/suzuki-alto-2022-for-sale-in-islamabad-12043691,2026-09-25T19:34,2026-10-01T23:20,26.95
11988618,PakWheels,Suzuki Wagon R,2021,27.49,https://www.pakwheels.com/used-cars/suzuki-wagon-r-2021-for-sale-in-rawalpindi-11988618,2026-09-12T17:49,2026-10-01T23:20,27.79
12049466,PakWheels,Suzuki Wagon R,2014,27.5,https://www.pakwheels.com/used-cars/suzuki-wagon-r-2014-for-sale-in-islamabad-12049466,2026-09-26T00:13,2026-10-01T23:20,27.75
12046365,PakWheels,Suzuki Alto,2023,27.7,https://www.pakwheels.com/used-cars/suzuki-alto-2023-for-sale-in-islamabad-12046365,2026-09-25T14:10,2026-10-01T23:20,28.0
12047418,PakWheels,Suzuki Alto,2020,28.0,https://www.pakwheels.com/used-cars/suzuki-alto-2020-for-sale-in-rawalpindi-12047418,2026-09-28T15:06,2026-10-01T23:20,28.0
12048168,PakWheels,Daihatsu Move,2015,28.5,https://www.pakwheels.com/used-cars/daihatsu-move-2015-for-sale-in-islamabad-12048168,2026-09-25T19:34,2026-10-01T23:20,28.5
12050290,PakWheels,Suzuki Alto,2021,28.6,https://www.pakwheels.com/used-cars/suzuki-alto-2021-for-sale-in-islamabad-12050290,2026-09-26T14:00,2026-10-01T23:20,28.6
12014191,PakWheels,Toyota Vitz,2012,28.7,https://www.pakwheels.com/used-cars/toyota-vitz-2012-for-sale-in-islamabad-12014191,2026-09-18T18:34,2026-10-01T23:20,28.7
12048068,PakWheels,Suzuki Alto,2022,29.0,https://www.pakwheels.com/used-cars/suzuki-alto-2022-for-sale-in-islamabad-12048068,2026-09-25T19:34,2026-10-01T23:20,29.0
11919142,PakWheels,Toyota Passo,2014,29.45,https://www.pakwheels.com/used-cars/toyota-passo-2014-for-sale-in-islamabad-11919142,2026-09-25T19:34,2026-10-01T23:20,29.45
1119739894,OLX,Daihatsu Boon,2013,29.75,https://www.olx.com.pk/item/-iid-1119739894,2026-09-26T14:00,2026-10-01T23:20,29.75
12049605,PakWheels,Suzuki Alto,2023,29.85,https://www.pakwheels.com/used-cars/suzuki-alto-2023-for-sale-in-rawalpindi-12049605,2026-09-26T00:13,2026-10-01T23:20,29.85
12045183,PakWheels,Mitsubishi Pajero Mini,1995,11.3,https://www.pakwheels.com/used-cars/mitsubishi-pajero-mini-1995-for-sale-in-islamabad-12045183,2026-09-24T23:58,2026-10-01T23:20,11.3
1119708818,OLX,Suzuki Alto,2005,12.9,https://www.olx.com.pk/item/-iid-1119708818,2026-09-25T14:10,2026-10-01T23:20,12.9
11040395,PakWheels,Suzuki Alto,2006,14.8,https://www.pakwheels.com/used-cars/suzuki-alto-2006-for-sale-in-islamabad-11040395,2026-09-24T23:58,2026-10-01T23:20,14.8
12043463,PakWheels,Daihatsu Mira,2005,14.95,https://www.pakwheels.com/used-cars/daihatsu-mira-2005-for-sale-in-rawalpindi-12043463,2026-09-24T19:10,2026-10-01T23:20,14.95
1117299262,OLX,Nissan March,2006,15.5,https://www.olx.com.pk/item/-iid-1117299262,2026-09-21T14:18,2026-10-01T23:20,15.5
1119555981,OLX,Daihatsu Mira,2008,16.89,https://www.olx.com.pk/item/-iid-1119555981,2026-09-21T14:18,2026-10-01T23:20,16.89
1119644606,OLX,Nissan March,2007,18.0,https://www.olx.com.pk/item/-iid-1119644606,2026-09-23T13:58,2026-10-01T23:20,18.0
11483899,PakWheels,Mitsubishi EK Wagon,2009,18.2,https://www.pakwheels.com/used-cars/mitsubishi-ek-wagon-2009-for-sale-in-rawalpindi-11483899,2026-09-24T19:10,2026-10-01T23:20,18.2
12045987,PakWheels,Suzuki Alto,2007,18.3,https://www.pakwheels.com/used-cars/suzuki-alto-2007-for-sale-in-rawalpindi-12045987,2026-09-25T14:10,2026-10-01T23:20,18.3
1119685013,OLX,Toyota Passo,2006,18.89,https://www.olx.com.pk/item/-iid-1119685013,2026-09-24T13:49,2026-10-01T23:20,18.89
11852332,PakWheels,Daihatsu Mira,2014,20.0,https://www.pakwheels.com/used-cars/daihatsu-mira-2014-for-sale-in-rawalpindi-11852332,2026-09-24T19:10,2026-10-01T23:20,20.0
12042868,PakWheels,Suzuki Wagon R,2016,20.25,https://www.pakwheels.com/used-cars/suzuki-wagon-r-2016-for-sale-in-rawalpindi-12042868,2026-09-24T19:10,2026-10-01T23:20,20.25
12035771,PakWheels,Mitsubishi EK Wagon,2007,21.0,https://www.pakwheels.com/used-cars/mitsubishi-ek-wagon-2007-for-sale-in-rawalpindi-12035771,2026-09-22T23:42,2026-10-01T23:20,21.0
11858255,PakWheels,Suzuki Alto,2011,21.5,https://www.pakwheels.com/used-cars/suzuki-alto-2011-for-sale-in-islamabad-11858255,2026-08-14T18:27,2026-10-01T23:20,22.3
11717445,PakWheels,Toyota Belta,2007,21.9,https://www.pakwheels.com/used-cars/toyota-belta-2007-for-sale-in-rawalpindi-11717445,2026-09-24T19:10,2026-10-01T23:20,21.9
1119606987,OLX,Daihatsu Boon,2007,22.0,https://www.olx.com.pk/item/-iid-1119606987,2026-09-23T13:58,2026-10-01T23:20,22.0
12043534,PakWheels,Suzuki Alto,2013,22.5,https://www.pakwheels.com/used-cars/suzuki-alto-2013-for-sale-in-rawalpindi-12043534,2026-09-24T19:10,2026-10-01T23:20,22.5
12008999,PakWheels,Suzuki Swift,2010,22.5,https://www.pakwheels.com/used-cars/suzuki-swift-2010-for-sale-in-rawalpindi-12008999,2026-09-17T14:04,2026-10-01T23:20,22.5
1119636261,OLX,Daihatsu Mira,2015,22.5,https://www.olx.com.pk/item/-iid-1119636261,2026-09-23T13:58,2026-10-01T23:20,22.5
1119699835,OLX,Nissan Moco,2014,22.65,https://www.olx.com.pk/item/-iid-1119699835,2026-09-25T14:10,2026-10-01T23:20,22.65
12044942,PakWheels,Suzuki Wagon R,2012,22.95,https://www.pakwheels.com/used-cars/suzuki-wagon-r-2012-for-sale-in-islamabad-12044942,2026-09-24T23:58,2026-10-01T23:20,22.95
1119683849,OLX,Toyota Vitz,2008,23.0,https://www.olx.com.pk/item/-iid-1119683849,2026-09-24T13:49,2026-10-01T23:20,23.0
12044122,PakWheels,Nissan Moco,2012,23.5,https://www.pakwheels.com/used-cars/nissan-moco-2012-for-sale-in-islamabad-12044122,2026-09-24T19:10,2026-10-01T23:20,23.5
12043599,PakWheels,Suzuki Swift,2014,24.2,https://www.pakwheels.com/used-cars/suzuki-swift-2014-for-sale-in-rawalpindi-12043599,2026-09-24T19:10,2026-10-01T23:20,24.5
12042021,PakWheels,Suzuki Wagon R,2014,24.85,https://www.pakwheels.com/used-cars/suzuki-wagon-r-2014-for-sale-in-islamabad-12042021,2026-09-24T13:49,2026-10-01T23:20,25.25
12013312,PakWheels,Suzuki Swift,2014,24.9,https://www.pakwheels.com/used-cars/suzuki-swift-2014-for-sale-in-islamabad-12013312,2026-09-18T13:37,2026-10-01T23:20,25.25
12045254,PakWheels,Nissan Dayz,2013,25.0,https://www.pakwheels.com/used-cars/nissan-dayz-2013-for-sale-in-rawalpindi-12045254,2026-09-24T23:58,2026-10-01T23:20,25.0
12044802,PakWheels,Daihatsu Mira ES,2012,25.0,https://www.pakwheels.com/used-cars/daihatsu-mira-2012-for-sale-in-rawalpindi-12044802,2026-09-24T23:58,2026-10-01T23:20,25.0
1119656739,OLX,Nissan Dayz,2013,25.0,https://www.olx.com.pk/item/-iid-1119656739,2026-09-24T13:49,2026-10-01T23:20,25.0
1119616414,OLX,Nissan Dayz,2016,25.0,https://www.olx.com.pk/item/-iid-1119616414,2026-09-23T13:58,2026-10-01T23:20,26.0
12044743,PakWheels,Suzuki Alto,2018,25.5,https://www.pakwheels.com/used-cars/suzuki-alto-2018-for-sale-in-islamabad-12044743,2026-09-24T23:58,2026-10-01T23:20,25.5
12043359,PakWheels,Suzuki Alto,2015,25.5,https://www.pakwheels.com/used-cars/suzuki-alto-2015-for-sale-in-rawalpindi-12043359,2026-09-24T19:10,2026-10-01T23:20,25.9
1118461708,OLX,Toyota Passo,2012,25.5,https://www.olx.com.pk/item/-iid-1118461708,2026-09-25T14:10,2026-10-01T23:20,25.5
1119561416,OLX,Toyota Pixis,2013,25.95,https://www.olx.com.pk/item/-iid-1119561416,2026-09-21T14:18,2026-10-01T23:20,25.95
1119677141,OLX,Toyota Vitz,2010,26.0,https://www.olx.com.pk/item/-iid-1119677141,2026-09-24T13:49,2026-10-01T23:20,26.0
12043532,PakWheels,Nissan Dayz,2016,26.5,https://www.pakwheels.com/used-cars/nissan-dayz-2016-for-sale-in-islamabad-12043532,2026-09-24T19:10,2026-10-01T23:20,26.5
1119677833,OLX,Toyota Vitz,2012,26.5,https://www.olx.com.pk/item/-iid-1119677833,2026-09-24T13:49,2026-10-01T23:20,26.5
1119577785,OLX,Toyota Passo,2016,26.7,https://www.olx.com.pk/item/-iid-1119577785,2026-09-22T13:57,2026-10-01T23:20,26.7
1119623064,OLX,Nissan Dayz,2017,26.75,https://www.olx.com.pk/item/-iid-1119623064,2026-09-23T13:58,2026-10-01T23:20,26.75
1119572605,OLX,Suzuki Hustler,2015,26.9,https://www.olx.com.pk/item/-iid-1119572605,2026-09-22T13:57,2026-10-01T23:20,26.9
1119574769,OLX,Suzuki Hustler,2014,27.25,https://www.olx.com.pk/item/-iid-1119574769,2026-09-22T13:57,2026-10-01T23:20,27.25
12045128,PakWheels,Daihatsu Cast,2018,27.5,https://www.pakwheels.com/used-cars/daihatsu-cast-2018-for-sale-in-rawalpindi-12045128,2026-09-24T23:58,2026-10-01T23:20,27.5
1119602258,OLX,Suzuki Hustler,2016,27.9,https://www.olx.com.pk/item/-iid-1119602258,2026-09-22T13:57,2026-10-01T23:20,27.9
1119628424,OLX,Suzuki Hustler,2017,28.0,https://www.olx.com.pk/item/-iid-1119628424,2026-09-23T13:58,2026-10-01T23:20,28.0
1119696115,OLX,Toyota Passo,2015,28.0,https://www.olx.com.pk/item/-iid-1119696115,2026-09-25T14:10,2026-10-01T23:20,28.0
12043132,PakWheels,Suzuki Alto,2016,28.5,https://www.pakwheels.com/used-cars/suzuki-alto-2016-for-sale-in-rawalpindi-12043132,2026-09-24T19:10,2026-10-01T23:20,28.5
1119704600,OLX,Toyota Vitz,2013,28.5,https://www.olx.com.pk/item/-iid-1119704600,2026-09-25T14:10,2026-10-01T23:20,28.5
10196976,PakWheels,Toyota Vitz,2014,28.8,https://www.pakwheels.com/used-cars/toyota-vitz-2014-for-sale-in-rawalpindi-10196976,2026-09-24T19:10,2026-10-01T23:20,28.8
11979650,PakWheels,Suzuki Alto,2023,29.0,https://www.pakwheels.com/used-cars/suzuki-alto-2023-for-sale-in-islamabad-11979650,2026-09-25T14:10,2026-10-01T23:20,29.0
12043451,PakWheels,Suzuki Alto,2022,29.15,https://www.pakwheels.com/used-cars/suzuki-alto-2022-for-sale-in-islamabad-12043451,2026-09-26T18:44,2026-10-01T23:20,29.9
12034013,PakWheels,Suzuki Alto,2024,29.5,https://www.pakwheels.com/used-cars/suzuki-alto-2024-for-sale-in-rawalpindi-12034013,2026-09-22T19:01,2026-10-01T23:20,29.5
12037567,PakWheels,Suzuki Alto,2005,10.6,https://www.pakwheels.com/used-cars/suzuki-alto-2005-for-sale-in-islamabad-12037567,2026-09-23T19:12,2026-10-01T23:20,10.6
12038085,PakWheels,Daihatsu Mira,2008,16.9,https://www.pakwheels.com/used-cars/daihatsu-mira-2008-for-sale-in-islamabad-12038085,2026-09-23T19:12,2026-10-01T23:20,17.0
12037094,PakWheels,Daihatsu Move,2008,17.0,https://www.pakwheels.com/used-cars/daihatsu-move-latte-2008-for-sale-in-rawalpindi-12037094,2026-09-23T13:58,2026-10-01T23:20,17.0
11794103,PakWheels,Suzuki Alto,2007,18.0,https://www.pakwheels.com/used-cars/suzuki-alto-2007-for-sale-in-rawalpindi-11794103,2026-08-27T13:18,2026-10-01T23:20,18.0
12039803,PakWheels,Suzuki Alto,2011,18.5,https://www.pakwheels.com/used-cars/suzuki-alto-2011-for-sale-in-islamabad-12039803,2026-09-23T23:58,2026-10-01T23:20,19.5
12039664,PakWheels,Suzuki Alto,2007,18.8,https://www.pakwheels.com/used-cars/suzuki-alto-2007-for-sale-in-rawalpindi-12039664,2026-09-23T23:58,2026-10-01T23:20,18.8
12039009,PakWheels,Suzuki Alto,2006,19.1,https://www.pakwheels.com/used-cars/suzuki-alto-2006-for-sale-in-islamabad-12039009,2026-09-23T19:12,2026-10-01T23:20,19.7
11978349,PakWheels,Daihatsu Mira ES,2012,21.0,https://www.pakwheels.com/used-cars/daihatsu-mira-2012-for-sale-in-islamabad-11978349,2026-09-16T23:49,2026-10-01T23:20,21.5
12040771,PakWheels,Suzuki Alto,2011,21.5,https://www.pakwheels.com/used-cars/suzuki-alto-2011-for-sale-in-islamabad-12040771,2026-09-24T13:49,2026-10-01T23:20,22.0
12037939,PakWheels,Suzuki Alto,2014,22.6,https://www.pakwheels.com/used-cars/suzuki-alto-2014-for-sale-in-rawalpindi-12037939,2026-09-23T19:12,2026-10-01T23:20,22.6
12037487,PakWheels,Daihatsu Mira,2009,23.0,https://www.pakwheels.com/used-cars/daihatsu-mira-2009-for-sale-in-islamabad-12037487,2026-09-23T19:12,2026-10-01T23:20,23.0
12038305,PakWheels,Daihatsu Mira ES,2012,23.2,https://www.pakwheels.com/used-cars/daihatsu-mira-2012-for-sale-in-islamabad-12038305,2026-09-23T19:12,2026-10-01T23:20,23.2
12037354,PakWheels,Suzuki Alto,2014,23.5,https://www.pakwheels.com/used-cars/suzuki-alto-2014-for-sale-in-rawalpindi-12037354,2026-09-23T13:58,2026-10-01T23:20,23.5
12040795,PakWheels,Suzuki Alto,2021,25.0,https://www.pakwheels.com/used-cars/suzuki-alto-2021-for-sale-in-rawalpindi-12040795,2026-09-24T13:49,2026-10-01T23:20,25.0
12039139,PakWheels,Suzuki Alto,2022,25.2,https://www.pakwheels.com/used-cars/suzuki-alto-2022-for-sale-in-rawalpindi-12039139,2026-09-23T19:12,2026-10-01T23:20,25.2
12039395,PakWheels,Suzuki Alto,2022,25.5,https://www.pakwheels.com/used-cars/suzuki-alto-2022-for-sale-in-rawalpindi-12039395,2026-09-23T23:58,2026-10-01T23:20,25.5
12037694,PakWheels,Suzuki Alto,2022,25.85,https://www.pakwheels.com/used-cars/suzuki-alto-2022-for-sale-in-islamabad-12037694,2026-09-23T19:12,2026-10-01T23:20,26.15
12038162,PakWheels,Suzuki Alto,2019,25.95,https://www.pakwheels.com/used-cars/suzuki-alto-2019-for-sale-in-rawalpindi-12038162,2026-09-23T19:12,2026-10-01T23:20,26.5
12036945,PakWheels,Suzuki Alto,2022,27.0,https://www.pakwheels.com/used-cars/suzuki-alto-2022-for-sale-in-islamabad-12036945,2026-09-23T19:12,2026-10-01T23:20,27.0
12039210,PakWheels,Suzuki Alto,2022,27.15,https://www.pakwheels.com/used-cars/suzuki-alto-2022-for-sale-in-islamabad-12039210,2026-09-23T19:12,2026-10-01T23:20,27.25
12036962,PakWheels,Suzuki Alto,2022,27.5,https://www.pakwheels.com/used-cars/suzuki-alto-2022-for-sale-in-islamabad-12036962,2026-09-23T13:58,2026-10-01T23:20,27.5
12035860,PakWheels,Suzuki Wagon R,2017,28.5,https://www.pakwheels.com/used-cars/suzuki-wagon-r-2017-for-sale-in-islamabad-12035860,2026-09-23T13:58,2026-10-01T23:20,28.5
12038284,PakWheels,Suzuki Alto,2023,28.7,https://www.pakwheels.com/used-cars/suzuki-alto-2023-for-sale-in-rawalpindi-12038284,2026-09-23T19:12,2026-10-01T23:20,28.7
12039767,PakWheels,Suzuki Alto,2022,29.4,https://www.pakwheels.com/used-cars/suzuki-alto-2022-for-sale-in-islamabad-12039767,2026-09-23T23:58,2026-10-01T23:20,29.4
12039292,PakWheels,Suzuki Wagon R,2014,29.5,https://www.pakwheels.com/used-cars/suzuki-wagon-r-2014-for-sale-in-islamabad-12039292,2026-09-23T23:58,2026-10-01T23:20,29.5
12039448,PakWheels,Suzuki Swift,2018,29.5,https://www.pakwheels.com/used-cars/suzuki-swift-2018-for-sale-in-islamabad-12039448,2026-09-23T23:58,2026-10-01T23:20,29.5
12039203,PakWheels,Honda N One,2016,30.0,https://www.pakwheels.com/used-cars/honda-n-one-2016-for-sale-in-islamabad-12039203,2026-09-23T19:12,2026-10-01T23:20,30.0
12033895,PakWheels,Suzuki Alto,1993,6.8,https://www.pakwheels.com/used-cars/suzuki-alto-1993-for-sale-in-islamabad-12033895,2026-09-22T19:01,2026-10-01T23:20,6.8
12034194,PakWheels,Honda Life,1999,12.0,https://www.pakwheels.com/used-cars/honda-life-1999-for-sale-in-islamabad-12034194,2026-09-22T19:01,2026-10-01T23:20,12.0
11614286,PakWheels,Suzuki Alto,2002,12.5,https://www.pakwheels.com/used-cars/suzuki-alto-2002-for-sale-in-rawalpindi-11614286,2026-08-27T13:18,2026-10-01T23:20,12.5
12036220,PakWheels,Suzuki Alto,2007,12.5,https://www.pakwheels.com/used-cars/suzuki-alto-2007-for-sale-in-islamabad-12036220,2026-09-23T13:58,2026-10-01T23:20,12.5
12034856,PakWheels,Suzuki Alto,2000,15.5,https://www.pakwheels.com/used-cars/suzuki-alto-2000-for-sale-in-islamabad-12034856,2026-09-22T23:42,2026-10-01T23:20,15.5
12034650,PakWheels,Mazda Carol,2008,18.5,https://www.pakwheels.com/used-cars/mazda-carol-2008-for-sale-in-islamabad-12034650,2026-09-22T19:01,2026-10-01T23:20,19.0
12032382,PakWheels,Daihatsu Mira,2007,18.5,https://www.pakwheels.com/used-cars/daihatsu-mira-2007-for-sale-in-islamabad-12032382,2026-09-22T13:57,2026-10-01T23:20,18.5
12033266,PakWheels,Suzuki Palette,2012,19.8,https://www.pakwheels.com/used-cars/suzuki-palette-2012-for-sale-in-islamabad-12033266,2026-09-22T19:01,2026-10-01T23:20,19.8
11988615,PakWheels,Daihatsu Mira ES,2012,21.5,https://www.pakwheels.com/used-cars/daihatsu-mira-2012-for-sale-in-islamabad-11988615,2026-09-12T17:49,2026-10-01T23:20,22.5
12034239,PakWheels,Subaru Pleo,2012,22.8,https://www.pakwheels.com/used-cars/subaru-pleo-2012-for-sale-in-islamabad-12034239,2026-09-22T19:01,2026-10-01T23:20,22.8
11912173,PakWheels,Mazda Flair,2014,23.0,https://www.pakwheels.com/used-cars/mazda-flair-2014-for-sale-in-rawalpindi-11912173,2026-08-26T18:31,2026-10-01T23:20,23.75
12034281,PakWheels,Suzuki Wagon R,2011,23.6,https://www.pakwheels.com/used-cars/suzuki-wagon-r-2011-for-sale-in-rawalpindi-12034281,2026-09-22T19:01,2026-10-01T23:20,23.6
12036600,PakWheels,Suzuki Spacia,2014,24.0,https://www.pakwheels.com/used-cars/suzuki-spacia-2014-for-sale-in-islamabad-12036600,2026-09-23T13:58,2026-10-01T23:20,24.0
12036309,PakWheels,Daihatsu Mira ES,2013,24.0,https://www.pakwheels.com/used-cars/daihatsu-mira-2013-for-sale-in-rawalpindi-12036309,2026-09-23T13:58,2026-10-01T23:20,24.0
12033233,PakWheels,Suzuki Wagon R,2013,24.5,https://www.pakwheels.com/used-cars/suzuki-wagon-r-2013-for-sale-in-islamabad-12033233,2026-09-22T19:01,2026-10-01T23:20,24.5
12036447,PakWheels,Suzuki Alto,2011,24.75,https://www.pakwheels.com/used-cars/suzuki-alto-2011-for-sale-in-islamabad-12036447,2026-09-23T13:58,2026-10-01T23:20,24.75
12035071,PakWheels,Suzuki Hustler,2014,27.25,https://www.pakwheels.com/used-cars/suzuki-hustler-2014-for-sale-in-rawalpindi-12035071,2026-09-22T23:42,2026-10-01T23:20,27.25
11840295,PakWheels,Suzuki Alto,2017,27.5,https://www.pakwheels.com/used-cars/suzuki-alto-2017-for-sale-in-islamabad-11840295,2026-09-23T13:58,2026-10-01T23:20,27.5
12036701,PakWheels,Suzuki Hustler,2017,28.0,https://www.pakwheels.com/used-cars/suzuki-hustler-2017-for-sale-in-rawalpindi-12036701,2026-09-23T13:58,2026-10-01T23:20,28.0
12036187,PakWheels,Suzuki Alto,2021,28.0,https://www.pakwheels.com/used-cars/suzuki-alto-2021-for-sale-in-rawalpindi-12036187,2026-09-23T13:58,2026-10-01T23:20,28.0
12036667,PakWheels,Suzuki Wagon R,2022,28.0,https://www.pakwheels.com/used-cars/suzuki-wagon-r-2022-for-sale-in-islamabad-12036667,2026-09-23T13:58,2026-10-01T23:20,28.99
12034299,PakWheels,Suzuki Alto,2013,29.0,https://www.pakwheels.com/used-cars/suzuki-alto-2013-for-sale-in-rawalpindi-12034299,2026-09-22T19:01,2026-10-01T23:20,29.0
12035073,PakWheels,Suzuki Alto,2025,29.8,https://www.pakwheels.com/used-cars/suzuki-alto-2025-for-sale-in-rawalpindi-12035073,2026-09-22T23:42,2026-10-01T23:20,29.8
11890448,PakWheels,Suzuki Alto,2004,9.4,https://www.pakwheels.com/used-cars/suzuki-alto-2004-for-sale-in-islamabad-11890448,2026-09-21T20:51,2026-10-01T23:20,9.8
12031592,PakWheels,Suzuki Alto,2008,10.0,https://www.pakwheels.com/used-cars/suzuki-alto-2008-for-sale-in-islamabad-12031592,2026-09-22T02:54,2026-10-01T23:20,10.0
12031293,PakWheels,Mitsubishi Pajero Mini,1995,10.5,https://www.pakwheels.com/used-cars/mitsubishi-pajero-mini-1995-for-sale-in-rawalpindi-12031293,2026-09-22T02:54,2026-10-01T23:20,10.5
12029977,PakWheels,Mitsubishi Pajero Mini,1996,12.2,https://www.pakwheels.com/used-cars/mitsubishi-pajero-mini-1996-for-sale-in-islamabad-12029977,2026-09-21T20:51,2026-10-01T23:20,12.2
11660476,PakWheels,Suzuki Alto,2006,13.15,https://www.pakwheels.com/used-cars/suzuki-alto-2006-for-sale-in-islamabad-11660476,2026-08-27T13:18,2026-10-01T23:20,13.15
11679254,PakWheels,Suzuki Alto,2005,14.6,https://www.pakwheels.com/used-cars/suzuki-alto-2005-for-sale-in-islamabad-11679254,2026-09-21T20:51,2026-10-01T23:20,14.6
12027853,PakWheels,Suzuki Alto,2012,15.0,https://www.pakwheels.com/used-cars/suzuki-alto-2012-for-sale-in-rawalpindi-12027853,2026-09-21T14:18,2026-10-01T23:20,15.0
11988670,PakWheels,Suzuki Kei,2002,15.5,https://www.pakwheels.com/used-cars/suzuki-kei-2002-for-sale-in-islamabad-11988670,2026-09-12T17:49,2026-10-01T23:20,15.5
12031482,PakWheels,Nissan Otti,2007,18.0,https://www.pakwheels.com/used-cars/nissan-otti-2007-for-sale-in-rawalpindi-12031482,2026-09-22T02:54,2026-10-01T23:20,18.0
12031326,PakWheels,Daihatsu Move,2007,18.0,https://www.pakwheels.com/used-cars/daihatsu-move-2007-for-sale-in-islamabad-12031326,2026-09-22T02:54,2026-10-01T23:20,18.0
11931020,PakWheels,Daihatsu Mira,2010,18.25,https://www.pakwheels.com/used-cars/daihatsu-mira-2010-for-sale-in-rawalpindi-11931020,2026-09-21T20:51,2026-10-01T23:20,18.25
11730820,PakWheels,Nissan Moco,2012,21.0,https://www.pakwheels.com/used-cars/nissan-moco-2012-for-sale-in-islamabad-11730820,2026-09-21T14:18,2026-10-01T23:20,21.0
11988708,PakWheels,Toyota Vitz,1999,21.5,https://www.pakwheels.com/used-cars/toyota-vitz-1999-for-sale-in-islamabad-11988708,2026-09-21T20:51,2026-10-01T23:20,21.5
12028537,PakWheels,Nissan Moco,2014,23.8,https://www.pakwheels.com/used-cars/nissan-moco-2014-for-sale-in-rawalpindi-12028537,2026-09-21T20:51,2026-10-01T23:20,23.8
12028406,PakWheels,Suzuki Alto,2014,24.9,https://www.pakwheels.com/used-cars/suzuki-alto-2014-for-sale-in-islamabad-12028406,2026-09-21T20:51,2026-10-01T23:20,24.9
12027951,PakWheels,Nissan Dayz,2015,25.0,https://www.pakwheels.com/used-cars/nissan-dayz-2015-for-sale-in-islamabad-12027951,2026-09-21T14:18,2026-10-01T23:20,25.0
12028590,PakWheels,Daihatsu Mira,2012,25.5,https://www.pakwheels.com/used-cars/daihatsu-mira-2012-for-sale-in-rawalpindi-12028590,2026-09-21T20:51,2026-10-01T23:20,25.5
12028643,PakWheels,Daihatsu Mira,2012,25.55,https://www.pakwheels.com/used-cars/daihatsu-mira-2012-for-sale-in-rawalpindi-12028643,2026-09-21T20:51,2026-10-01T23:20,25.55
11997935,PakWheels,Suzuki Alto,2013,25.8,https://www.pakwheels.com/used-cars/suzuki-alto-2013-for-sale-in-rawalpindi-11997935,2026-09-14T20:51,2026-10-01T23:20,26.5
11988060,PakWheels,Mitsubishi EK Wagon,2015,25.85,https://www.pakwheels.com/used-cars/mitsubishi-ek-wagon-2015-for-sale-in-islamabad-11988060,2026-09-12T17:49,2026-10-01T23:20,25.85
12028044,PakWheels,Toyota Pixis,2013,25.95,https://www.pakwheels.com/used-cars/toyota-pixis-epoch-2013-for-sale-in-rawalpindi-12028044,2026-09-21T14:18,2026-10-01T23:20,25.95
11284955,PakWheels,Suzuki Alto,2019,26.5,https://www.pakwheels.com/used-cars/suzuki-alto-2019-for-sale-in-islamabad-11284955,2026-09-22T13:57,2026-10-01T23:20,26.5
12029317,PakWheels,Suzuki Hustler,2015,26.9,https://www.pakwheels.com/used-cars/suzuki-hustler-2015-for-sale-in-islamabad-12029317,2026-09-21T20:51,2026-10-01T23:20,26.9
11922748,PakWheels,Suzuki Alto,2020,27.0,https://www.pakwheels.com/used-cars/suzuki-alto-2020-for-sale-in-islamabad-11922748,2026-09-21T20:51,2026-10-01T23:20,27.0
12031191,PakWheels,Daihatsu Mira,2016,27.5,https://www.pakwheels.com/used-cars/daihatsu-mira-2016-for-sale-in-islamabad-12031191,2026-09-22T13:57,2026-10-01T23:20,27.5
11587345,PakWheels,Suzuki Alto,2021,28.0,https://www.pakwheels.com/used-cars/suzuki-alto-2021-for-sale-in-rawalpindi-11587345,2026-09-21T20:51,2026-10-01T23:20,28.0
12020595,PakWheels,Suzuki Alto,2024,28.7,https://www.pakwheels.com/used-cars/suzuki-alto-2024-for-sale-in-rawalpindi-12020595,2026-09-19T22:55,2026-10-01T23:20,28.7
12025383,PakWheels,Suzuki Alto,2007,11.4,https://www.pakwheels.com/used-cars/suzuki-alto-2007-for-sale-in-islamabad-12025383,2026-09-20T23:11,2026-10-01T23:20,11.4
12025371,PakWheels,Suzuki Alto,2005,12.9,https://www.pakwheels.com/used-cars/suzuki-alto-2005-for-sale-in-rawalpindi-12025371,2026-09-20T23:11,2026-10-01T23:20,12.9
12026578,PakWheels,Daihatsu Mira,2007,17.49,https://www.pakwheels.com/used-cars/daihatsu-mira-2007-for-sale-in-islamabad-12026578,2026-09-21T14:18,2026-10-01T23:20,17.49
12025642,PakWheels,Mitsubishi EK Wagon,2007,17.5,https://www.pakwheels.com/used-cars/mitsubishi-ek-wagon-2007-for-sale-in-rawalpindi-12025642,2026-09-20T23:11,2026-10-01T23:20,18.0
11899026,PakWheels,Daihatsu Mira,2009,17.5,https://www.pakwheels.com/used-cars/daihatsu-mira-2009-for-sale-in-islamabad-11899026,2026-09-20T18:34,2026-10-01T23:20,17.5
12025436,PakWheels,Suzuki Wagon R,2004,17.5,https://www.pakwheels.com/used-cars/suzuki-wagon-r-2004-for-sale-in-islamabad-12025436,2026-09-20T23:11,2026-10-01T23:20,17.5
12025350,PakWheels,Suzuki Alto,2007,17.5,https://www.pakwheels.com/used-cars/suzuki-alto-2007-for-sale-in-islamabad-12025350,2026-09-20T23:11,2026-10-01T23:20,17.5
12025339,PakWheels,Daihatsu Mira,2007,17.9,https://www.pakwheels.com/used-cars/daihatsu-mira-2007-for-sale-in-islamabad-12025339,2026-09-20T23:11,2026-10-01T23:20,19.0
12025990,PakWheels,Suzuki Alto,2012,18.5,https://www.pakwheels.com/used-cars/suzuki-alto-2012-for-sale-in-rawalpindi-12025990,2026-09-20T23:11,2026-10-01T23:20,18.5
12024390,PakWheels,Daihatsu Mira,2009,19.0,https://www.pakwheels.com/used-cars/daihatsu-mira-2009-for-sale-in-islamabad-12024390,2026-09-20T18:34,2026-10-01T23:20,19.0
12018763,PakWheels,Honda Life,2008,19.0,https://www.pakwheels.com/used-cars/honda-life-2008-for-sale-in-islamabad-12018763,2026-09-20T18:34,2026-10-01T23:20,19.5
12024612,PakWheels,Nissan Pino,2007,19.5,https://www.pakwheels.com/used-cars/nissan-pino-2007-for-sale-in-rawalpindi-12024612,2026-09-20T18:34,2026-10-01T23:20,19.5
12024508,PakWheels,Mitsubishi EK Wagon,2013,19.5,https://www.pakwheels.com/used-cars/mitsubishi-ek-wagon-2013-for-sale-in-rawalpindi-12024508,2026-09-20T18:34,2026-10-01T23:20,19.5
12025478,PakWheels,Honda Life,2007,19.8,https://www.pakwheels.com/used-cars/honda-life-2007-for-sale-in-rawalpindi-12025478,2026-09-20T23:11,2026-10-01T23:20,19.8
12024247,PakWheels,Suzuki Alto,2008,19.8,https://www.pakwheels.com/used-cars/suzuki-alto-2008-for-sale-in-islamabad-12024247,2026-09-20T18:34,2026-10-01T23:20,19.8
12027098,PakWheels,Suzuki Alto,2010,22.5,https://www.pakwheels.com/used-cars/suzuki-alto-2010-for-sale-in-rawalpindi-12027098,2026-09-21T14:18,2026-10-01T23:20,22.5
12026876,PakWheels,Subaru Pleo,2012,22.5,https://www.pakwheels.com/used-cars/subaru-pleo-2012-for-sale-in-islamabad-12026876,2026-09-21T14:18,2026-10-01T23:20,22.5
12026490,PakWheels,Suzuki Alto,2013,23.0,https://www.pakwheels.com/used-cars/suzuki-alto-2013-for-sale-in-islamabad-12026490,2026-09-21T14:18,2026-10-01T23:20,23.8
12024942,PakWheels,Nissan Dayz,2014,23.0,https://www.pakwheels.com/used-cars/nissan-dayz-2014-for-sale-in-islamabad-12024942,2026-09-20T18:34,2026-10-01T23:20,23.0
11712678,PakWheels,Suzuki Alto,2015,23.5,https://www.pakwheels.com/used-cars/suzuki-alto-2015-for-sale-in-islamabad-11712678,2026-09-20T23:11,2026-10-01T23:20,23.5
12024215,PakWheels,Suzuki Alto,2013,23.5,https://www.pakwheels.com/used-cars/suzuki-alto-2013-for-sale-in-islamabad-12024215,2026-09-20T18:34,2026-10-01T23:20,23.5
12027279,PakWheels,Suzuki Alto,2013,23.75,https://www.pakwheels.com/used-cars/suzuki-alto-2013-for-sale-in-islamabad-12027279,2026-09-21T14:18,2026-10-01T23:20,23.75
12026738,PakWheels,Nissan Dayz,2014,24.0,https://www.pakwheels.com/used-cars/nissan-dayz-2014-for-sale-in-islamabad-12026738,2026-09-21T14:18,2026-10-01T23:20,24.0
12026016,PakWheels,Suzuki Hustler,2014,24.5,https://www.pakwheels.com/used-cars/suzuki-hustler-2014-for-sale-in-islamabad-12026016,2026-09-20T23:11,2026-10-01T23:20,24.5
12023819,PakWheels,Nissan Dayz,2013,24.7,https://www.pakwheels.com/used-cars/nissan-dayz-2013-for-sale-in-islamabad-12023819,2026-09-20T18:34,2026-10-01T23:20,24.7
12023293,PakWheels,Suzuki Alto,2019,24.8,https://www.pakwheels.com/used-cars/suzuki-alto-2019-for-sale-in-rawalpindi-12023293,2026-09-20T13:58,2026-10-01T23:20,25.0
12023086,PakWheels,Daihatsu Mira,2017,24.9,https://www.pakwheels.com/used-cars/daihatsu-mira-2017-for-sale-in-rawalpindi-12023086,2026-09-20T13:58,2026-10-01T23:20,24.9
12026372,PakWheels,Daihatsu Move,2008,24.95,https://www.pakwheels.com/used-cars/daihatsu-move-2008-for-sale-in-islamabad-12026372,2026-09-20T23:11,2026-10-01T23:20,24.95
12023446,PakWheels,Suzuki Alto,2022,25.98,https://www.pakwheels.com/used-cars/suzuki-alto-2022-for-sale-in-rawalpindi-12023446,2026-09-20T18:34,2026-10-01T23:20,25.98
12026157,PakWheels,Suzuki Hustler,2015,26.0,https://www.pakwheels.com/used-cars/suzuki-hustler-2015-for-sale-in-rawalpindi-12026157,2026-09-20T23:11,2026-10-01T23:20,26.0
12025093,PakWheels,Suzuki Wagon R,2015,26.5,https://www.pakwheels.com/used-cars/suzuki-wagon-r-2015-for-sale-in-islamabad-12025093,2026-09-20T18:34,2026-10-01T23:20,26.5
12027364,PakWheels,Suzuki Alto,2024,27.0,https://www.pakwheels.com/used-cars/suzuki-alto-2024-for-sale-in-islamabad-12027364,2026-09-21T14:18,2026-10-01T23:20,27.0
12024160,PakWheels,Nissan Dayz,2015,28.25,https://www.pakwheels.com/used-cars/nissan-dayz-2015-for-sale-in-rawalpindi-12024160,2026-09-20T18:34,2026-10-01T23:20,28.25
12026260,PakWheels,Suzuki Alto,2024,28.95,https://www.pakwheels.com/used-cars/suzuki-alto-2024-for-sale-in-islamabad-12026260,2026-09-20T23:11,2026-10-01T23:20,28.95
12025844,PakWheels,Suzuki Alto,2022,29.0,https://www.pakwheels.com/used-cars/suzuki-alto-2022-for-sale-in-rawalpindi-12025844,2026-09-20T23:11,2026-10-01T23:20,29.8
12025521,PakWheels,Honda N Wgn,2017,29.5,https://www.pakwheels.com/used-cars/honda-n-wgn-2017-for-sale-in-rawalpindi-12025521,2026-09-20T23:11,2026-10-01T23:20,29.5
12024274,PakWheels,Daihatsu Move,2015,29.75,https://www.pakwheels.com/used-cars/daihatsu-move-2015-for-sale-in-islamabad-12024274,2026-09-20T18:34,2026-10-01T23:20,29.75
12027413,PakWheels,Suzuki Alto,2025,30.0,https://www.pakwheels.com/used-cars/suzuki-alto-2025-for-sale-in-islamabad-12027413,2026-09-21T14:18,2026-10-01T23:20,30.0
12017866,PakWheels,Daihatsu Mira,2006,13.4,https://www.pakwheels.com/used-cars/daihatsu-mira-2006-for-sale-in-islamabad-12017866,2026-09-19T13:27,2026-10-01T23:20,13.5
12019855,PakWheels,Suzuki Alto,2008,13.5,https://www.pakwheels.com/used-cars/suzuki-alto-2008-for-sale-in-rawalpindi-12019855,2026-09-19T18:02,2026-10-01T23:20,13.5
12021485,PakWheels,Mitsubishi Pajero Mini,1999,14.5,https://www.pakwheels.com/used-cars/mitsubishi-pajero-mini-1999-for-sale-in-rawalpindi-12021485,2026-09-19T22:55,2026-10-01T23:20,15.0
11895114,PakWheels,Mitsubishi i,2013,16.2,https://www.pakwheels.com/used-cars/mitsubishi-i-2013-for-sale-in-islamabad-11895114,2026-09-19T22:55,2026-10-01T23:20,16.2
12022300,PakWheels,Mitsubishi EK Wagon,2006,16.6,https://www.pakwheels.com/used-cars/mitsubishi-ek-wagon-2006-for-sale-in-islamabad-12022300,2026-09-20T13:58,2026-10-01T23:20,16.6
12021819,PakWheels,Suzuki Alto,2007,17.3,https://www.pakwheels.com/used-cars/suzuki-alto-2007-for-sale-in-islamabad-12021819,2026-09-20T01:24,2026-10-01T23:20,18.5
12022530,PakWheels,Suzuki Alto,2007,17.8,https://www.pakwheels.com/used-cars/suzuki-alto-2007-for-sale-in-islamabad-12022530,2026-09-20T13:58,2026-10-01T23:20,17.8
12019048,PakWheels,Suzuki Wagon R,2007,17.89,https://www.pakwheels.com/used-cars/suzuki-wagon-r-2007-for-sale-in-islamabad-12019048,2026-09-19T18:02,2026-10-01T23:20,17.89
11895436,PakWheels,Suzuki Alto,2006,18.2,https://www.pakwheels.com/used-cars/suzuki-alto-2006-for-sale-in-islamabad-11895436,2026-08-27T13:18,2026-10-01T23:20,18.2
12020175,PakWheels,Daihatsu Tanto,2007,18.25,https://www.pakwheels.com/used-cars/daihatsu-tanto-2007-for-sale-in-islamabad-12020175,2026-09-19T18:02,2026-10-01T23:20,18.25
12020312,PakWheels,Daihatsu Mira,2006,18.3,https://www.pakwheels.com/used-cars/daihatsu-mira-2006-for-sale-in-islamabad-12020312,2026-09-19T18:02,2026-10-01T23:20,18.3
11651077,PakWheels,Daihatsu Mira,2011,18.5,https://www.pakwheels.com/used-cars/daihatsu-mira-2011-for-sale-in-rawalpindi-11651077,2026-09-20T13:58,2026-10-01T23:20,18.5
12021034,PakWheels,Suzuki Alto,2007,18.75,https://www.pakwheels.com/used-cars/suzuki-alto-2007-for-sale-in-rawalpindi-12021034,2026-09-19T22:55,2026-10-01T23:20,18.75
12019141,PakWheels,Suzuki Alto,2006,18.8,https://www.pakwheels.com/used-cars/suzuki-alto-2006-for-sale-in-rawalpindi-12019141,2026-09-19T18:02,2026-10-01T23:20,19.0
11621273,PakWheels,Mitsubishi EK Wagon,2011,19.8,https://www.pakwheels.com/used-cars/mitsubishi-ek-wagon-2011-for-sale-in-islamabad-11621273,2026-09-20T13:58,2026-10-01T23:20,19.8
11727094,PakWheels,Daihatsu Mira,2014,19.9,https://www.pakwheels.com/used-cars/daihatsu-mira-2014-for-sale-in-islamabad-11727094,2026-09-19T22:55,2026-10-01T23:20,19.9
12019796,PakWheels,Honda Life,2008,20.0,https://www.pakwheels.com/used-cars/honda-life-2008-for-sale-in-islamabad-12019796,2026-09-19T18:02,2026-10-01T23:20,20.0
12019160,PakWheels,Subaru Pleo,2011,21.75,https://www.pakwheels.com/used-cars/subaru-pleo-2011-for-sale-in-islamabad-12019160,2026-09-19T18:02,2026-10-01T23:20,21.75
12019003,PakWheels,Mitsubishi EK Wagon,2013,22.4,https://www.pakwheels.com/used-cars/mitsubishi-ek-wagon-2013-for-sale-in-islamabad-12019003,2026-09-19T18:02,2026-10-01T23:20,22.4
12021354,PakWheels,Nissan Dayz,2013,23.7,https://www.pakwheels.com/used-cars/nissan-dayz-2013-for-sale-in-islamabad-12021354,2026-09-19T22:55,2026-10-01T23:20,23.7
12018751,PakWheels,Suzuki Wagon R,2013,24.0,https://www.pakwheels.com/used-cars/suzuki-wagon-r-2013-for-sale-in-islamabad-12018751,2026-09-19T18:02,2026-10-01T23:20,24.0
12022540,PakWheels,Daihatsu Move,2014,24.25,https://www.pakwheels.com/used-cars/daihatsu-move-2014-for-sale-in-islamabad-12022540,2026-09-20T13:58,2026-10-01T23:20,24.25
12018090,PakWheels,Suzuki Swift,2013,24.3,https://www.pakwheels.com/used-cars/suzuki-swift-2013-for-sale-in-islamabad-12018090,2026-09-19T13:27,2026-10-01T23:20,25.5
11886380,PakWheels,Mitsubishi Pajero Mini,2012,25.0,https://www.pakwheels.com/used-cars/mitsubishi-pajero-mini-2012-for-sale-in-islamabad-11886380,2026-09-19T18:02,2026-10-01T23:20,25.0
12018819,PakWheels,Suzuki Wagon R,2012,25.0,https://www.pakwheels.com/used-cars/suzuki-wagon-r-2012-for-sale-in-islamabad-12018819,2026-09-19T18:02,2026-10-01T23:20,25.9
12020031,PakWheels,Suzuki Alto,2021,25.25,https://www.pakwheels.com/used-cars/suzuki-alto-2021-for-sale-in-rawalpindi-12020031,2026-09-19T18:02,2026-10-01T23:20,25.25
11972100,PakWheels,Suzuki Swift,2014,25.4,https://www.pakwheels.com/used-cars/suzuki-swift-2014-for-sale-in-islamabad-11972100,2026-09-19T22:55,2026-10-01T23:20,26.0
12021999,PakWheels,Suzuki Alto,2021,26.25,https://www.pakwheels.com/used-cars/suzuki-alto-2021-for-sale-in-rawalpindi-12021999,2026-09-20T01:24,2026-10-01T23:20,26.25
12021787,PakWheels,Suzuki Alto,2022,26.7,https://www.pakwheels.com/used-cars/suzuki-alto-2022-for-sale-in-rawalpindi-12021787,2026-09-20T01:24,2026-10-01T23:20,26.7
7238130,PakWheels,Suzuki Hustler,2016,26.9,https://www.pakwheels.com/used-cars/suzuki-hustler-2016-for-sale-in-islamabad-7238130,2026-09-19T22:55,2026-10-01T23:20,27.9
12021035,PakWheels,Daihatsu Mira,2017,27.5,https://www.pakwheels.com/used-cars/daihatsu-mira-2017-for-sale-in-islamabad-12021035,2026-09-19T22:55,2026-10-01T23:20,28.5
12022427,PakWheels,Suzuki Alto,2015,28.5,https://www.pakwheels.com/used-cars/suzuki-alto-2015-for-sale-in-islamabad-12022427,2026-09-20T13:58,2026-10-01T23:20,28.5
12018216,PakWheels,Suzuki Alto,2024,29.0,https://www.pakwheels.com/used-cars/suzuki-alto-2024-for-sale-in-islamabad-12018216,2026-09-19T13:27,2026-10-01T23:20,29.0
12014886,PakWheels,Suzuki Baleno,2005,10.3,https://www.pakwheels.com/used-cars/suzuki-baleno-2005-for-sale-in-islamabad-12014886,2026-09-18T18:34,2026-10-01T23:20,10.95
11591321,PakWheels,Suzuki Kei,1999,13.0,https://www.pakwheels.com/used-cars/suzuki-kei-1999-for-sale-in-islamabad-11591321,2026-09-18T18:34,2026-10-01T23:20,13.0
12015932,PakWheels,Daihatsu Mira,2007,15.0,https://www.pakwheels.com/used-cars/daihatsu-mira-2007-for-sale-in-rawalpindi-12015932,2026-09-18T23:16,2026-10-01T23:20,15.0
12011858,PakWheels,Daihatsu Esse,2007,15.0,https://www.pakwheels.com/used-cars/daihatsu-esse-2007-for-sale-in-rawalpindi-12011858,2026-09-18T13:37,2026-10-01T23:20,15.0
12017727,PakWheels,Suzuki Alto,2007,16.5,https://www.pakwheels.com/used-cars/suzuki-alto-2007-for-sale-in-islamabad-12017727,2026-09-19T13:27,2026-10-01T23:20,16.5
10848311,PakWheels,Nissan Moco,2008,17.3,https://www.pakwheels.com/used-cars/nissan-moco-2008-for-sale-in-islamabad-10848311,2026-09-18T18:34,2026-10-01T23:20,17.4
12015719,PakWheels,Suzuki Alto,2012,18.0,https://www.pakwheels.com/used-cars/suzuki-alto-2012-for-sale-in-islamabad-12015719,2026-09-18T18:34,2026-10-01T23:20,18.0
12014378,PakWheels,Suzuki Wagon R,2004,18.5,https://www.pakwheels.com/used-cars/suzuki-wagon-r-2004-for-sale-in-islamabad-12014378,2026-09-18T18:34,2026-10-01T23:20,18.5
12016359,PakWheels,Nissan Otti,2006,20.0,https://www.pakwheels.com/used-cars/nissan-otti-2006-for-sale-in-rawalpindi-12016359,2026-09-18T23:16,2026-10-01T23:20,20.0
12017350,PakWheels,Suzuki Wagon R,2013,22.0,https://www.pakwheels.com/used-cars/suzuki-wagon-r-2013-for-sale-in-rawalpindi-12017350,2026-09-19T13:27,2026-10-01T23:20,23.5
12016523,PakWheels,Daihatsu Mira,2014,22.5,https://www.pakwheels.com/used-cars/daihatsu-mira-2014-for-sale-in-islamabad-12016523,2026-09-18T23:16,2026-10-01T23:20,22.5
12016448,PakWheels,Daihatsu Mira,2015,23.5,https://www.pakwheels.com/used-cars/daihatsu-mira-2015-for-sale-in-islamabad-12016448,2026-09-18T23:16,2026-10-01T23:20,23.5
12016381,PakWheels,Daihatsu Mira ES,2011,23.75,https://www.pakwheels.com/used-cars/daihatsu-mira-2011-for-sale-in-rawalpindi-12016381,2026-09-19T13:27,2026-10-01T23:20,24.2
12016835,PakWheels,Mazda Carol,2015,23.8,https://www.pakwheels.com/used-cars/mazda-carol-2015-for-sale-in-rawalpindi-12016835,2026-09-18T23:16,2026-10-01T23:20,23.8
12017627,PakWheels,Mazda Carol,2016,23.95,https://www.pakwheels.com/used-cars/mazda-carol-2016-for-sale-in-islamabad-12017627,2026-09-19T13:27,2026-10-01T23:20,23.95
12016603,PakWheels,Suzuki Swift,2013,24.8,https://www.pakwheels.com/used-cars/suzuki-swift-2013-for-sale-in-islamabad-12016603,2026-09-18T23:16,2026-10-01T23:20,25.5
12016838,PakWheels,Mitsubishi EK Wagon,2017,25.9,https://www.pakwheels.com/used-cars/mitsubishi-ek-wagon-2017-for-sale-in-rawalpindi-12016838,2026-09-18T23:16,2026-10-01T23:20,27.9
11617159,PakWheels,Suzuki Alto,2015,26.0,https://www.pakwheels.com/used-cars/suzuki-alto-2015-for-sale-in-islamabad-11617159,2026-09-18T23:16,2026-10-01T23:20,26.0
11825903,PakWheels,Suzuki Alto,2021,26.4,https://www.pakwheels.com/used-cars/suzuki-alto-2021-for-sale-in-islamabad-11825903,2026-09-18T18:34,2026-10-01T23:20,26.4
12016538,PakWheels,Daihatsu Mira ES,2014,26.5,https://www.pakwheels.com/used-cars/daihatsu-mira-2014-for-sale-in-islamabad-12016538,2026-09-18T23:16,2026-10-01T23:20,26.75
12015331,PakWheels,Suzuki Alto,2021,26.5,https://www.pakwheels.com/used-cars/suzuki-alto-2021-for-sale-in-islamabad-12015331,2026-09-18T18:34,2026-10-01T23:20,26.5
12014739,PakWheels,Suzuki Alto,2022,27.5,https://www.pakwheels.com/used-cars/suzuki-alto-2022-for-sale-in-islamabad-12014739,2026-09-18T18:34,2026-10-01T23:20,27.5
12014165,PakWheels,Suzuki Alto,2015,28.0,https://www.pakwheels.com/used-cars/suzuki-alto-2015-for-sale-in-islamabad-12014165,2026-09-18T18:34,2026-10-01T23:20,28.0
12014834,PakWheels,Suzuki Alto,2024,29.3,https://www.pakwheels.com/used-cars/suzuki-alto-2024-for-sale-in-islamabad-12014834,2026-09-18T18:34,2026-10-01T23:20,29.3
11740321,PakWheels,Suzuki Alto,2015,29.5,https://www.pakwheels.com/used-cars/suzuki-alto-2015-for-sale-in-islamabad-11740321,2026-09-18T18:34,2026-10-01T23:20,29.5
12017797,PakWheels,Suzuki Alto,2023,30.0,https://www.pakwheels.com/used-cars/suzuki-alto-2023-for-sale-in-rawalpindi-12017797,2026-09-19T13:27,2026-10-01T23:20,30.0
12012225,PakWheels,Suzuki Alto,1993,2.8,https://www.pakwheels.com/used-cars/suzuki-alto-1993-for-sale-in-islamabad-12012225,2026-09-17T23:56,2026-10-01T23:20,2.8
1118129164,OLX,Nissan March,1997,9.25,https://www.olx.com.pk/item/-iid-1118129164,2026-09-17T14:04,2026-10-01T23:20,9.25
12011581,PakWheels,Daihatsu Mira,1999,13.0,https://www.pakwheels.com/used-cars/daihatsu-mira-1999-for-sale-in-islamabad-12011581,2026-09-17T23:56,2026-10-01T23:20,13.0
11778101,PakWheels,Suzuki Alto,2008,14.2,https://www.pakwheels.com/used-cars/suzuki-alto-2008-for-sale-in-rawalpindi-11778101,2026-09-17T14:04,2026-10-01T23:20,14.2
1116080590,OLX,Nissan March,1999,14.25,https://www.olx.com.pk/item/-iid-1116080590,2026-09-17T14:04,2026-10-01T23:20,14.25
12011252,PakWheels,Suzuki Wagon R,2006,15.0,https://www.pakwheels.com/used-cars/suzuki-wagon-r-2006-for-sale-in-islamabad-12011252,2026-09-17T19:15,2026-10-01T23:20,16.0
12013201,PakWheels,Mitsubishi EK Wagon,2006,17.4,https://www.pakwheels.com/used-cars/mitsubishi-ek-wagon-2006-for-sale-in-islamabad-12013201,2026-09-18T13:37,2026-10-01T23:20,17.4
12012050,PakWheels,Suzuki Alto,2006,18.0,https://www.pakwheels.com/used-cars/suzuki-alto-2006-for-sale-in-islamabad-12012050,2026-09-17T23:56,2026-10-01T23:20,19.0
11881045,PakWheels,Nissan Otti,2007,18.0,https://www.pakwheels.com/used-cars/nissan-otti-2007-for-sale-in-islamabad-11881045,2026-09-17T19:15,2026-10-01T23:20,18.0
12013322,PakWheels,Nissan Roox,2010,18.0,https://www.pakwheels.com/used-cars/nissan-roox-2010-for-sale-in-islamabad-12013322,2026-09-18T13:37,2026-10-01T23:20,18.0
1119348433,OLX,Daihatsu Tanto,2012,18.14,https://www.olx.com.pk/item/-iid-1119348433,2026-09-16T13:58,2026-10-01T23:20,18.14
1119516664,OLX,Daihatsu Tanto,2007,18.25,https://www.olx.com.pk/item/-iid-1119516664,2026-09-20T13:58,2026-10-01T23:20,18.25
11775351,PakWheels,Nissan Pino,2007,18.4,https://www.pakwheels.com/used-cars/nissan-pino-2007-for-sale-in-islamabad-11775351,2026-09-24T19:10,2026-10-01T23:20,18.4
12009445,PakWheels,Suzuki Cervo,2009,18.5,https://www.pakwheels.com/used-cars/suzuki-cervo-2009-for-sale-in-rawalpindi-12009445,2026-09-17T14:04,2026-10-01T23:20,18.5
12011692,PakWheels,Suzuki Wagon R,2009,18.5,https://www.pakwheels.com/used-cars/suzuki-wagon-r-2009-for-sale-in-islamabad-12011692,2026-09-17T23:56,2026-10-01T23:20,18.5
1119454603,OLX,Daihatsu Boon,2005,18.5,https://www.olx.com.pk/item/-iid-1119454603,2026-09-19T13:27,2026-10-01T23:20,18.5
12010458,PakWheels,Mitsubishi EK Wagon,2007,18.8,https://www.pakwheels.com/used-cars/mitsubishi-ek-wagon-2007-for-sale-in-rawalpindi-12010458,2026-09-17T19:15,2026-10-01T23:20,19.4
12012739,PakWheels,Suzuki Alto Lapin,2012,18.9,https://www.pakwheels.com/used-cars/suzuki-alto-lapin-2012-for-sale-in-rawalpindi-12012739,2026-09-30T03:11,2026-10-01T23:20,18.9
12012727,PakWheels,Suzuki Alto Lapin,2012,18.9,https://www.pakwheels.com/used-cars/suzuki-alto-lapin-2012-for-sale-in-rawalpindi-12012727,2026-09-18T13:37,2026-10-01T23:20,18.9
12009656,PakWheels,Nissan Moco,2013,18.98,https://www.pakwheels.com/used-cars/nissan-moco-2013-for-sale-in-rawalpindi-12009656,2026-09-17T14:04,2026-10-01T23:20,18.98
11890603,PakWheels,Suzuki Alto,2007,19.0,https://www.pakwheels.com/used-cars/suzuki-alto-2007-for-sale-in-islamabad-11890603,2026-08-27T13:18,2026-10-01T23:20,20.0
12010106,PakWheels,Daihatsu Terios Kid,2004,19.5,https://www.pakwheels.com/used-cars/daihatsu-terios-kid-2004-for-sale-in-islamabad-12010106,2026-09-17T19:15,2026-10-01T23:20,19.5
12009378,PakWheels,Daihatsu Move,2013,20.0,https://www.pakwheels.com/used-cars/daihatsu-move-2013-for-sale-in-rawalpindi-12009378,2026-09-17T14:04,2026-10-01T23:20,20.0
1119480979,OLX,Honda Life,2013,20.0,https://www.olx.com.pk/item/-iid-1119480979,2026-09-19T13:27,2026-10-01T23:20,20.0
1119459062,OLX,Toyota Belta,2005,21.8,https://www.olx.com.pk/item/-iid-1119459062,2026-09-19T13:27,2026-10-01T23:20,21.8
12012482,PakWheels,Suzuki Alto,2010,22.0,https://www.pakwheels.com/used-cars/suzuki-alto-2010-for-sale-in-rawalpindi-12012482,2026-09-17T23:56,2026-10-01T23:20,23.5
1117980771,OLX,Toyota Vitz,2000,22.0,https://www.olx.com.pk/item/-iid-1117980771,2026-09-17T14:04,2026-10-01T23:20,22.0
12009404,PakWheels,Mitsubishi EK Custom,2015,22.2,https://www.pakwheels.com/used-cars/mitsubishi-ek-custom-2015-for-sale-in-islamabad-12009404,2026-09-17T14:04,2026-10-01T23:20,22.7
1119282750,OLX,Suzuki Alto Lapin,2012,22.3,https://www.olx.com.pk/item/-iid-1119282750,2026-09-15T14:04,2026-10-01T23:20,22.3
12009413,PakWheels,Suzuki Alto,2011,22.5,https://www.pakwheels.com/used-cars/suzuki-alto-2011-for-sale-in-islamabad-12009413,2026-09-17T14:04,2026-10-01T23:20,22.5
1119338903,OLX,Mazda Carol,2016,22.5,https://www.olx.com.pk/item/-iid-1119338903,2026-09-16T13:58,2026-10-01T23:20,22.5
1119329982,OLX,Daihatsu Tanto,2012,23.0,https://www.olx.com.pk/item/-iid-1119329982,2026-09-16T13:58,2026-10-01T23:20,24.0
1119293859,OLX,Nissan Dayz,2013,23.3,https://www.olx.com.pk/item/-iid-1119293859,2026-09-15T14:04,2026-10-01T23:20,23.5
12010202,PakWheels,Suzuki Alto,2021,23.5,https://www.pakwheels.com/used-cars/suzuki-alto-2021-for-sale-in-islamabad-12010202,2026-09-17T19:15,2026-10-01T23:20,23.5
12009399,PakWheels,Suzuki Wagon R,2014,23.5,https://www.pakwheels.com/used-cars/suzuki-wagon-r-2014-for-sale-in-islamabad-12009399,2026-09-17T14:04,2026-10-01T23:20,23.5
1118129242,OLX,Daihatsu Mira,2012,23.5,https://www.olx.com.pk/item/-iid-1118129242,2026-09-20T13:58,2026-10-01T23:20,23.5
1119488290,OLX,Daihatsu Mira,2011,23.75,https://www.olx.com.pk/item/-iid-1119488290,2026-09-20T13:58,2026-10-01T23:20,24.2
12010688,PakWheels,Suzuki Alto,2012,23.95,https://www.pakwheels.com/used-cars/suzuki-alto-2012-for-sale-in-islamabad-12010688,2026-09-17T19:15,2026-10-01T23:20,23.95
1119332530,OLX,Mazda Carol,2016,23.95,https://www.olx.com.pk/item/-iid-1119332530,2026-09-16T13:58,2026-10-01T23:20,23.95
1119498986,OLX,Nissan Dayz,2013,24.1,https://www.olx.com.pk/item/-iid-1119498986,2026-09-20T13:58,2026-10-01T23:20,24.1
1119467679,OLX,Daihatsu Mira,2011,24.2,https://www.olx.com.pk/item/-iid-1119467679,2026-09-19T13:27,2026-10-01T23:20,24.2
1119368033,OLX,Daihatsu Mira,2018,24.5,https://www.olx.com.pk/item/-iid-1119368033,2026-09-17T14:04,2026-10-01T23:20,24.5
1119271702,OLX,Nissan Roox,2016,24.5,https://www.olx.com.pk/item/-iid-1119271702,2026-09-14T14:16,2026-10-01T23:20,24.5
1119466220,OLX,Nissan Dayz,2013,24.5,https://www.olx.com.pk/item/-iid-1119466220,2026-09-19T13:27,2026-10-01T23:20,24.5
1119526632,OLX,Nissan Dayz,2013,24.7,https://www.olx.com.pk/item/-iid-1119526632,2026-09-21T14:18,2026-10-01T23:20,24.7
1119422519,OLX,Toyota Belta,2007,24.7,https://www.olx.com.pk/item/-iid-1119422519,2026-09-18T13:37,2026-10-01T23:20,25.0
1119349729,OLX,Nissan Dayz,2018,24.75,https://www.olx.com.pk/item/-iid-1119349729,2026-09-16T13:58,2026-10-01T23:20,24.75
1119349680,OLX,Suzuki Hustler,2015,24.9,https://www.olx.com.pk/item/-iid-1119349680,2026-09-16T13:58,2026-10-01T23:20,24.9
1119278970,OLX,Suzuki Hustler,2015,24.9,https://www.olx.com.pk/item/-iid-1119278970,2026-09-14T14:16,2026-10-01T23:20,25.4
1119500497,OLX,Toyota Belta,2007,24.95,https://www.olx.com.pk/item/-iid-1119500497,2026-09-20T13:58,2026-10-01T23:20,24.95
12009144,PakWheels,Suzuki Alto,2016,25.0,https://www.pakwheels.com/used-cars/suzuki-alto-2016-for-sale-in-islamabad-12009144,2026-09-17T14:04,2026-10-01T23:20,25.0
1119499625,OLX,Toyota Belta,2006,25.0,https://www.olx.com.pk/item/-iid-1119499625,2026-09-20T13:58,2026-10-01T23:20,25.0
1119552672,OLX,Daihatsu Mira,2012,25.5,https://www.olx.com.pk/item/-iid-1119552672,2026-09-21T14:18,2026-10-01T23:20,25.5
12011824,PakWheels,Daihatsu Terios Kid,2011,25.9,https://www.pakwheels.com/used-cars/daihatsu-terios-kid-2011-for-sale-in-rawalpindi-12011824,2026-09-17T23:56,2026-10-01T23:20,25.9
12009477,PakWheels,Suzuki Alto,2022,27.5,https://www.pakwheels.com/used-cars/suzuki-alto-2022-for-sale-in-islamabad-12009477,2026-09-17T14:04,2026-10-01T23:20,27.5
12013223,PakWheels,Toyota Vitz,2012,27.5,https://www.pakwheels.com/used-cars/toyota-vitz-2012-for-sale-in-islamabad-12013223,2026-09-18T13:37,2026-10-01T23:20,27.5
1119457718,OLX,Nissan Dayz,2016,27.5,https://www.olx.com.pk/item/-iid-1119457718,2026-09-19T13:27,2026-10-01T23:20,27.5
12012942,PakWheels,Suzuki Alto,2014,27.95,https://www.pakwheels.com/used-cars/suzuki-alto-2014-for-sale-in-islamabad-12012942,2026-09-18T13:37,2026-10-01T23:20,27.95
1119522013,OLX,Nissan Dayz,2015,28.5,https://www.olx.com.pk/item/-iid-1119522013,2026-09-20T13:58,2026-10-01T23:20,28.5
1119382875,OLX,Toyota Passo,2025,28.5,https://www.olx.com.pk/item/-iid-1119382875,2026-09-17T14:04,2026-10-01T23:20,29.5
1115111132,OLX,Suzuki Hustler,2016,29.0,https://www.olx.com.pk/item/-iid-1115111132,2026-09-20T13:58,2026-10-01T23:20,29.0
12009462,PakWheels,Suzuki Alto,2025,29.45,https://www.pakwheels.com/used-cars/suzuki-alto-2025-for-sale-in-islamabad-12009462,2026-09-17T14:04,2026-10-01T23:20,29.45
1119465118,OLX,Suzuki Alto,2019,29.5,https://www.olx.com.pk/item/-iid-1119465118,2026-09-19T13:27,2026-10-01T23:20,29.5
1119526581,OLX,Toyota Passo,2013,29.5,https://www.olx.com.pk/item/-iid-1119526581,2026-09-21T14:18,2026-10-01T23:20,29.5
12009508,PakWheels,Suzuki Alto,2022,30.0,https://www.pakwheels.com/used-cars/suzuki-alto-2022-for-sale-in-islamabad-12009508,2026-09-17T14:04,2026-10-01T23:20,30.0
12008058,PakWheels,Daihatsu Terios Kid,2007,14.75,https://www.pakwheels.com/used-cars/daihatsu-terios-kid-2007-for-sale-in-islamabad-12008058,2026-09-16T23:49,2026-10-01T23:20,14.75
11875070,PakWheels,Daihatsu Mira,2006,15.5,https://www.pakwheels.com/used-cars/daihatsu-mira-2006-for-sale-in-islamabad-11875070,2026-09-16T23:49,2026-10-01T23:20,15.5
11973621,PakWheels,Daihatsu Terios Kid,2002,16.5,https://www.pakwheels.com/used-cars/daihatsu-terios-kid-2002-for-sale-in-rawalpindi-11973621,2026-09-09T18:40,2026-10-01T23:20,16.5
12006778,PakWheels,Daihatsu Mira,2008,16.9,https://www.pakwheels.com/used-cars/daihatsu-mira-2008-for-sale-in-rawalpindi-12006778,2026-09-16T19:10,2026-10-01T23:20,18.0
12006472,PakWheels,Nissan Pino,2007,18.9,https://www.pakwheels.com/used-cars/nissan-pino-2007-for-sale-in-islamabad-12006472,2026-09-16T19:10,2026-10-01T23:20,18.9
12005530,PakWheels,Suzuki Alto,2007,19.5,https://www.pakwheels.com/used-cars/suzuki-alto-2007-for-sale-in-rawalpindi-12005530,2026-09-16T19:10,2026-10-01T23:20,19.5
12007144,PakWheels,Daihatsu Mira,2010,19.9,https://www.pakwheels.com/used-cars/daihatsu-mira-2010-for-sale-in-rawalpindi-12007144,2026-09-16T19:10,2026-10-01T23:20,19.9
12008925,PakWheels,Daihatsu Mira,2007,20.0,https://www.pakwheels.com/used-cars/daihatsu-mira-2007-for-sale-in-islamabad-12008925,2026-09-17T14:04,2026-10-01T23:20,20.0
11915308,PakWheels,Daihatsu Move,2011,21.3,https://www.pakwheels.com/used-cars/daihatsu-move-2011-for-sale-in-rawalpindi-11915308,2026-09-16T19:10,2026-10-01T23:20,21.75
11976911,PakWheels,Nissan Roox,2014,21.5,https://www.pakwheels.com/used-cars/nissan-roox-2014-for-sale-in-islamabad-11976911,2026-09-10T13:30,2026-10-01T23:20,22.2
12007742,PakWheels,Suzuki Alto,2014,22.0,https://www.pakwheels.com/used-cars/suzuki-alto-2014-for-sale-in-islamabad-12007742,2026-09-16T23:49,2026-10-01T23:20,22.0
12005532,PakWheels,Suzuki Alto,2021,22.5,https://www.pakwheels.com/used-cars/suzuki-alto-2021-for-sale-in-islamabad-12005532,2026-09-16T19:10,2026-10-01T23:20,22.5
12006740,PakWheels,Subaru Pleo,2014,23.3,https://www.pakwheels.com/used-cars/subaru-pleo-2014-for-sale-in-rawalpindi-12006740,2026-09-16T19:10,2026-10-01T23:20,23.3
12008878,PakWheels,Daihatsu Mira ES,2013,23.5,https://www.pakwheels.com/used-cars/daihatsu-mira-2013-for-sale-in-islamabad-12008878,2026-09-17T14:04,2026-10-01T23:20,23.5
11870300,PakWheels,Suzuki Alto,2014,23.8,https://www.pakwheels.com/used-cars/suzuki-alto-2014-for-sale-in-islamabad-11870300,2026-09-16T23:49,2026-10-01T23:20,24.5
12007338,PakWheels,Mitsubishi EK Wagon,2014,24.0,https://www.pakwheels.com/used-cars/mitsubishi-ek-wagon-2014-for-sale-in-islamabad-12007338,2026-09-16T19:10,2026-10-01T23:20,25.5
12008947,PakWheels,Suzuki Jimny,2014,24.75,https://www.pakwheels.com/used-cars/suzuki-jimny-2014-for-sale-in-islamabad-12008947,2026-09-17T14:04,2026-10-01T23:20,24.75
11988096,PakWheels,Suzuki Alto,2012,25.5,https://www.pakwheels.com/used-cars/suzuki-alto-2012-for-sale-in-islamabad-11988096,2026-09-16T19:10,2026-10-01T23:20,25.5
12008844,PakWheels,Nissan Dayz,2014,26.0,https://www.pakwheels.com/used-cars/nissan-dayz-2014-for-sale-in-islamabad-12008844,2026-09-17T14:04,2026-10-01T23:20,26.0
12007042,PakWheels,Mitsubishi EK Wagon,2016,26.0,https://www.pakwheels.com/used-cars/mitsubishi-ek-wagon-2016-for-sale-in-islamabad-12007042,2026-09-16T23:49,2026-10-01T23:20,26.0
12007718,PakWheels,Honda N Wgn,2014,26.6,https://www.pakwheels.com/used-cars/honda-n-wgn-2014-for-sale-in-islamabad-12007718,2026-09-16T23:49,2026-10-01T23:20,26.6
12005879,PakWheels,Suzuki Alto,2021,26.6,https://www.pakwheels.com/used-cars/suzuki-alto-2021-for-sale-in-islamabad-12005879,2026-09-16T19:10,2026-10-01T23:20,26.6
12005089,PakWheels,Suzuki Alto,2025,29.6,https://www.pakwheels.com/used-cars/suzuki-alto-2025-for-sale-in-islamabad-12005089,2026-09-16T13:58,2026-10-01T23:20,29.6
11738655,PakWheels,Mitsubishi EK Wagon,2019,30.0,https://www.pakwheels.com/used-cars/mitsubishi-ek-wagon-2019-for-sale-in-islamabad-11738655,2026-09-17T14:04,2026-10-01T23:20,30.0
12007054,PakWheels,Suzuki Alto,2024,30.0,https://www.pakwheels.com/used-cars/suzuki-alto-2024-for-sale-in-islamabad-12007054,2026-09-26T18:44,2026-10-01T23:20,30.0
12005332,PakWheels,Nissan Dayz,2017,30.0,https://www.pakwheels.com/used-cars/nissan-dayz-2017-for-sale-in-islamabad-12005332,2026-09-16T13:58,2026-10-01T23:20,30.0
11314215,PakWheels,Mitsubishi Pajero Mini,1997,12.0,https://www.pakwheels.com/used-cars/mitsubishi-pajero-mini-1997-for-sale-in-islamabad-11314215,2026-09-13T18:47,2026-10-01T23:20,12.0
12001792,PakWheels,Suzuki Alto,1998,13.8,https://www.pakwheels.com/used-cars/suzuki-alto-1998-for-sale-in-rawalpindi-12001792,2026-09-15T19:18,2026-10-01T23:20,13.8
12004169,PakWheels,Daihatsu Mira,2008,15.7,https://www.pakwheels.com/used-cars/daihatsu-mira-2008-for-sale-in-islamabad-12004169,2026-09-16T13:58,2026-10-01T23:20,15.7
12002943,PakWheels,Daihatsu Mira,2006,17.5,https://www.pakwheels.com/used-cars/daihatsu-mira-gino-2006-for-sale-in-islamabad-12002943,2026-09-15T19:18,2026-10-01T23:20,18.0
12003149,PakWheels,Daihatsu Mira,2006,18.0,https://www.pakwheels.com/used-cars/daihatsu-mira-2006-for-sale-in-islamabad-12003149,2026-09-15T23:51,2026-10-01T23:20,18.0
12004563,PakWheels,Suzuki Alto,2008,19.8,https://www.pakwheels.com/used-cars/suzuki-alto-2008-for-sale-in-islamabad-12004563,2026-09-16T13:58,2026-10-01T23:20,19.8
12001975,PakWheels,Daihatsu Mira,2013,20.0,https://www.pakwheels.com/used-cars/daihatsu-mira-2013-for-sale-in-islamabad-12001975,2026-09-15T19:18,2026-10-01T23:20,20.0
11999358,PakWheels,Honda Life,2009,20.98,https://www.pakwheels.com/used-cars/honda-life-2009-for-sale-in-islamabad-11999358,2026-09-22T13:57,2026-10-01T23:20,21.25
12002874,PakWheels,Subaru Pleo,2014,21.3,https://www.pakwheels.com/used-cars/subaru-pleo-plus-2014-for-sale-in-islamabad-12002874,2026-09-15T19:18,2026-10-01T23:20,21.3
12004672,PakWheels,Daihatsu Move,2013,21.8,https://www.pakwheels.com/used-cars/daihatsu-move-2013-for-sale-in-islamabad-12004672,2026-09-16T13:58,2026-10-01T23:20,22.25
12001508,PakWheels,Suzuki Wagon R,2014,22.9,https://www.pakwheels.com/used-cars/suzuki-wagon-r-2014-for-sale-in-rawalpindi-12001508,2026-09-15T19:18,2026-10-01T23:20,24.0
12001584,PakWheels,Suzuki Alto Lapin,2016,23.0,https://www.pakwheels.com/used-cars/suzuki-alto-lapin-2016-for-sale-in-islamabad-12001584,2026-09-15T19:18,2026-10-01T23:20,23.0
12002858,PakWheels,Daihatsu Mira ES,2011,24.0,https://www.pakwheels.com/used-cars/daihatsu-mira-2011-for-sale-in-islamabad-12002858,2026-09-15T19:18,2026-10-01T23:20,24.5
12002369,PakWheels,Suzuki Alto,2019,24.0,https://www.pakwheels.com/used-cars/suzuki-alto-2019-for-sale-in-islamabad-12002369,2026-09-15T19:18,2026-10-01T23:20,24.0
12004134,PakWheels,Suzuki Hustler,2015,24.9,https://www.pakwheels.com/used-cars/suzuki-hustler-2015-for-sale-in-islamabad-12004134,2026-09-16T13:58,2026-10-01T23:20,24.9
12004810,PakWheels,Suzuki Alto,2017,25.0,https://www.pakwheels.com/used-cars/suzuki-alto-2017-for-sale-in-rawalpindi-12004810,2026-09-16T13:58,2026-10-01T23:20,25.0
12003071,PakWheels,Suzuki Sierra,1995,25.0,https://www.pakwheels.com/used-cars/suzuki-sierra-1995-for-sale-in-islamabad-12003071,2026-09-15T23:51,2026-10-01T23:20,25.0
12004772,PakWheels,Daihatsu Tanto,2015,25.5,https://www.pakwheels.com/used-cars/daihatsu-tanto-2015-for-sale-in-islamabad-12004772,2026-09-16T13:58,2026-10-01T23:20,25.5
11758173,PakWheels,Mitsubishi EK Wagon,2014,25.5,https://www.pakwheels.com/used-cars/mitsubishi-ek-wagon-2014-for-sale-in-islamabad-11758173,2026-09-16T13:58,2026-10-01T23:20,25.5
12000196,PakWheels,Daihatsu Mira,2013,25.75,https://www.pakwheels.com/used-cars/daihatsu-mira-gino-2013-for-sale-in-rawalpindi-12000196,2026-09-15T14:04,2026-10-01T23:20,25.75
12004845,PakWheels,Suzuki Alto,2016,25.9,https://www.pakwheels.com/used-cars/suzuki-alto-2016-for-sale-in-rawalpindi-12004845,2026-09-16T13:58,2026-10-01T23:20,25.9
11757163,PakWheels,Honda N Wgn,2014,26.0,https://www.pakwheels.com/used-cars/honda-n-wgn-2014-for-sale-in-islamabad-11757163,2026-09-15T19:18,2026-10-01T23:20,27.0
12002146,PakWheels,Daihatsu Move Conte,2014,26.0,https://www.pakwheels.com/used-cars/daihatsu-move-conte-2014-for-sale-in-rawalpindi-12002146,2026-09-15T19:18,2026-10-01T23:20,26.0
12000623,PakWheels,Suzuki Alto,2019,27.0,https://www.pakwheels.com/used-cars/suzuki-alto-2019-for-sale-in-islamabad-12000623,2026-09-15T19:18,2026-10-01T23:20,27.0
11907690,PakWheels,Suzuki Alto,2024,28.0,https://www.pakwheels.com/used-cars/suzuki-alto-2024-for-sale-in-islamabad-11907690,2026-09-15T19:18,2026-10-01T23:20,28.0
12002163,PakWheels,Suzuki Alto,2024,28.5,https://www.pakwheels.com/used-cars/suzuki-alto-2024-for-sale-in-rawalpindi-12002163,2026-09-15T19:18,2026-10-01T23:20,28.5
11998057,PakWheels,Suzuki Alto,2006,10.8,https://www.pakwheels.com/used-cars/suzuki-alto-2006-for-sale-in-islamabad-11998057,2026-09-14T20:51,2026-10-01T23:20,10.8
11998150,PakWheels,Mitsubishi Minica,2007,12.2,https://www.pakwheels.com/used-cars/mitsubishi-minica-2007-for-sale-in-islamabad-11998150,2026-09-14T20:51,2026-10-01T23:20,12.2
12000278,PakWheels,Daihatsu Esse,2007,14.5,https://www.pakwheels.com/used-cars/daihatsu-esse-2007-for-sale-in-rawalpindi-12000278,2026-09-15T14:04,2026-10-01T23:20,14.5
11997329,PakWheels,Mitsubishi EK Wagon,2006,15.2,https://www.pakwheels.com/used-cars/mitsubishi-ek-wagon-2006-for-sale-in-islamabad-11997329,2026-09-14T20:51,2026-10-01T23:20,16.0
11769128,PakWheels,Mitsubishi EK Wagon,2006,16.9,https://www.pakwheels.com/used-cars/mitsubishi-ek-wagon-2006-for-sale-in-islamabad-11769128,2026-09-14T14:16,2026-10-01T23:20,16.9
11998095,PakWheels,Daihatsu Sonica,2007,17.1,https://www.pakwheels.com/used-cars/daihatsu-sonica-2007-for-sale-in-islamabad-11998095,2026-09-14T20:51,2026-10-01T23:20,17.2
11999607,PakWheels,Mitsubishi EK Wagon,2006,17.49,https://www.pakwheels.com/used-cars/mitsubishi-ek-wagon-2006-for-sale-in-islamabad-11999607,2026-09-15T02:44,2026-10-01T23:20,17.49
12000582,PakWheels,Suzuki Alto,2007,18.5,https://www.pakwheels.com/used-cars/suzuki-alto-2007-for-sale-in-islamabad-12000582,2026-09-15T14:04,2026-10-01T23:20,18.5
11819965,PakWheels,Suzuki Alto,2012,19.2,https://www.pakwheels.com/used-cars/suzuki-alto-2012-for-sale-in-rawalpindi-11819965,2026-08-06T14:01,2026-10-01T23:20,19.2
12000074,PakWheels,Nissan Dayz,2013,23.5,https://www.pakwheels.com/used-cars/nissan-dayz-2013-for-sale-in-islamabad-12000074,2026-09-15T14:04,2026-10-01T23:20,23.5
11999499,PakWheels,Suzuki Wagon R,2012,23.5,https://www.pakwheels.com/used-cars/suzuki-wagon-r-2012-for-sale-in-islamabad-11999499,2026-09-15T02:44,2026-10-01T23:20,23.5
11868281,PakWheels,Suzuki Spacia,2016,24.5,https://www.pakwheels.com/used-cars/suzuki-spacia-2016-for-sale-in-islamabad-11868281,2026-09-15T02:44,2026-10-01T23:20,24.5
11998821,PakWheels,Suzuki Alto,2015,24.85,https://www.pakwheels.com/used-cars/suzuki-alto-2015-for-sale-in-islamabad-11998821,2026-09-14T20:51,2026-10-01T23:20,24.85
11832569,PakWheels,Mazda Carol,2010,25.5,https://www.pakwheels.com/used-cars/mazda-carol-2010-for-sale-in-islamabad-11832569,2026-09-14T20:51,2026-10-01T23:20,25.5
11996944,PakWheels,Suzuki Wagon R,2014,25.5,https://www.pakwheels.com/used-cars/suzuki-wagon-r-2014-for-sale-in-rawalpindi-11996944,2026-09-14T14:16,2026-10-01T23:20,25.5
11944263,PakWheels,Suzuki Alto,2014,25.75,https://www.pakwheels.com/used-cars/suzuki-alto-2014-for-sale-in-islamabad-11944263,2026-09-02T21:01,2026-10-01T23:20,25.75
11999133,PakWheels,Mitsubishi Pajero Mini,2012,26.5,https://www.pakwheels.com/used-cars/mitsubishi-pajero-mini-2012-for-sale-in-islamabad-11999133,2026-09-14T20:51,2026-10-01T23:20,26.5
11998942,PakWheels,Suzuki Wagon R,2014,26.5,https://www.pakwheels.com/used-cars/suzuki-wagon-r-2014-for-sale-in-islamabad-11998942,2026-09-14T20:51,2026-10-01T23:20,26.5
11998336,PakWheels,Suzuki Alto,2024,28.2,https://www.pakwheels.com/used-cars/suzuki-alto-2024-for-sale-in-rawalpindi-11998336,2026-09-14T20:51,2026-10-01T23:20,28.2
11995350,PakWheels,Suzuki Alto,2005,10.6,https://www.pakwheels.com/used-cars/suzuki-alto-2005-for-sale-in-islamabad-11995350,2026-09-14T14:16,2026-10-01T23:20,13.0
11992429,PakWheels,Suzuki Alto,2004,12.0,https://www.pakwheels.com/used-cars/suzuki-alto-2004-for-sale-in-islamabad-11992429,2026-09-13T18:47,2026-10-01T23:20,13.5
11043547,PakWheels,Suzuki Alto,2007,13.75,https://www.pakwheels.com/used-cars/suzuki-alto-2007-for-sale-in-rawalpindi-11043547,2026-09-13T18:47,2026-10-01T23:20,13.75
11354476,PakWheels,Mazda Flair,2007,17.5,https://www.pakwheels.com/used-cars/mazda-flair-wagon-2007-for-sale-in-islamabad-11354476,2026-09-13T18:47,2026-10-01T23:20,17.9
11868206,PakWheels,Suzuki Alto,2006,18.0,https://www.pakwheels.com/used-cars/suzuki-alto-2006-for-sale-in-rawalpindi-11868206,2026-09-14T14:16,2026-10-01T23:20,18.0
11995896,PakWheels,Suzuki Alto,2007,18.3,https://www.pakwheels.com/used-cars/suzuki-alto-2007-for-sale-in-islamabad-11995896,2026-09-14T14:16,2026-10-01T23:20,18.5
11995718,PakWheels,Suzuki Alto,2008,18.5,https://www.pakwheels.com/used-cars/suzuki-alto-2008-for-sale-in-islamabad-11995718,2026-09-14T14:16,2026-10-01T23:20,18.5
11991663,PakWheels,Daihatsu Move,2007,18.8,https://www.pakwheels.com/used-cars/daihatsu-move-2007-for-sale-in-rawalpindi-11991663,2026-09-13T13:42,2026-10-01T23:20,19.0
11992843,PakWheels,Suzuki Alto,2007,19.0,https://www.pakwheels.com/used-cars/suzuki-alto-2007-for-sale-in-rawalpindi-11992843,2026-09-13T18:47,2026-10-01T23:20,19.5
11995344,PakWheels,Daihatsu Esse,2011,20.5,https://www.pakwheels.com/used-cars/daihatsu-esse-2011-for-sale-in-islamabad-11995344,2026-09-14T14:16,2026-10-01T23:20,20.5
11993618,PakWheels,Suzuki Alto,2010,22.1,https://www.pakwheels.com/used-cars/suzuki-alto-2010-for-sale-in-rawalpindi-11993618,2026-09-13T18:47,2026-10-01T23:20,22.3
11996126,PakWheels,Daihatsu Mira,2014,23.5,https://www.pakwheels.com/used-cars/daihatsu-mira-2014-for-sale-in-islamabad-11996126,2026-09-14T14:16,2026-10-01T23:20,23.5
11993858,PakWheels,Nissan Roox,2015,23.5,https://www.pakwheels.com/used-cars/nissan-roox-2015-for-sale-in-rawalpindi-11993858,2026-09-13T18:47,2026-10-01T23:20,23.5
11853729,PakWheels,Suzuki Alto,2013,24.0,https://www.pakwheels.com/used-cars/suzuki-alto-2013-for-sale-in-islamabad-11853729,2026-09-14T14:16,2026-10-01T23:20,24.0
11993256,PakWheels,Honda N Wgn,2014,24.5,https://www.pakwheels.com/used-cars/honda-n-wgn-2014-for-sale-in-islamabad-11993256,2026-09-13T18:47,2026-10-01T23:20,24.5
11995145,PakWheels,Daihatsu Move,2016,25.5,https://www.pakwheels.com/used-cars/daihatsu-move-2016-for-sale-in-islamabad-11995145,2026-09-13T23:03,2026-10-01T23:20,25.5
11833314,PakWheels,Daihatsu Move,2016,25.5,https://www.pakwheels.com/used-cars/daihatsu-move-2016-for-sale-in-islamabad-11833314,2026-09-13T23:03,2026-10-01T23:20,25.5
11991613,PakWheels,Suzuki Wagon R,2015,25.75,https://www.pakwheels.com/used-cars/suzuki-wagon-r-2015-for-sale-in-islamabad-11991613,2026-09-13T13:42,2026-10-01T23:20,25.75
11994710,PakWheels,Suzuki Alto,2015,26.0,https://www.pakwheels.com/used-cars/suzuki-alto-2015-for-sale-in-rawalpindi-11994710,2026-09-13T23:03,2026-10-01T23:20,26.0
11675993,PakWheels,Nissan Dayz,2017,26.0,https://www.pakwheels.com/used-cars/nissan-dayz-2017-for-sale-in-islamabad-11675993,2026-08-26T18:31,2026-10-01T23:20,26.5
11993680,PakWheels,Suzuki Hustler,2015,27.0,https://www.pakwheels.com/used-cars/suzuki-hustler-2015-for-sale-in-islamabad-11993680,2026-09-13T18:47,2026-10-01T23:20,27.5
11593350,PakWheels,Suzuki Alto,2017,27.0,https://www.pakwheels.com/used-cars/suzuki-alto-2017-for-sale-in-rawalpindi-11593350,2026-09-13T13:42,2026-10-01T23:20,27.0
11993097,PakWheels,Suzuki Alto,2016,27.5,https://www.pakwheels.com/used-cars/suzuki-alto-2016-for-sale-in-islamabad-11993097,2026-09-13T18:47,2026-10-01T23:20,27.5
11992316,PakWheels,Honda N Box,2022,29.5,https://www.pakwheels.com/used-cars/honda-n-box-2022-for-sale-in-islamabad-11992316,2026-09-13T18:47,2026-10-01T23:20,29.5
11995942,PakWheels,Daihatsu Mira,2017,29.75,https://www.pakwheels.com/used-cars/daihatsu-mira-2017-for-sale-in-islamabad-11995942,2026-09-14T14:16,2026-10-01T23:20,29.75
11990384,PakWheels,Suzuki Wagon R,2002,11.5,https://www.pakwheels.com/used-cars/suzuki-wagon-r-2002-for-sale-in-rawalpindi-11990384,2026-09-13T01:26,2026-10-01T23:20,11.5
11989009,PakWheels,Mitsubishi Pajero Mini,2001,14.0,https://www.pakwheels.com/used-cars/mitsubishi-pajero-mini-2001-for-sale-in-islamabad-11989009,2026-09-12T22:45,2026-10-01T23:20,14.0
11989431,PakWheels,Suzuki Alto,2009,14.85,https://www.pakwheels.com/used-cars/suzuki-alto-2009-for-sale-in-islamabad-11989431,2026-09-12T22:45,2026-10-01T23:20,14.85
11988891,PakWheels,Suzuki Kei,2007,17.65,https://www.pakwheels.com/used-cars/suzuki-kei-2007-for-sale-in-rawalpindi-11988891,2026-09-12T17:49,2026-10-01T23:20,17.65
11576871,PakWheels,Mitsubishi EK Wagon,2007,18.0,https://www.pakwheels.com/used-cars/mitsubishi-ek-wagon-2007-for-sale-in-islamabad-11576871,2026-08-27T13:18,2026-10-01T23:20,18.5
11989400,PakWheels,Suzuki Alto,2008,18.5,https://www.pakwheels.com/used-cars/suzuki-alto-2008-for-sale-in-islamabad-11989400,2026-09-12T22:45,2026-10-01T23:20,18.5
11864063,PakWheels,Suzuki Alto,2008,18.9,https://www.pakwheels.com/used-cars/suzuki-alto-2008-for-sale-in-islamabad-11864063,2026-09-12T22:45,2026-10-01T23:20,18.9
11986734,PakWheels,Nissan Roox,2011,18.9,https://www.pakwheels.com/used-cars/nissan-roox-2011-for-sale-in-islamabad-11986734,2026-09-12T13:19,2026-10-01T23:20,18.9
11990518,PakWheels,Daihatsu Mira,2009,20.5,https://www.pakwheels.com/used-cars/daihatsu-mira-2009-for-sale-in-islamabad-11990518,2026-09-13T01:26,2026-10-01T23:20,21.5
11990656,PakWheels,Suzuki Alto,2011,21.5,https://www.pakwheels.com/used-cars/suzuki-alto-2011-for-sale-in-rawalpindi-11990656,2026-09-13T01:26,2026-10-01T23:20,21.5
11989158,PakWheels,Suzuki Alto,2013,21.5,https://www.pakwheels.com/used-cars/suzuki-alto-2013-for-sale-in-islamabad-11989158,2026-09-12T22:45,2026-10-01T23:20,21.5
11987942,PakWheels,Suzuki Alto,2011,21.5,https://www.pakwheels.com/used-cars/suzuki-alto-2011-for-sale-in-islamabad-11987942,2026-09-12T17:49,2026-10-01T23:20,21.5
11991324,PakWheels,Daihatsu Mira ES,2014,23.45,https://www.pakwheels.com/used-cars/daihatsu-mira-2014-for-sale-in-islamabad-11991324,2026-09-13T13:42,2026-10-01T23:20,24.4
11862239,PakWheels,Daihatsu Mira ES,2014,23.7,https://www.pakwheels.com/used-cars/daihatsu-mira-2014-for-sale-in-rawalpindi-11862239,2026-09-12T22:45,2026-10-01T23:20,23.7
11869094,PakWheels,Suzuki Hustler,2014,24.0,https://www.pakwheels.com/used-cars/suzuki-hustler-2014-for-sale-in-islamabad-11869094,2026-08-30T22:25,2026-10-01T23:20,25.5
11964830,PakWheels,Daihatsu Move,2013,24.0,https://www.pakwheels.com/used-cars/daihatsu-move-2013-for-sale-in-islamabad-11964830,2026-09-07T20:00,2026-10-01T23:20,25.0
11989487,PakWheels,Suzuki Alto,2012,24.0,https://www.pakwheels.com/used-cars/suzuki-alto-2012-for-sale-in-islamabad-11989487,2026-09-12T22:45,2026-10-01T23:20,24.0
11988693,PakWheels,Daihatsu Mira ES,2015,25.75,https://www.pakwheels.com/used-cars/daihatsu-mira-2015-for-sale-in-islamabad-11988693,2026-09-12T17:49,2026-10-01T23:20,25.75
11988461,PakWheels,Suzuki Alto,2022,25.9,https://www.pakwheels.com/used-cars/suzuki-alto-2022-for-sale-in-rawalpindi-11988461,2026-09-12T17:49,2026-10-01T23:20,25.9
11990204,PakWheels,Suzuki Alto,2022,26.5,https://www.pakwheels.com/used-cars/suzuki-alto-2022-for-sale-in-islamabad-11990204,2026-09-20T13:58,2026-10-01T23:20,26.5
11987777,PakWheels,Suzuki Wagon R,2014,26.5,https://www.pakwheels.com/used-cars/suzuki-wagon-r-2014-for-sale-in-islamabad-11987777,2026-09-12T17:49,2026-10-01T23:20,26.5
11991110,PakWheels,Daihatsu Mira,2019,26.7,https://www.pakwheels.com/used-cars/daihatsu-mira-2019-for-sale-in-islamabad-11991110,2026-09-13T13:42,2026-10-01T23:20,26.7
11990110,PakWheels,Suzuki Wagon R,2015,26.7,https://www.pakwheels.com/used-cars/suzuki-wagon-r-2015-for-sale-in-islamabad-11990110,2026-09-12T22:45,2026-10-01T23:20,26.7
11990662,PakWheels,Nissan Dayz,2016,27.5,https://www.pakwheels.com/used-cars/nissan-dayz-2016-for-sale-in-rawalpindi-11990662,2026-09-13T01:26,2026-10-01T23:20,28.25
11988873,PakWheels,Suzuki Alto,2021,27.5,https://www.pakwheels.com/used-cars/suzuki-alto-2021-for-sale-in-islamabad-11988873,2026-09-12T17:49,2026-10-01T23:20,27.5
11986991,PakWheels,Suzuki Alto,2024,29.7,https://www.pakwheels.com/used-cars/suzuki-alto-2024-for-sale-in-islamabad-11986991,2026-09-12T17:49,2026-10-01T23:20,29.7
11986085,PakWheels,Suzuki Alto,1993,6.4,https://www.pakwheels.com/used-cars/suzuki-alto-1993-for-sale-in-islamabad-11986085,2026-09-12T13:19,2026-10-01T23:20,6.4
11982016,PakWheels,Suzuki Alto,2007,9.6,https://www.pakwheels.com/used-cars/suzuki-alto-2007-for-sale-in-islamabad-11982016,2026-09-11T13:28,2026-10-01T23:20,10.3
11983402,PakWheels,Suzuki Alto,2006,10.75,https://www.pakwheels.com/used-cars/suzuki-alto-2006-for-sale-in-islamabad-11983402,2026-09-11T18:29,2026-10-01T23:20,10.75
11982381,PakWheels,Suzuki Baleno,2004,11.6,https://www.pakwheels.com/used-cars/suzuki-baleno-2004-for-sale-in-islamabad-11982381,2026-09-11T18:29,2026-10-01T23:20,11.7
11630249,PakWheels,Suzuki Alto,2006,11.98,https://www.pakwheels.com/used-cars/suzuki-alto-2006-for-sale-in-islamabad-11630249,2026-09-11T23:21,2026-10-01T23:20,12.7
11982760,PakWheels,Mitsubishi Pajero Mini,1996,12.0,https://www.pakwheels.com/used-cars/mitsubishi-pajero-mini-1996-for-sale-in-islamabad-11982760,2026-09-11T18:29,2026-10-01T23:20,12.0
11984677,PakWheels,Mitsubishi Pajero Mini,1995,12.5,https://www.pakwheels.com/used-cars/mitsubishi-pajero-mini-1995-for-sale-in-islamabad-11984677,2026-09-11T23:21,2026-10-01T23:20,12.5
11984915,PakWheels,Daihatsu Mira,2007,19.3,https://www.pakwheels.com/used-cars/daihatsu-mira-2007-for-sale-in-rawalpindi-11984915,2026-09-11T23:21,2026-10-01T23:20,19.3
11983122,PakWheels,Nissan Pino,2007,19.75,https://www.pakwheels.com/used-cars/nissan-pino-2007-for-sale-in-islamabad-11983122,2026-09-11T18:29,2026-10-01T23:20,19.75
11982919,PakWheels,Suzuki Alto,2007,20.3,https://www.pakwheels.com/used-cars/suzuki-alto-2007-for-sale-in-islamabad-11982919,2026-09-11T18:29,2026-10-01T23:20,20.3
11983475,PakWheels,Suzuki Alto,2010,20.75,https://www.pakwheels.com/used-cars/suzuki-alto-2010-for-sale-in-rawalpindi-11983475,2026-09-11T18:29,2026-10-01T23:20,21.75
11983093,PakWheels,Suzuki Alto,2010,21.5,https://www.pakwheels.com/used-cars/suzuki-alto-2010-for-sale-in-rawalpindi-11983093,2026-09-11T18:29,2026-10-01T23:20,21.5
11982076,PakWheels,Suzuki Wagon R,2010,21.75,https://www.pakwheels.com/used-cars/suzuki-wagon-r-2010-for-sale-in-rawalpindi-11982076,2026-09-11T13:28,2026-10-01T23:20,21.75
11983904,PakWheels,Suzuki Alto,2011,22.0,https://www.pakwheels.com/used-cars/suzuki-alto-2011-for-sale-in-rawalpindi-11983904,2026-09-11T18:29,2026-10-01T23:20,22.5
11985052,PakWheels,Daihatsu Mira,2012,22.7,https://www.pakwheels.com/used-cars/daihatsu-mira-2012-for-sale-in-islamabad-11985052,2026-09-11T23:21,2026-10-01T23:20,23.5
11981867,PakWheels,Honda N Box,2014,23.5,https://www.pakwheels.com/used-cars/honda-n-box-2014-for-sale-in-islamabad-11981867,2026-09-11T13:28,2026-10-01T23:20,23.5
11986199,PakWheels,Suzuki Alto,2010,24.0,https://www.pakwheels.com/used-cars/suzuki-alto-2010-for-sale-in-islamabad-11986199,2026-09-12T13:19,2026-10-01T23:20,24.0
11983204,PakWheels,Suzuki Wagon R,2012,24.0,https://www.pakwheels.com/used-cars/suzuki-wagon-r-2012-for-sale-in-islamabad-11983204,2026-09-11T18:29,2026-10-01T23:20,24.0
11982383,PakWheels,Suzuki Wagon R,2012,24.0,https://www.pakwheels.com/used-cars/suzuki-wagon-r-2012-for-sale-in-rawalpindi-11982383,2026-09-11T18:29,2026-10-01T23:20,24.0
11983152,PakWheels,Suzuki Alto,2012,24.15,https://www.pakwheels.com/used-cars/suzuki-alto-2012-for-sale-in-islamabad-11983152,2026-09-11T18:29,2026-10-01T23:20,24.15
11983914,PakWheels,Suzuki Alto,2012,24.5,https://www.pakwheels.com/used-cars/suzuki-alto-2012-for-sale-in-islamabad-11983914,2026-09-11T18:29,2026-10-01T23:20,24.5
11982965,PakWheels,Daihatsu Mira ES,2012,24.95,https://www.pakwheels.com/used-cars/daihatsu-mira-2012-for-sale-in-islamabad-11982965,2026-09-11T18:29,2026-10-01T23:20,24.95
11984746,PakWheels,Daihatsu Mira ES,2013,25.0,https://www.pakwheels.com/used-cars/daihatsu-mira-2013-for-sale-in-islamabad-11984746,2026-09-11T23:21,2026-10-01T23:20,25.0
11982643,PakWheels,Daihatsu Terios Kid,2012,25.0,https://www.pakwheels.com/used-cars/daihatsu-terios-kid-2012-for-sale-in-islamabad-11982643,2026-09-11T18:29,2026-10-01T23:20,25.0
11982174,PakWheels,Suzuki Alto,2019,25.45,https://www.pakwheels.com/used-cars/suzuki-alto-2019-for-sale-in-rawalpindi-11982174,2026-09-16T13:58,2026-10-01T23:20,25.45
11983900,PakWheels,Daihatsu Mira ES,2013,25.5,https://www.pakwheels.com/used-cars/daihatsu-mira-2013-for-sale-in-islamabad-11983900,2026-09-11T18:29,2026-10-01T23:20,25.5
11981924,PakWheels,Daihatsu Mira ES,2012,25.5,https://www.pakwheels.com/used-cars/daihatsu-mira-2012-for-sale-in-islamabad-11981924,2026-09-11T13:28,2026-10-01T23:20,25.5
11985942,PakWheels,Nissan Dayz,2015,26.75,https://www.pakwheels.com/used-cars/nissan-dayz-2015-for-sale-in-rawalpindi-11985942,2026-09-12T13:19,2026-10-01T23:20,26.75
11983813,PakWheels,Suzuki Alto,2021,27.5,https://www.pakwheels.com/used-cars/suzuki-alto-2021-for-sale-in-islamabad-11983813,2026-09-11T18:29,2026-10-01T23:20,27.5
11986215,PakWheels,Suzuki Alto,2018,28.0,https://www.pakwheels.com/used-cars/suzuki-alto-2018-for-sale-in-islamabad-11986215,2026-09-12T13:19,2026-10-01T23:20,28.0
11986175,PakWheels,Mitsubishi EK Wagon,2018,28.0,https://www.pakwheels.com/used-cars/mitsubishi-ek-wagon-2018-for-sale-in-rawalpindi-11986175,2026-09-12T13:19,2026-10-01T23:20,28.0
11983844,PakWheels,Nissan Dayz,2018,28.25,https://www.pakwheels.com/used-cars/nissan-dayz-2018-for-sale-in-islamabad-11983844,2026-09-11T18:29,2026-10-01T23:20,28.5
11983194,PakWheels,Suzuki Alto,2024,29.0,https://www.pakwheels.com/used-cars/suzuki-alto-2024-for-sale-in-rawalpindi-11983194,2026-09-11T18:29,2026-10-01T23:20,29.0
11977712,PakWheels,Suzuki Alto,2006,13.0,https://www.pakwheels.com/used-cars/suzuki-alto-2006-for-sale-in-rawalpindi-11977712,2026-09-10T13:30,2026-10-01T23:20,13.0
1119093088,OLX,Nissan March,2000,13.0,https://www.olx.com.pk/item/-iid-1119093088,2026-09-10T13:30,2026-10-01T23:20,13.0
11980905,PakWheels,Daihatsu Mira,2006,15.0,https://www.pakwheels.com/used-cars/daihatsu-mira-2006-for-sale-in-rawalpindi-11980905,2026-09-11T13:28,2026-10-01T23:20,16.0
1119044406,OLX,Suzuki Kei,2002,15.5,https://www.olx.com.pk/item/-iid-1119044406,2026-09-09T13:31,2026-10-01T23:20,15.5
11980517,PakWheels,Daihatsu Terios Kid,2002,16.8,https://www.pakwheels.com/used-cars/daihatsu-terios-kid-2002-for-sale-in-islamabad-11980517,2026-09-10T23:16,2026-10-01T23:20,16.8
11979279,PakWheels,Mitsubishi EK Wagon,2006,17.89,https://www.pakwheels.com/used-cars/mitsubishi-ek-wagon-2006-for-sale-in-islamabad-11979279,2026-09-10T18:31,2026-10-01T23:20,17.89
11979067,PakWheels,Suzuki Alto,2007,18.2,https://www.pakwheels.com/used-cars/suzuki-alto-2007-for-sale-in-islamabad-11979067,2026-09-10T18:31,2026-10-01T23:20,18.45
11978663,PakWheels,Nissan Pino,2007,18.5,https://www.pakwheels.com/used-cars/nissan-pino-2007-for-sale-in-rawalpindi-11978663,2026-09-10T18:31,2026-10-01T23:20,18.5
1119197172,OLX,Nissan Roox,2011,18.89,https://www.olx.com.pk/item/-iid-1119197172,2026-09-12T13:19,2026-10-01T23:20,18.89
11977604,PakWheels,Daihatsu Move,2007,19.0,https://www.pakwheels.com/used-cars/daihatsu-move-2007-for-sale-in-rawalpindi-11977604,2026-09-10T13:30,2026-10-01T23:20,20.0
11643155,PakWheels,Suzuki Jimny,1992,20.0,https://www.pakwheels.com/used-cars/suzuki-jimny-1992-for-sale-in-islamabad-11643155,2026-09-11T13:28,2026-10-01T23:20,20.0
11853297,PakWheels,Suzuki Wagon R,2011,20.0,https://www.pakwheels.com/used-cars/suzuki-wagon-r-2011-for-sale-in-rawalpindi-11853297,2026-09-10T18:31,2026-10-01T23:20,21.5
11980607,PakWheels,Nissan Moco,2012,21.5,https://www.pakwheels.com/used-cars/nissan-moco-2012-for-sale-in-rawalpindi-11980607,2026-09-10T23:16,2026-10-01T23:20,22.0
1119030629,OLX,Toyota Belta,2007,21.5,https://www.olx.com.pk/item/-iid-1119030629,2026-09-08T13:29,2026-10-01T23:20,21.5
1119113725,OLX,Suzuki Jimny,2007,22.5,https://www.olx.com.pk/item/-iid-1119113725,2026-09-10T13:30,2026-10-01T23:20,22.5
1117723289,OLX,Toyota Belta,2009,22.5,https://www.olx.com.pk/item/-iid-1117723289,2026-09-10T13:30,2026-10-01T23:20,22.5
1119045627,OLX,Toyota Vitz,2008,22.85,https://www.olx.com.pk/item/-iid-1119045627,2026-09-09T13:31,2026-10-01T23:20,23.75
11981575,PakWheels,Daihatsu Mira ES,2012,23.0,https://www.pakwheels.com/used-cars/daihatsu-mira-2012-for-sale-in-islamabad-11981575,2026-09-11T13:28,2026-10-01T23:20,23.0
11980123,PakWheels,Daihatsu Move Conte,2011,23.0,https://www.pakwheels.com/used-cars/daihatsu-move-conte-2011-for-sale-in-islamabad-11980123,2026-09-10T23:16,2026-10-01T23:20,23.0
11978909,PakWheels,Daihatsu Move,2014,23.0,https://www.pakwheels.com/used-cars/daihatsu-move-2014-for-sale-in-rawalpindi-11978909,2026-09-10T18:31,2026-10-01T23:20,23.0
1119188494,OLX,Mazda Flair,2014,23.0,https://www.olx.com.pk/item/-iid-1119188494,2026-09-12T13:19,2026-10-01T23:20,23.5
1119098608,OLX,Toyota Belta,2006,23.5,https://www.olx.com.pk/item/-iid-1119098608,2026-09-12T13:19,2026-10-01T23:20,23.5
1119176962,OLX,Toyota Belta,2007,23.7,https://www.olx.com.pk/item/-iid-1119176962,2026-09-12T13:19,2026-10-01T23:20,24.5
1119125586,OLX,Toyota Belta,2013,23.9,https://www.olx.com.pk/item/-iid-1119125586,2026-09-11T13:28,2026-10-01T23:20,23.9
1119100408,OLX,Suzuki Alto,2014,23.95,https://www.olx.com.pk/item/-iid-1119100408,2026-09-10T13:30,2026-10-01T23:20,23.95
11978903,PakWheels,Nissan Dayz,2015,24.0,https://www.pakwheels.com/used-cars/nissan-dayz-2015-for-sale-in-islamabad-11978903,2026-09-10T18:31,2026-10-01T23:20,24.0
1100694033,OLX,Nissan Dayz,2016,24.0,https://www.olx.com.pk/item/-iid-1100694033,2026-09-10T13:30,2026-10-01T23:20,24.0
1119139878,OLX,Toyota Belta,2026,24.0,https://www.olx.com.pk/item/-iid-1119139878,2026-09-11T13:28,2026-10-01T23:20,24.0
1119137585,OLX,Toyota Belta,2013,24.3,https://www.olx.com.pk/item/-iid-1119137585,2026-09-11T13:28,2026-10-01T23:20,24.3
11981128,PakWheels,Nissan Moco,2013,25.0,https://www.pakwheels.com/used-cars/nissan-moco-2013-for-sale-in-islamabad-11981128,2026-09-11T13:28,2026-10-01T23:20,25.0
1117534138,OLX,Suzuki Jimny,2013,25.0,https://www.olx.com.pk/item/-iid-1117534138,2026-09-07T13:10,2026-10-01T23:20,25.0
11981223,PakWheels,Suzuki Alto,2014,26.0,https://www.pakwheels.com/used-cars/suzuki-alto-2014-for-sale-in-islamabad-11981223,2026-09-11T13:28,2026-10-01T23:20,26.0
11979858,PakWheels,Daihatsu Mira ES,2016,26.0,https://www.pakwheels.com/used-cars/daihatsu-mira-2016-for-sale-in-rawalpindi-11979858,2026-09-10T23:16,2026-10-01T23:20,26.0
1119101551,OLX,Nissan Dayz,2017,26.2,https://www.olx.com.pk/item/-iid-1119101551,2026-09-10T13:30,2026-10-01T23:20,26.2
11978330,PakWheels,Daihatsu Mira ES,2013,26.5,https://www.pakwheels.com/used-cars/daihatsu-mira-2013-for-sale-in-islamabad-11978330,2026-09-10T18:31,2026-10-01T23:20,26.5
1119095325,OLX,Daihatsu Boon,2010,26.5,https://www.olx.com.pk/item/-iid-1119095325,2026-09-10T13:30,2026-10-01T23:20,26.5
11978956,PakWheels,Suzuki Wagon R,2016,26.9,https://www.pakwheels.com/used-cars/suzuki-wagon-r-2016-for-sale-in-rawalpindi-11978956,2026-09-10T18:31,2026-10-01T23:20,26.9
11978554,PakWheels,Suzuki Alto,2022,26.9,https://www.pakwheels.com/used-cars/suzuki-alto-2022-for-sale-in-rawalpindi-11978554,2026-09-10T18:31,2026-10-01T23:20,26.9
1119220868,OLX,Toyota Passo,2014,28.9,https://www.olx.com.pk/item/-iid-1119220868,2026-09-22T13:57,2026-10-01T23:20,28.9
11977758,PakWheels,Mazda Carol,2019,29.8,https://www.pakwheels.com/used-cars/mazda-carol-2019-for-sale-in-islamabad-11977758,2026-09-10T13:30,2026-10-01T23:20,29.8
11978077,PakWheels,Daihatsu Tanto,2018,29.9,https://www.pakwheels.com/used-cars/daihatsu-tanto-2018-for-sale-in-islamabad-11978077,2026-09-10T18:31,2026-10-01T23:20,29.9
11975742,PakWheels,Suzuki Alto,2009,12.95,https://www.pakwheels.com/used-cars/suzuki-alto-2009-for-sale-in-rawalpindi-11975742,2026-09-09T23:28,2026-10-01T23:20,12.95
11728421,PakWheels,Suzuki MR Wagon,2012,16.5,https://www.pakwheels.com/used-cars/mazda-scrum-van-2012-for-sale-in-rawalpindi-11728421,2026-08-13T09:56,2026-10-01T23:20,17.5
11976439,PakWheels,Nissan Moco,2013,17.5,https://www.pakwheels.com/used-cars/nissan-moco-2013-for-sale-in-islamabad-11976439,2026-09-09T23:28,2026-10-01T23:20,17.5
11583074,PakWheels,Mitsubishi i,2008,17.5,https://www.pakwheels.com/used-cars/mitsubishi-i-2008-for-sale-in-rawalpindi-11583074,2026-09-09T23:28,2026-10-01T23:20,17.5
11973140,PakWheels,Honda Zest,2007,18.0,https://www.pakwheels.com/used-cars/honda-zest-2007-for-sale-in-rawalpindi-11973140,2026-09-09T13:31,2026-10-01T23:20,18.0
11975401,PakWheels,Honda Zest,2007,18.5,https://www.pakwheels.com/used-cars/honda-zest-2007-for-sale-in-rawalpindi-11975401,2026-09-09T23:28,2026-10-01T23:20,18.5
11976620,PakWheels,Mitsubishi EK Wagon,2007,18.9,https://www.pakwheels.com/used-cars/mitsubishi-ek-wagon-2007-for-sale-in-rawalpindi-11976620,2026-09-10T13:30,2026-10-01T23:20,18.9
11974728,PakWheels,Suzuki Wagon R,2007,19.0,https://www.pakwheels.com/used-cars/suzuki-wagon-r-2007-for-sale-in-islamabad-11974728,2026-09-09T18:40,2026-10-01T23:20,19.0
11809586,PakWheels,Daihatsu Sonica,2007,19.0,https://www.pakwheels.com/used-cars/daihatsu-sonica-2007-for-sale-in-islamabad-11809586,2026-09-09T18:40,2026-10-01T23:20,19.0
11976288,PakWheels,Daihatsu Mira,2014,19.8,https://www.pakwheels.com/used-cars/daihatsu-mira-2014-for-sale-in-rawalpindi-11976288,2026-09-10T18:31,2026-10-01T23:20,19.8
11975668,PakWheels,Daihatsu Esse,2007,20.0,https://www.pakwheels.com/used-cars/daihatsu-esse-2007-for-sale-in-islamabad-11975668,2026-09-09T23:28,2026-10-01T23:20,22.5
11973507,PakWheels,Honda Zest,2010,20.5,https://www.pakwheels.com/used-cars/honda-zest-2010-for-sale-in-rawalpindi-11973507,2026-09-09T18:40,2026-10-01T23:20,21.5
11974092,PakWheels,Suzuki Wagon R,2007,21.0,https://www.pakwheels.com/used-cars/suzuki-wagon-r-2007-for-sale-in-islamabad-11974092,2026-09-09T18:40,2026-10-01T23:20,21.0
11974206,PakWheels,Suzuki Wagon R,2011,21.25,https://www.pakwheels.com/used-cars/suzuki-wagon-r-2011-for-sale-in-rawalpindi-11974206,2026-09-09T18:40,2026-10-01T23:20,21.25
11977222,PakWheels,Daihatsu Mira,2011,21.8,https://www.pakwheels.com/used-cars/daihatsu-mira-2011-for-sale-in-islamabad-11977222,2026-09-10T13:30,2026-10-01T23:20,21.8
11974755,PakWheels,Daihatsu Move,2014,22.8,https://www.pakwheels.com/used-cars/daihatsu-move-2014-for-sale-in-islamabad-11974755,2026-09-09T18:40,2026-10-01T23:20,22.8
11974153,PakWheels,Nissan Moco,2010,23.7,https://www.pakwheels.com/used-cars/nissan-moco-2010-for-sale-in-islamabad-11974153,2026-09-09T18:40,2026-10-01T23:20,23.7
11976935,PakWheels,Daihatsu Mira,2012,23.78,https://www.pakwheels.com/used-cars/daihatsu-mira-2012-for-sale-in-islamabad-11976935,2026-09-10T13:30,2026-10-01T23:20,23.78
11973410,PakWheels,Suzuki Alto,2020,24.3,https://www.pakwheels.com/used-cars/suzuki-alto-2020-for-sale-in-islamabad-11973410,2026-09-09T13:31,2026-10-01T23:20,24.3
11661609,PakWheels,Daihatsu Mira ES,2013,24.75,https://www.pakwheels.com/used-cars/daihatsu-mira-2013-for-sale-in-islamabad-11661609,2026-09-10T13:30,2026-10-01T23:20,24.75
11973221,PakWheels,Suzuki Alto,2020,25.8,https://www.pakwheels.com/used-cars/suzuki-alto-2020-for-sale-in-rawalpindi-11973221,2026-09-09T13:31,2026-10-01T23:20,25.8
11974653,PakWheels,Suzuki Alto,2021,26.2,https://www.pakwheels.com/used-cars/suzuki-alto-2021-for-sale-in-rawalpindi-11974653,2026-09-09T18:40,2026-10-01T23:20,26.2
11975770,PakWheels,Suzuki Alto,2021,27.0,https://www.pakwheels.com/used-cars/suzuki-alto-2021-for-sale-in-rawalpindi-11975770,2026-09-09T23:28,2026-10-01T23:20,27.0
11974643,PakWheels,Suzuki Alto,2023,28.8,https://www.pakwheels.com/used-cars/suzuki-alto-2023-for-sale-in-islamabad-11974643,2026-09-09T18:40,2026-10-01T23:20,28.8
11970313,PakWheels,Suzuki Alto,1992,6.5,https://www.pakwheels.com/used-cars/suzuki-alto-1992-for-sale-in-islamabad-11970313,2026-09-08T18:29,2026-10-01T23:20,6.5
11244710,PakWheels,Suzuki Alto,2010,12.5,https://www.pakwheels.com/used-cars/suzuki-alto-2010-for-sale-in-islamabad-11244710,2026-09-08T18:29,2026-10-01T23:20,12.5
11826562,PakWheels,Mitsubishi Minica,2007,13.5,https://www.pakwheels.com/used-cars/mitsubishi-minica-2007-for-sale-in-rawalpindi-11826562,2026-09-08T13:29,2026-10-01T23:20,13.5
11968939,PakWheels,Daihatsu Mira,2008,15.5,https://www.pakwheels.com/used-cars/daihatsu-mira-2008-for-sale-in-islamabad-11968939,2026-09-08T13:29,2026-10-01T23:20,15.5
11779211,PakWheels,Daihatsu Mira,2009,16.75,https://www.pakwheels.com/used-cars/daihatsu-mira-2009-for-sale-in-islamabad-11779211,2026-09-08T13:29,2026-10-01T23:20,17.9
11970698,PakWheels,Daihatsu Mira ES,2008,16.85,https://www.pakwheels.com/used-cars/daihatsu-mira-2008-for-sale-in-islamabad-11970698,2026-09-08T18:29,2026-10-01T23:20,17.85
11969421,PakWheels,Suzuki Alto,2011,17.0,https://www.pakwheels.com/used-cars/suzuki-alto-2011-for-sale-in-islamabad-11969421,2026-09-08T18:29,2026-10-01T23:20,17.0
11971088,PakWheels,Suzuki Alto,2007,17.5,https://www.pakwheels.com/used-cars/suzuki-alto-2007-for-sale-in-islamabad-11971088,2026-09-08T23:28,2026-10-01T23:20,18.0
11969824,PakWheels,Suzuki Alto,2008,19.5,https://www.pakwheels.com/used-cars/suzuki-alto-2008-for-sale-in-islamabad-11969824,2026-09-08T18:29,2026-10-01T23:20,19.5
11972765,PakWheels,Suzuki Wagon R,2007,20.5,https://www.pakwheels.com/used-cars/suzuki-wagon-r-2007-for-sale-in-islamabad-11972765,2026-09-09T13:31,2026-10-01T23:20,21.0
11969247,PakWheels,Nissan Pino,2009,22.0,https://www.pakwheels.com/used-cars/nissan-pino-2009-for-sale-in-rawalpindi-11969247,2026-09-08T18:29,2026-10-01T23:20,22.0
11970821,PakWheels,Mitsubishi EK Wagon,2013,22.9,https://www.pakwheels.com/used-cars/mitsubishi-ek-wagon-2013-for-sale-in-islamabad-11970821,2026-09-08T18:29,2026-10-01T23:20,23.5
11971352,PakWheels,Suzuki Alto,2019,24.0,https://www.pakwheels.com/used-cars/suzuki-alto-2019-for-sale-in-islamabad-11971352,2026-09-08T23:28,2026-10-01T23:20,24.0
11971261,PakWheels,Nissan Dayz,2016,24.25,https://www.pakwheels.com/used-cars/nissan-dayz-2016-for-sale-in-islamabad-11971261,2026-09-08T23:28,2026-10-01T23:20,24.5
11972749,PakWheels,Suzuki Alto,2014,24.5,https://www.pakwheels.com/used-cars/suzuki-alto-2014-for-sale-in-islamabad-11972749,2026-09-09T13:31,2026-10-01T23:20,24.5
11966803,PakWheels,Nissan Dayz,2013,25.0,https://www.pakwheels.com/used-cars/nissan-dayz-2013-for-sale-in-islamabad-11966803,2026-09-08T13:29,2026-10-01T23:20,25.0
11972902,PakWheels,Suzuki Alto,2021,25.3,https://www.pakwheels.com/used-cars/suzuki-alto-2021-for-sale-in-islamabad-11972902,2026-09-09T13:31,2026-10-01T23:20,25.3
11971372,PakWheels,Suzuki Alto,2022,25.5,https://www.pakwheels.com/used-cars/suzuki-alto-2022-for-sale-in-rawalpindi-11971372,2026-09-08T23:28,2026-10-01T23:20,25.5
11965257,PakWheels,Daihatsu Mira,2006,16.3,https://www.pakwheels.com/used-cars/daihatsu-mira-2006-for-sale-in-islamabad-11965257,2026-09-07T20:00,2026-10-01T23:20,16.3
11966814,PakWheels,Suzuki Alto,2007,17.5,https://www.pakwheels.com/used-cars/suzuki-alto-2007-for-sale-in-islamabad-11966814,2026-09-08T00:08,2026-10-01T23:20,17.8
11966348,PakWheels,Mitsubishi EK Wagon,2006,18.2,https://www.pakwheels.com/used-cars/mitsubishi-ek-wagon-2006-for-sale-in-rawalpindi-11966348,2026-09-07T20:00,2026-10-01T23:20,18.2
11965029,PakWheels,Suzuki Alto,2009,18.5,https://www.pakwheels.com/used-cars/suzuki-alto-2009-for-sale-in-rawalpindi-11965029,2026-09-07T20:00,2026-10-01T23:20,18.5
11967417,PakWheels,Daihatsu Esse,2010,18.9,https://www.pakwheels.com/used-cars/daihatsu-esse-2010-for-sale-in-islamabad-11967417,2026-09-08T00:08,2026-10-01T23:20,18.9
11967237,PakWheels,Nissan Roox,2012,18.9,https://www.pakwheels.com/used-cars/nissan-roox-2012-for-sale-in-rawalpindi-11967237,2026-09-08T00:08,2026-10-01T23:20,18.9
11626392,PakWheels,Mitsubishi EK Wagon,2009,20.5,https://www.pakwheels.com/used-cars/mitsubishi-ek-wagon-2009-for-sale-in-rawalpindi-11626392,2026-09-07T20:00,2026-10-01T23:20,21.5
11867659,PakWheels,Suzuki Wagon R,2007,20.5,https://www.pakwheels.com/used-cars/suzuki-wagon-r-2007-for-sale-in-islamabad-11867659,2026-09-07T20:00,2026-10-01T23:20,20.5
11964295,PakWheels,Suzuki Wagon R,2012,21.3,https://www.pakwheels.com/used-cars/suzuki-wagon-r-2012-for-sale-in-islamabad-11964295,2026-09-07T13:10,2026-10-01T23:20,21.3
11964577,PakWheels,Suzuki Alto,2008,21.5,https://www.pakwheels.com/used-cars/suzuki-alto-2008-for-sale-in-rawalpindi-11964577,2026-09-07T20:00,2026-10-01T23:20,21.5
11965011,PakWheels,Nissan Dayz,2017,25.5,https://www.pakwheels.com/used-cars/nissan-dayz-2017-for-sale-in-islamabad-11965011,2026-09-07T20:00,2026-10-01T23:20,25.5
11968350,PakWheels,Daihatsu Move,2013,26.0,https://www.pakwheels.com/used-cars/daihatsu-move-2013-for-sale-in-islamabad-11968350,2026-09-08T13:29,2026-10-01T23:20,26.0
11965209,PakWheels,Suzuki Alto,2018,26.5,https://www.pakwheels.com/used-cars/suzuki-alto-2018-for-sale-in-rawalpindi-11965209,2026-09-07T20:00,2026-10-01T23:20,26.5
11968000,PakWheels,Suzuki Alto,2015,27.5,https://www.pakwheels.com/used-cars/suzuki-alto-2015-for-sale-in-islamabad-11968000,2026-09-08T13:29,2026-10-01T23:20,27.5
11967652,PakWheels,Suzuki Wagon R,2017,27.8,https://www.pakwheels.com/used-cars/suzuki-wagon-r-2017-for-sale-in-rawalpindi-11967652,2026-09-08T13:29,2026-10-01T23:20,27.8
11964854,PakWheels,Suzuki Alto,2024,28.5,https://www.pakwheels.com/used-cars/suzuki-alto-2024-for-sale-in-islamabad-11964854,2026-09-07T20:00,2026-10-01T23:20,28.5
11966997,PakWheels,Suzuki Alto,2024,29.5,https://www.pakwheels.com/used-cars/suzuki-alto-2024-for-sale-in-islamabad-11966997,2026-09-08T00:08,2026-10-01T23:20,29.5
11959901,PakWheels,Suzuki Alto,2004,11.35,https://www.pakwheels.com/used-cars/suzuki-alto-2004-for-sale-in-islamabad-11959901,2026-09-06T17:49,2026-10-01T23:20,11.35
11962301,PakWheels,Daihatsu Esse,2009,16.9,https://www.pakwheels.com/used-cars/daihatsu-esse-2009-for-sale-in-islamabad-11962301,2026-09-06T22:36,2026-10-01T23:20,16.9
11961697,PakWheels,Mitsubishi EK Wagon,2006,17.5,https://www.pakwheels.com/used-cars/mitsubishi-ek-wagon-2006-for-sale-in-islamabad-11961697,2026-09-06T22:36,2026-10-01T23:20,17.5
11962431,PakWheels,Suzuki Alto,2007,18.5,https://www.pakwheels.com/used-cars/suzuki-alto-2007-for-sale-in-rawalpindi-11962431,2026-09-06T22:36,2026-10-01T23:20,18.5
11963364,PakWheels,Suzuki Alto,2009,21.3,https://www.pakwheels.com/used-cars/suzuki-alto-2009-for-sale-in-islamabad-11963364,2026-09-07T01:17,2026-10-01T23:20,21.3
11960019,PakWheels,Suzuki Alto,2014,23.5,https://www.pakwheels.com/used-cars/suzuki-alto-2014-for-sale-in-rawalpindi-11960019,2026-09-06T17:49,2026-10-01T23:20,23.5
11958185,PakWheels,Mitsubishi EK Wagon,2016,25.5,https://www.pakwheels.com/used-cars/mitsubishi-ek-wagon-2016-for-sale-in-rawalpindi-11958185,2026-09-06T17:49,2026-10-01T23:20,25.5
11963927,PakWheels,Suzuki Alto,2014,26.0,https://www.pakwheels.com/used-cars/suzuki-alto-2014-for-sale-in-islamabad-11963927,2026-09-07T13:10,2026-10-01T23:20,26.0
11962944,PakWheels,Daihatsu Tanto,2015,27.3,https://www.pakwheels.com/used-cars/daihatsu-tanto-2015-for-sale-in-islamabad-11962944,2026-09-06T22:36,2026-10-01T23:20,27.3
11962087,PakWheels,Suzuki Alto,2024,27.95,https://www.pakwheels.com/used-cars/suzuki-alto-2024-for-sale-in-islamabad-11962087,2026-09-06T22:36,2026-10-01T23:20,27.95
11959963,PakWheels,Suzuki Alto,2024,28.75,https://www.pakwheels.com/used-cars/suzuki-alto-2024-for-sale-in-islamabad-11959963,2026-09-06T17:49,2026-10-01T23:20,28.75
11958838,PakWheels,Suzuki Alto,2004,11.0,https://www.pakwheels.com/used-cars/suzuki-alto-2004-for-sale-in-rawalpindi-11958838,2026-09-06T13:18,2026-10-01T23:20,12.5
11653580,PakWheels,Mitsubishi Pajero Mini,1995,11.99,https://www.pakwheels.com/used-cars/mitsubishi-pajero-mini-1995-for-sale-in-islamabad-11653580,2026-09-05T17:33,2026-10-01T23:20,11.99
11470563,PakWheels,Mitsubishi Pajero Mini,2003,14.5,https://www.pakwheels.com/used-cars/mitsubishi-pajero-mini-2003-for-sale-in-islamabad-11470563,2026-09-06T01:12,2026-10-01T23:20,14.5
11957062,PakWheels,Daihatsu Mira,2007,15.4,https://www.pakwheels.com/used-cars/daihatsu-mira-2007-for-sale-in-islamabad-11957062,2026-09-05T22:16,2026-10-01T23:20,15.4
11958381,PakWheels,Mitsubishi EK Wagon,2007,15.5,https://www.pakwheels.com/used-cars/mitsubishi-ek-wagon-2007-for-sale-in-rawalpindi-11958381,2026-09-06T01:12,2026-10-01T23:20,16.0
11957587,PakWheels,Daihatsu Mira,2007,15.5,https://www.pakwheels.com/used-cars/daihatsu-mira-2007-for-sale-in-rawalpindi-11957587,2026-09-05T22:16,2026-10-01T23:20,15.5
11959272,PakWheels,Daihatsu Esse,2007,16.7,https://www.pakwheels.com/used-cars/daihatsu-esse-2007-for-sale-in-rawalpindi-11959272,2026-09-06T13:18,2026-10-01T23:20,16.7
11955004,PakWheels,Daihatsu Esse,2007,16.8,https://www.pakwheels.com/used-cars/daihatsu-esse-2007-for-sale-in-rawalpindi-11955004,2026-09-05T13:05,2026-10-01T23:20,16.8
11957454,PakWheels,Mitsubishi EK Wagon,2008,17.95,https://www.pakwheels.com/used-cars/mitsubishi-ek-wagon-2008-for-sale-in-islamabad-11957454,2026-09-05T22:16,2026-10-01T23:20,17.95
11954973,PakWheels,Suzuki Alto,2008,18.2,https://www.pakwheels.com/used-cars/suzuki-alto-2008-for-sale-in-rawalpindi-11954973,2026-09-05T13:05,2026-10-01T23:20,18.2
11830162,PakWheels,Daihatsu Esse,2007,18.5,https://www.pakwheels.com/used-cars/daihatsu-esse-2007-for-sale-in-rawalpindi-11830162,2026-09-05T17:33,2026-10-01T23:20,18.5
11955045,PakWheels,Mazda Carol,2012,23.0,https://www.pakwheels.com/used-cars/mazda-carol-2012-for-sale-in-rawalpindi-11955045,2026-09-05T13:05,2026-10-01T23:20,23.0
11957470,PakWheels,Suzuki Hustler,2015,24.0,https://www.pakwheels.com/used-cars/suzuki-hustler-2015-for-sale-in-islamabad-11957470,2026-09-05T22:16,2026-10-01T23:20,24.0
11955883,PakWheels,Suzuki Alto,2024,25.0,https://www.pakwheels.com/used-cars/suzuki-alto-2024-for-sale-in-islamabad-11955883,2026-09-05T17:33,2026-10-01T23:20,25.0
11832065,PakWheels,Suzuki Wagon R,2014,25.5,https://www.pakwheels.com/used-cars/suzuki-wagon-r-2014-for-sale-in-islamabad-11832065,2026-08-09T13:20,2026-10-01T23:20,25.5
11956223,PakWheels,Toyota Pixis,2012,25.6,https://www.pakwheels.com/used-cars/toyota-pixis-epoch-2012-for-sale-in-islamabad-11956223,2026-09-05T17:33,2026-10-01T23:20,25.6
11955590,PakWheels,Toyota Pixis,2012,25.6,https://www.pakwheels.com/used-cars/toyota-pixis-epoch-2012-for-sale-in-islamabad-11955590,2026-09-05T17:33,2026-10-01T23:20,25.6
11956950,PakWheels,Daihatsu Mira ES,2016,26.5,https://www.pakwheels.com/used-cars/daihatsu-mira-2016-for-sale-in-rawalpindi-11956950,2026-09-06T13:18,2026-10-01T23:20,26.5
11951943,PakWheels,Nissan Dayz,2017,26.5,https://www.pakwheels.com/used-cars/nissan-dayz-2017-for-sale-in-islamabad-11951943,2026-09-05T13:05,2026-10-01T23:20,26.5
11832670,PakWheels,Suzuki Alto,2022,28.75,https://www.pakwheels.com/used-cars/suzuki-alto-2022-for-sale-in-islamabad-11832670,2026-09-19T18:02,2026-10-01T23:20,28.75
11955258,PakWheels,Suzuki Spacia Gear,2018,30.0,https://www.pakwheels.com/used-cars/suzuki-spacia-2018-for-sale-in-rawalpindi-11955258,2026-09-05T17:33,2026-10-01T23:20,30.0
11951982,PakWheels,Daihatsu Mira,2006,18.3,https://www.pakwheels.com/used-cars/daihatsu-mira-2006-for-sale-in-islamabad-11951982,2026-09-04T17:25,2026-10-01T23:20,18.3
11953017,PakWheels,Mitsubishi Pajero Mini,2012,20.0,https://www.pakwheels.com/used-cars/mitsubishi-pajero-mini-2012-for-sale-in-rawalpindi-11953017,2026-09-04T20:55,2026-10-01T23:20,20.0
11954723,PakWheels,Suzuki Alto,2007,20.0,https://www.pakwheels.com/used-cars/suzuki-alto-2007-for-sale-in-islamabad-11954723,2026-09-05T13:05,2026-10-01T23:20,20.0
11832882,PakWheels,Daihatsu Move,2009,20.6,https://www.pakwheels.com/used-cars/daihatsu-move-2009-for-sale-in-islamabad-11832882,2026-08-27T13:18,2026-10-01T23:20,22.5
11951534,PakWheels,Daihatsu Mira,2016,22.35,https://www.pakwheels.com/used-cars/daihatsu-mira-2016-for-sale-in-rawalpindi-11951534,2026-09-04T17:25,2026-10-01T23:20,22.35
11954612,PakWheels,Suzuki Jimny,1997,23.0,https://www.pakwheels.com/used-cars/suzuki-jimny-1997-for-sale-in-islamabad-11954612,2026-09-05T13:05,2026-10-01T23:20,23.0
11951479,PakWheels,Suzuki Wagon R,2013,25.4,https://www.pakwheels.com/used-cars/suzuki-wagon-r-2013-for-sale-in-rawalpindi-11951479,2026-09-04T17:25,2026-10-01T23:20,25.4
11953885,PakWheels,Suzuki Alto,2014,26.5,https://www.pakwheels.com/used-cars/suzuki-alto-2014-for-sale-in-islamabad-11953885,2026-09-05T13:05,2026-10-01T23:20,26.5
10740570,PakWheels,Mitsubishi EK Wagon,2017,26.5,https://www.pakwheels.com/used-cars/mitsubishi-ek-wagon-2017-for-sale-in-rawalpindi-10740570,2026-09-05T13:05,2026-10-01T23:20,26.5
11954666,PakWheels,Suzuki Alto,2022,27.0,https://www.pakwheels.com/used-cars/suzuki-alto-2022-for-sale-in-rawalpindi-11954666,2026-09-05T13:05,2026-10-01T23:20,27.0
11954346,PakWheels,Suzuki Wagon R,2017,27.0,https://www.pakwheels.com/used-cars/suzuki-wagon-r-2017-for-sale-in-islamabad-11954346,2026-09-05T13:05,2026-10-01T23:20,27.0
11952381,PakWheels,Suzuki Alto,2022,27.4,https://www.pakwheels.com/used-cars/suzuki-alto-2022-for-sale-in-islamabad-11952381,2026-09-04T18:24,2026-10-01T23:20,27.4
1118848985,OLX,Suzuki Jimny,1998,16.5,https://www.olx.com.pk/item/-iid-1118848985,2026-09-04T13:22,2026-10-01T23:20,16.5
11950112,PakWheels,Suzuki Wagon R,2007,21.5,https://www.pakwheels.com/used-cars/suzuki-wagon-r-2007-for-sale-in-rawalpindi-11950112,2026-09-04T13:22,2026-10-01T23:20,21.5
1118784002,OLX,Toyota Vitz,2004,22.5,https://www.olx.com.pk/item/-iid-1118784002,2026-09-02T13:16,2026-10-01T23:20,22.5
1118900877,OLX,Mazda Carol,2012,23.5,https://www.olx.com.pk/item/-iid-1118900877,2026-09-05T13:05,2026-10-01T23:20,23.5
11950469,PakWheels,Mazda Flair,2014,23.9,https://www.pakwheels.com/used-cars/mazda-flair-crossover-2014-for-sale-in-islamabad-11950469,2026-09-04T13:22,2026-10-01T23:20,23.9
1115668276,OLX,Nissan Dayz,2015,24.0,https://www.olx.com.pk/item/-iid-1115668276,2026-09-07T13:10,2026-10-01T23:20,25.0
1118871875,OLX,Toyota Belta,2006,24.75,https://www.olx.com.pk/item/-iid-1118871875,2026-09-04T13:22,2026-10-01T23:20,25.45
1118777034,OLX,Suzuki Alto Lapin,2015,25.0,https://www.olx.com.pk/item/-iid-1118777034,2026-09-02T13:16,2026-10-01T23:20,25.0
1118922776,OLX,Toyota Belta,2013,25.1,https://www.olx.com.pk/item/-iid-1118922776,2026-09-06T13:18,2026-10-01T23:20,25.1
1118798339,OLX,Toyota Belta,2010,25.5,https://www.olx.com.pk/item/-iid-1118798339,2026-09-02T13:16,2026-10-01T23:20,25.5
1118979559,OLX,Nissan Dayz,2016,25.9,https://www.olx.com.pk/item/-iid-1118979559,2026-09-07T13:10,2026-10-01T23:20,25.9
1118982891,OLX,Daihatsu Tanto,2015,27.3,https://www.olx.com.pk/item/-iid-1118982891,2026-09-07T13:10,2026-10-01T23:20,27.3
1118787675,OLX,Nissan Dayz,2021,27.5,https://www.olx.com.pk/item/-iid-1118787675,2026-09-02T13:16,2026-10-01T23:20,27.5
1117360386,OLX,Suzuki Hustler,2017,30.0,https://www.olx.com.pk/item/-iid-1117360386,2026-09-19T13:27,2026-10-01T23:20,30.0
1112718987,OLX,Daihatsu Boon,2014,30.0,https://www.olx.com.pk/item/-iid-1112718987,2026-09-07T13:10,2026-10-01T23:20,30.0
11224189,PakWheels,Daihatsu Tanto,2013,23.5,https://www.pakwheels.com/used-cars/daihatsu-tanto-2013-for-sale-in-islamabad-11224189,2026-07-30T17:22,2026-10-01T23:20,26.0
11836060,PakWheels,Daihatsu Move,2013,24.0,https://www.pakwheels.com/used-cars/daihatsu-move-2013-for-sale-in-islamabad-11836060,2026-08-09T22:34,2026-10-01T23:20,24.0
11668041,PakWheels,Suzuki Hustler,2019,30.0,https://www.pakwheels.com/used-cars/suzuki-hustler-2019-for-sale-in-rawalpindi-11668041,2026-08-10T11:09,2026-10-01T23:20,30.0
